[ {
  "id" : "8a7d5e23-da1e-420a-b4f0-471e7da8ea2d",
  "assetName" : "content.ff462f88-d9e1-4d31-b084-b73cb61976d3",
  "assetType" : "contentlet",
  "parentPath" : "/",
  "hostId" : "SYSTEM_HOST",
  "sysPublishDate" : null,
  "sysExpireDate" : null,
  "owner" : "dotcms.org.1",
  "createDate" : "2017-12-05T18:37:15.000+00:00",
  "assetSubType" : "Host",
  "parentPermissionable" : null
}, {
  "id" : "a083e942-5fb0-47ef-9619-6f8f40593474",
  "assetName" : "content.52f6c0e2-7978-483b-a0a2-c589044db9e7",
  "assetType" : "contentlet",
  "parentPath" : "/",
  "hostId" : "SYSTEM_HOST",
  "sysPublishDate" : null,
  "sysExpireDate" : null,
  "owner" : "system",
  "createDate" : "2021-06-14T21:32:16.811+00:00",
  "assetSubType" : "DotAsset",
  "parentPermissionable" : null
}, {
  "id" : "SYSTEM_HOST",
  "assetName" : "system host",
  "assetType" : "contentlet",
  "parentPath" : "/",
  "hostId" : "SYSTEM_HOST",
  "sysPublishDate" : null,
  "sysExpireDate" : null,
  "owner" : "system",
  "createDate" : "2009-11-17T12:55:33.000+00:00",
  "assetSubType" : "Host",
  "parentPermissionable" : null
}, {
  "id" : "bc9a1d37-dd2d-4d49-a29d-0c9be740bfaf",
  "assetName" : "system folder",
  "assetType" : "folder",
  "parentPath" : "/System folder",
  "hostId" : "SYSTEM_HOST",
  "sysPublishDate" : null,
  "sysExpireDate" : null,
  "owner" : "system",
  "createDate" : "2009-10-08T16:27:18.000+00:00",
  "assetSubType" : null,
  "parentPermissionable" : null
} ]