[ {
  "inode" : "1b407535-67e3-4f21-ad00-8ef5ef492d64",
  "identifier" : "8a7d5e23-da1e-420a-b4f0-471e7da8ea2d",
  "contentType" : "855a2d72-f2f3-4169-8b04-ac5157c4380c",
  "modDate" : "2023-05-25T21:56:50.282Z",
  "baseType" : "CONTENT",
  "showOnMenu" : false,
  "modUser" : "dotcms.org.1",
  "languageId" : 1,
  "owner" : "dotcms.org.1",
  "sortOrder" : 0,
  "disabledWysiwyg" : [ ],
  "fields" : {
    "hostName" : {
      "value" : "default",
      "type" : "Text"
    },
    "tagStorage" : {
      "value" : "8a7d5e23-da1e-420a-b4f0-471e7da8ea2d",
      "type" : "Custom"
    },
    "isDefault" : {
      "value" : true,
      "type" : "Bool-Hidden"
    },
    "isSystemHost" : {
      "value" : false,
      "type" : "Bool-Hidden"
    },
    "runDashboard" : {
      "value" : false,
      "type" : "Bool-Radio"
    }
  },
  "modelVersion" : "2"
}, {
  "inode" : "3fbda471-5081-4886-999c-f014456e15b4",
  "identifier" : "8a7d5e23-da1e-420a-b4f0-471e7da8ea2d",
  "contentType" : "855a2d72-f2f3-4169-8b04-ac5157c4380c",
  "modDate" : "+52273-02-25T21:31:35Z",
  "baseType" : "CONTENT",
  "showOnMenu" : false,
  "modUser" : "system",
  "languageId" : 1,
  "owner" : "dotcms.org.1",
  "sortOrder" : 0,
  "disabledWysiwyg" : [ ],
  "fields" : {
    "hostName" : {
      "value" : "default",
      "type" : "Text"
    },
    "tagStorage" : {
      "value" : "8a7d5e23-da1e-420a-b4f0-471e7da8ea2d",
      "type" : "Custom"
    },
    "isDefault" : {
      "value" : false,
      "type" : "Bool-Hidden"
    },
    "isSystemHost" : {
      "value" : false,
      "type" : "Bool-Hidden"
    },
    "runDashboard" : {
      "value" : false,
      "type" : "Bool-Radio"
    }
  },
  "modelVersion" : "2"
}, {
  "inode" : "52f6c0e2-7978-483b-a0a2-c589044db9e7",
  "identifier" : "a083e942-5fb0-47ef-9619-6f8f40593474",
  "contentType" : "f2d8a1c7-2b77-2081-bcf1-b5348988c08d",
  "modDate" : "2023-05-25T21:56:50.282Z",
  "baseType" : "DOTASSET",
  "showOnMenu" : false,
  "modUser" : "system",
  "languageId" : 1,
  "owner" : "system",
  "sortOrder" : 0,
  "disabledWysiwyg" : [ ],
  "fields" : {
    "asset" : {
      "value" : "company_logo.png",
      "metadata" : {
        "isImage" : true,
        "sha256" : "6f59e8d34e7b67b14948f228110f14ef13bf2f19d949dc19ea3da08cd7ef74d0",
        "name" : "company_logo.png",
        "contentType" : "image/png"
      },
      "type" : "Binary"
    }
  },
  "modelVersion" : "2"
}, {
  "inode" : "9b477a15-5ea4-4727-8b2b-034a862d87e4",
  "identifier" : "8a7d5e23-da1e-420a-b4f0-471e7da8ea2d",
  "contentType" : "855a2d72-f2f3-4169-8b04-ac5157c4380c",
  "modDate" : "+49899-03-09T20:50:00Z",
  "baseType" : "CONTENT",
  "showOnMenu" : false,
  "modUser" : "dotcms.org.1",
  "languageId" : 1,
  "owner" : "dotcms.org.1",
  "sortOrder" : 0,
  "disabledWysiwyg" : [ ],
  "fields" : {
    "hostName" : {
      "value" : "default",
      "type" : "Text"
    },
    "tagStorage" : {
      "value" : "8a7d5e23-da1e-420a-b4f0-471e7da8ea2d",
      "type" : "Custom"
    },
    "isDefault" : {
      "value" : true,
      "type" : "Bool-Hidden"
    },
    "isSystemHost" : {
      "value" : false,
      "type" : "Bool-Hidden"
    },
    "runDashboard" : {
      "value" : false,
      "type" : "Bool-Radio"
    }
  },
  "modelVersion" : "2"
}, {
  "inode" : "dbdec5e2-c02b-4cfb-83a9-4a4c4f3b2eb0",
  "identifier" : "SYSTEM_HOST",
  "contentType" : "855a2d72-f2f3-4169-8b04-ac5157c4380c",
  "modDate" : "2023-05-25T21:56:50.282Z",
  "baseType" : "CONTENT",
  "showOnMenu" : false,
  "modUser" : "system",
  "languageId" : 1,
  "owner" : "system",
  "sortOrder" : 0,
  "disabledWysiwyg" : [ ],
  "fields" : {
    "hostName" : {
      "value" : "System Host",
      "type" : "Text"
    },
    "aliases" : {
      "value" : "",
      "type" : "TextArea"
    },
    "tagStorage" : {
      "value" : "",
      "type" : "Custom"
    },
    "isDefault" : {
      "value" : false,
      "type" : "Bool-Hidden"
    },
    "isSystemHost" : {
      "value" : true,
      "type" : "Bool-Hidden"
    },
    "runDashboard" : {
      "value" : false,
      "type" : "Bool-Radio"
    }
  },
  "modelVersion" : "2"
} ]