<list>
  <com.dotmarketing.beans.FixAudit>
    <Id>0e126998-9673-4124-9939-1af72a5921df</Id>
    <tableName>contentlet</tableName>
    <action>task 10: Deletes the file assets with no inode</action>
    <recordsAltered>0</recordsAltered>
    <datetime class="sql-timestamp">2010-02-08 00:00:00.0</datetime>
  </com.dotmarketing.beans.FixAudit>
  <com.dotmarketing.beans.FixAudit>
    <Id>14d5c169-74bc-467e-9715-c571de671765</Id>
    <tableName>contentlet</tableName>
    <action>task 10: Deletes the file assets with no inode</action>
    <recordsAltered>0</recordsAltered>
    <datetime class="sql-timestamp">2009-11-08 00:00:00.0</datetime>
  </com.dotmarketing.beans.FixAudit>
  <com.dotmarketing.beans.FixAudit>
    <Id>56460a10-5011-4317-9fd4-19f7a44c06c1</Id>
    <tableName>identifier</tableName>
    <action>task 12: Update Assets Hosts</action>
    <recordsAltered>340</recordsAltered>
    <datetime class="sql-timestamp">2010-03-16 00:00:00.0</datetime>
  </com.dotmarketing.beans.FixAudit>
  <com.dotmarketing.beans.FixAudit>
    <Id>6a144ceb-e65e-414d-86b3-169636c952ef</Id>
    <tableName>contentlet</tableName>
    <action>task 10: Deletes the file assets with no inode</action>
    <recordsAltered>0</recordsAltered>
    <datetime class="sql-timestamp">2010-01-05 00:00:00.0</datetime>
  </com.dotmarketing.beans.FixAudit>
  <com.dotmarketing.beans.FixAudit>
    <Id>71250c7a-553d-4d35-9003-e0ea7ada7c4c</Id>
    <tableName>contentlet</tableName>
    <action>task 10: Deletes the file assets with no inode</action>
    <recordsAltered>0</recordsAltered>
    <datetime class="sql-timestamp">2010-01-14 00:00:00.0</datetime>
  </com.dotmarketing.beans.FixAudit>
  <com.dotmarketing.beans.FixAudit>
    <Id>85d46a7f-2f9d-42fa-b969-ea0f4623936a</Id>
    <tableName>contentlet</tableName>
    <action>task 10: Deletes the file assets with no inode</action>
    <recordsAltered>0</recordsAltered>
    <datetime class="sql-timestamp">2010-02-12 00:00:00.0</datetime>
  </com.dotmarketing.beans.FixAudit>
  <com.dotmarketing.beans.FixAudit>
    <Id>8a203ea9-9704-48a5-966b-75c69747016d</Id>
    <tableName>contentlet</tableName>
    <action>task 10: Deletes the file assets with no inode</action>
    <recordsAltered>0</recordsAltered>
    <datetime class="sql-timestamp">2010-02-23 00:00:00.0</datetime>
  </com.dotmarketing.beans.FixAudit>
  <com.dotmarketing.beans.FixAudit>
    <Id>b879442c-8c32-43a4-b140-0b0540a730cb</Id>
    <tableName>field</tableName>
    <action>task 11: Renaming structure fields with variable name &apos;host&apos;</action>
    <recordsAltered>3</recordsAltered>
    <datetime class="sql-timestamp">2010-03-26 00:00:00.0</datetime>
  </com.dotmarketing.beans.FixAudit>
  <com.dotmarketing.beans.FixAudit>
    <Id>cb5a487c-1203-445c-92b5-49be9875a5c5</Id>
    <tableName>contentlet</tableName>
    <action>task 10: Deletes the file assets with no inode</action>
    <recordsAltered>0</recordsAltered>
    <datetime class="sql-timestamp">2010-01-14 00:00:00.0</datetime>
  </com.dotmarketing.beans.FixAudit>
</list>