<list>
  <com.dotmarketing.business.Role>
    <id>02ae46fa-cb67-4ed8-82d5-f1f9a5e1d744</id>
    <name>Publisher / Legal</name>
    <description></description>
    <DBFQN>02ae46fa-cb67-4ed8-82d5-f1f9a5e1d744</DBFQN>
    <parent>02ae46fa-cb67-4ed8-82d5-f1f9a5e1d744</parent>
    <editPermissions>true</editPermissions>
    <editUsers>true</editUsers>
    <editLayouts>true</editLayouts>
    <locked>false</locked>
    <system>false</system>
  </com.dotmarketing.business.Role>
  <com.dotmarketing.business.Role>
    <id>0d1efa06-a392-44ad-8ace-28c1906043df</id>
    <name>Intranet</name>
    <description></description>
    <DBFQN>0d1efa06-a392-44ad-8ace-28c1906043df</DBFQN>
    <parent>0d1efa06-a392-44ad-8ace-28c1906043df</parent>
    <editPermissions>true</editPermissions>
    <editUsers>true</editUsers>
    <editLayouts>false</editLayouts>
    <locked>false</locked>
    <system>false</system>
  </com.dotmarketing.business.Role>
  <com.dotmarketing.business.Role>
    <id>2adccac3-a56b-4078-be40-94e343f20712</id>
    <name>System</name>
    <description>System roles root</description>
    <roleKey>System</roleKey>
    <DBFQN>2adccac3-a56b-4078-be40-94e343f20712</DBFQN>
    <parent>2adccac3-a56b-4078-be40-94e343f20712</parent>
    <editPermissions>false</editPermissions>
    <editUsers>false</editUsers>
    <editLayouts>true</editLayouts>
    <locked>false</locked>
    <system>true</system>
  </com.dotmarketing.business.Role>
  <com.dotmarketing.business.Role>
    <id>9ac1ff78-71a9-4485-a541-9d1418b17aa4</id>
    <name>Users</name>
    <description>User Roles root</description>
    <roleKey>cms_users</roleKey>
    <DBFQN>9ac1ff78-71a9-4485-a541-9d1418b17aa4</DBFQN>
    <parent>9ac1ff78-71a9-4485-a541-9d1418b17aa4</parent>
    <editPermissions>false</editPermissions>
    <editUsers>false</editUsers>
    <editLayouts>true</editLayouts>
    <locked>false</locked>
    <system>true</system>
  </com.dotmarketing.business.Role>
  <com.dotmarketing.business.Role>
    <id>02088e05-5ff5-43c2-a4fa-11a7272cb199</id>
    <name>CMS User</name>
    <description>CMS User</description>
    <roleKey>CMS User</roleKey>
    <DBFQN>2adccac3-a56b-4078-be40-94e343f20712 --&gt; 02088e05-5ff5-43c2-a4fa-11a7272cb199</DBFQN>
    <parent>2adccac3-a56b-4078-be40-94e343f20712</parent>
    <editPermissions>true</editPermissions>
    <editUsers>true</editUsers>
    <editLayouts>true</editLayouts>
    <locked>false</locked>
    <system>true</system>
  </com.dotmarketing.business.Role>
  <com.dotmarketing.business.Role>
    <id>0da1b909-2d38-4c79-9ba1-7458c3d126f9</id>
    <name>Nick Reviewer</name>
    <description></description>
    <roleKey>dotcms.org.2798</roleKey>
    <DBFQN>9ac1ff78-71a9-4485-a541-9d1418b17aa4 --&gt; 0da1b909-2d38-4c79-9ba1-7458c3d126f9</DBFQN>
    <parent>9ac1ff78-71a9-4485-a541-9d1418b17aa4</parent>
    <editPermissions>true</editPermissions>
    <editUsers>false</editUsers>
    <editLayouts>true</editLayouts>
    <locked>false</locked>
    <system>true</system>
  </com.dotmarketing.business.Role>
  <com.dotmarketing.business.Role>
    <id>15aad986-6d7d-49e3-b643-344158a6e2a1</id>
    <name> </name>
    <description></description>
    <roleKey>dotcms.org.default</roleKey>
    <DBFQN>9ac1ff78-71a9-4485-a541-9d1418b17aa4 --&gt; 15aad986-6d7d-49e3-b643-344158a6e2a1</DBFQN>
    <parent>9ac1ff78-71a9-4485-a541-9d1418b17aa4</parent>
    <editPermissions>true</editPermissions>
    <editUsers>false</editUsers>
    <editLayouts>true</editLayouts>
    <locked>false</locked>
    <system>true</system>
  </com.dotmarketing.business.Role>
  <com.dotmarketing.business.Role>
    <id>1cad5929-b42d-4049-b76e-3ce39e042574</id>
    <name>Chris Publisher</name>
    <description></description>
    <roleKey>dotcms.org.2795</roleKey>
    <DBFQN>9ac1ff78-71a9-4485-a541-9d1418b17aa4 --&gt; 1cad5929-b42d-4049-b76e-3ce39e042574</DBFQN>
    <parent>9ac1ff78-71a9-4485-a541-9d1418b17aa4</parent>
    <editPermissions>true</editPermissions>
    <editUsers>false</editUsers>
    <editLayouts>true</editLayouts>
    <locked>false</locked>
    <system>true</system>
  </com.dotmarketing.business.Role>
  <com.dotmarketing.business.Role>
    <id>1cddb9f9-2443-49f8-a51d-f24f1d7622ac</id>
    <name>Report Editor</name>
    <description></description>
    <roleKey>Report Editor</roleKey>
    <DBFQN>2adccac3-a56b-4078-be40-94e343f20712 --&gt; 1cddb9f9-2443-49f8-a51d-f24f1d7622ac</DBFQN>
    <parent>2adccac3-a56b-4078-be40-94e343f20712</parent>
    <editPermissions>true</editPermissions>
    <editUsers>true</editUsers>
    <editLayouts>true</editLayouts>
    <locked>false</locked>
    <system>true</system>
  </com.dotmarketing.business.Role>
  <com.dotmarketing.business.Role>
    <id>2549f855-269d-45b9-9d92-0551d81a6155</id>
    <name>Jane  Reviewer</name>
    <description></description>
    <roleKey>dotcms.org.2787</roleKey>
    <DBFQN>9ac1ff78-71a9-4485-a541-9d1418b17aa4 --&gt; 2549f855-269d-45b9-9d92-0551d81a6155</DBFQN>
    <parent>9ac1ff78-71a9-4485-a541-9d1418b17aa4</parent>
    <editPermissions>true</editPermissions>
    <editUsers>false</editUsers>
    <editLayouts>true</editLayouts>
    <locked>false</locked>
    <system>true</system>
  </com.dotmarketing.business.Role>
  <com.dotmarketing.business.Role>
    <id>276c9923-bd92-43d9-9c27-e86a05eb942d</id>
    <name>Guest Guest</name>
    <description></description>
    <roleKey>dotcms.org.2775</roleKey>
    <DBFQN>9ac1ff78-71a9-4485-a541-9d1418b17aa4 --&gt; 276c9923-bd92-43d9-9c27-e86a05eb942d</DBFQN>
    <parent>9ac1ff78-71a9-4485-a541-9d1418b17aa4</parent>
    <editPermissions>true</editPermissions>
    <editUsers>false</editUsers>
    <editLayouts>true</editLayouts>
    <locked>false</locked>
    <system>true</system>
  </com.dotmarketing.business.Role>
  <com.dotmarketing.business.Role>
    <id>29e0af9e-0e60-48ee-b9f7-1453d94d9cb6</id>
    <name>Form Editor</name>
    <description>Form Editor</description>
    <roleKey>Form Editor</roleKey>
    <DBFQN>2adccac3-a56b-4078-be40-94e343f20712 --&gt; 29e0af9e-0e60-48ee-b9f7-1453d94d9cb6</DBFQN>
    <parent>2adccac3-a56b-4078-be40-94e343f20712</parent>
    <editPermissions>true</editPermissions>
    <editUsers>true</editUsers>
    <editLayouts>true</editLayouts>
    <locked>false</locked>
    <system>true</system>
  </com.dotmarketing.business.Role>
  <com.dotmarketing.business.Role>
    <id>2bef80c3-e0c7-4d38-8ede-c29930ef29f0</id>
    <name>Retailer Intranet</name>
    <description></description>
    <roleKey>dotcms.org.2783</roleKey>
    <DBFQN>9ac1ff78-71a9-4485-a541-9d1418b17aa4 --&gt; 2bef80c3-e0c7-4d38-8ede-c29930ef29f0</DBFQN>
    <parent>9ac1ff78-71a9-4485-a541-9d1418b17aa4</parent>
    <editPermissions>true</editPermissions>
    <editUsers>false</editUsers>
    <editLayouts>true</editLayouts>
    <locked>false</locked>
    <system>true</system>
  </com.dotmarketing.business.Role>
  <com.dotmarketing.business.Role>
    <id>3b2a7733-10ab-4ecb-bc68-880d8ff73c7c</id>
    <name>Web Master</name>
    <description></description>
    <roleKey>dotcms.org.2771</roleKey>
    <DBFQN>9ac1ff78-71a9-4485-a541-9d1418b17aa4 --&gt; 3b2a7733-10ab-4ecb-bc68-880d8ff73c7c</DBFQN>
    <parent>9ac1ff78-71a9-4485-a541-9d1418b17aa4</parent>
    <editPermissions>true</editPermissions>
    <editUsers>false</editUsers>
    <editLayouts>true</editLayouts>
    <locked>false</locked>
    <system>true</system>
  </com.dotmarketing.business.Role>
  <com.dotmarketing.business.Role>
    <id>4cbf531f-7792-42b5-921f-5def07d3b361</id>
    <name>Limited User</name>
    <description></description>
    <roleKey>dotcms.org.2765</roleKey>
    <DBFQN>9ac1ff78-71a9-4485-a541-9d1418b17aa4 --&gt; 4cbf531f-7792-42b5-921f-5def07d3b361</DBFQN>
    <parent>9ac1ff78-71a9-4485-a541-9d1418b17aa4</parent>
    <editPermissions>true</editPermissions>
    <editUsers>false</editUsers>
    <editLayouts>true</editLayouts>
    <locked>false</locked>
    <system>true</system>
  </com.dotmarketing.business.Role>
  <com.dotmarketing.business.Role>
    <id>4ddc54dc-b02e-4a35-a9b9-0ae11a073256</id>
    <name>Bill Intranet</name>
    <description></description>
    <roleKey>dotcms.org.2806</roleKey>
    <DBFQN>9ac1ff78-71a9-4485-a541-9d1418b17aa4 --&gt; 4ddc54dc-b02e-4a35-a9b9-0ae11a073256</DBFQN>
    <parent>9ac1ff78-71a9-4485-a541-9d1418b17aa4</parent>
    <editPermissions>true</editPermissions>
    <editUsers>false</editUsers>
    <editLayouts>true</editLayouts>
    <locked>false</locked>
    <system>true</system>
  </com.dotmarketing.business.Role>
  <com.dotmarketing.business.Role>
    <id>654b0931-1027-41f7-ad4d-173115ed8ec1</id>
    <name>CMS Anonymous</name>
    <description></description>
    <roleKey>CMS Anonymous</roleKey>
    <DBFQN>2adccac3-a56b-4078-be40-94e343f20712 --&gt; 654b0931-1027-41f7-ad4d-173115ed8ec1</DBFQN>
    <parent>2adccac3-a56b-4078-be40-94e343f20712</parent>
    <editPermissions>true</editPermissions>
    <editUsers>true</editUsers>
    <editLayouts>true</editLayouts>
    <locked>false</locked>
    <system>true</system>
  </com.dotmarketing.business.Role>
  <com.dotmarketing.business.Role>
    <id>6b1fa42f-8729-4625-80d1-17e4ef691ce7</id>
    <name>CMS Owner</name>
    <description></description>
    <roleKey>CMS Owner</roleKey>
    <DBFQN>2adccac3-a56b-4078-be40-94e343f20712 --&gt; 6b1fa42f-8729-4625-80d1-17e4ef691ce7</DBFQN>
    <parent>2adccac3-a56b-4078-be40-94e343f20712</parent>
    <editPermissions>true</editPermissions>
    <editUsers>true</editUsers>
    <editLayouts>true</editLayouts>
    <locked>false</locked>
    <system>true</system>
  </com.dotmarketing.business.Role>
  <com.dotmarketing.business.Role>
    <id>6ea5fcab-7235-4bcd-93ed-7841452b958f</id>
    <name>Limited User</name>
    <description></description>
    <roleKey>dotcms.org.2482</roleKey>
    <DBFQN>9ac1ff78-71a9-4485-a541-9d1418b17aa4 --&gt; 6ea5fcab-7235-4bcd-93ed-7841452b958f</DBFQN>
    <parent>9ac1ff78-71a9-4485-a541-9d1418b17aa4</parent>
    <editPermissions>true</editPermissions>
    <editUsers>false</editUsers>
    <editLayouts>true</editLayouts>
    <locked>false</locked>
    <system>true</system>
  </com.dotmarketing.business.Role>
  <com.dotmarketing.business.Role>
    <id>6f9d5449-8f48-4179-a2ad-1983d6217fef</id>
    <name>Login As</name>
    <description></description>
    <roleKey>Login As</roleKey>
    <DBFQN>2adccac3-a56b-4078-be40-94e343f20712 --&gt; 6f9d5449-8f48-4179-a2ad-1983d6217fef</DBFQN>
    <parent>2adccac3-a56b-4078-be40-94e343f20712</parent>
    <editPermissions>true</editPermissions>
    <editUsers>true</editUsers>
    <editLayouts>true</editLayouts>
    <locked>false</locked>
    <system>true</system>
  </com.dotmarketing.business.Role>
  <com.dotmarketing.business.Role>
    <id>73ec980e-d74f-4cec-a4d0-e319061e20b9</id>
    <name>Admin2 User</name>
    <description></description>
    <roleKey>dotcms.org.2808</roleKey>
    <DBFQN>9ac1ff78-71a9-4485-a541-9d1418b17aa4 --&gt; 73ec980e-d74f-4cec-a4d0-e319061e20b9</DBFQN>
    <parent>9ac1ff78-71a9-4485-a541-9d1418b17aa4</parent>
    <editPermissions>true</editPermissions>
    <editUsers>false</editUsers>
    <editLayouts>true</editLayouts>
    <locked>false</locked>
    <system>true</system>
  </com.dotmarketing.business.Role>
  <com.dotmarketing.business.Role>
    <id>742c9eb3-8651-4df4-b1dc-00c8c64aee4f</id>
    <name>LDAP User</name>
    <description></description>
    <roleKey>LDAP User</roleKey>
    <DBFQN>2adccac3-a56b-4078-be40-94e343f20712 --&gt; 742c9eb3-8651-4df4-b1dc-00c8c64aee4f</DBFQN>
    <parent>2adccac3-a56b-4078-be40-94e343f20712</parent>
    <editPermissions>true</editPermissions>
    <editUsers>true</editUsers>
    <editLayouts>true</editLayouts>
    <locked>false</locked>
    <system>true</system>
  </com.dotmarketing.business.Role>
  <com.dotmarketing.business.Role>
    <id>7f445cf6-1c6d-459e-89f2-20faabe1a001</id>
    <name>CMS Power User</name>
    <description>CMS Power User</description>
    <roleKey>CMS Power User</roleKey>
    <DBFQN>2adccac3-a56b-4078-be40-94e343f20712 --&gt; 7f445cf6-1c6d-459e-89f2-20faabe1a001</DBFQN>
    <parent>2adccac3-a56b-4078-be40-94e343f20712</parent>
    <editPermissions>true</editPermissions>
    <editUsers>true</editUsers>
    <editLayouts>true</editLayouts>
    <locked>false</locked>
    <system>true</system>
  </com.dotmarketing.business.Role>
  <com.dotmarketing.business.Role>
    <id>8670b1f4-a8d1-4bcf-9d69-3c7fcfca37f0</id>
    <name>Joe News Contributor</name>
    <description></description>
    <roleKey>dotcms.org.2777</roleKey>
    <DBFQN>9ac1ff78-71a9-4485-a541-9d1418b17aa4 --&gt; 8670b1f4-a8d1-4bcf-9d69-3c7fcfca37f0</DBFQN>
    <parent>9ac1ff78-71a9-4485-a541-9d1418b17aa4</parent>
    <editPermissions>true</editPermissions>
    <editUsers>false</editUsers>
    <editLayouts>true</editLayouts>
    <locked>false</locked>
    <system>true</system>
  </com.dotmarketing.business.Role>
  <com.dotmarketing.business.Role>
    <id>88ad9520-70a6-47c3-90cc-91bf0b20ed91</id>
    <name>Events User</name>
    <description>Events User</description>
    <roleKey>Events User</roleKey>
    <DBFQN>2adccac3-a56b-4078-be40-94e343f20712 --&gt; 88ad9520-70a6-47c3-90cc-91bf0b20ed91</DBFQN>
    <parent>2adccac3-a56b-4078-be40-94e343f20712</parent>
    <editPermissions>true</editPermissions>
    <editUsers>true</editUsers>
    <editLayouts>true</editLayouts>
    <locked>false</locked>
    <system>true</system>
  </com.dotmarketing.business.Role>
  <com.dotmarketing.business.Role>
    <id>892ab105-f212-407f-8fb4-58ec59310a5e</id>
    <name>CMS Administrator</name>
    <description></description>
    <roleKey>CMS Administrator</roleKey>
    <DBFQN>2adccac3-a56b-4078-be40-94e343f20712 --&gt; 892ab105-f212-407f-8fb4-58ec59310a5e</DBFQN>
    <parent>2adccac3-a56b-4078-be40-94e343f20712</parent>
    <editPermissions>false</editPermissions>
    <editUsers>true</editUsers>
    <editLayouts>true</editLayouts>
    <locked>false</locked>
    <system>true</system>
  </com.dotmarketing.business.Role>
  <com.dotmarketing.business.Role>
    <id>89676cc9-fb8f-44aa-adea-938b6f7656b5</id>
    <name>Joe Contributor</name>
    <description></description>
    <roleKey>dotcms.org.2789</roleKey>
    <DBFQN>9ac1ff78-71a9-4485-a541-9d1418b17aa4 --&gt; 89676cc9-fb8f-44aa-adea-938b6f7656b5</DBFQN>
    <parent>9ac1ff78-71a9-4485-a541-9d1418b17aa4</parent>
    <editPermissions>true</editPermissions>
    <editUsers>false</editUsers>
    <editLayouts>true</editLayouts>
    <locked>false</locked>
    <system>true</system>
  </com.dotmarketing.business.Role>
  <com.dotmarketing.business.Role>
    <id>8b21a705-5deb-4572-8752-fa0c25c34332</id>
    <name>Administrator</name>
    <description>Administrator</description>
    <roleKey>Administrator</roleKey>
    <DBFQN>2adccac3-a56b-4078-be40-94e343f20712 --&gt; 8b21a705-5deb-4572-8752-fa0c25c34332</DBFQN>
    <parent>2adccac3-a56b-4078-be40-94e343f20712</parent>
    <editPermissions>true</editPermissions>
    <editUsers>true</editUsers>
    <editLayouts>true</editLayouts>
    <locked>false</locked>
    <system>true</system>
  </com.dotmarketing.business.Role>
  <com.dotmarketing.business.Role>
    <id>94f53f5d-4ee6-40c8-915c-60ca5a3d257c</id>
    <name>Mailing Lists Administrator</name>
    <description>Mailing Lists Administrator</description>
    <roleKey>Mailing Lists Administrator</roleKey>
    <DBFQN>2adccac3-a56b-4078-be40-94e343f20712 --&gt; 94f53f5d-4ee6-40c8-915c-60ca5a3d257c</DBFQN>
    <parent>2adccac3-a56b-4078-be40-94e343f20712</parent>
    <editPermissions>true</editPermissions>
    <editUsers>true</editUsers>
    <editLayouts>true</editLayouts>
    <locked>false</locked>
    <system>true</system>
  </com.dotmarketing.business.Role>
  <com.dotmarketing.business.Role>
    <id>999cd6bf-5cef-4729-8543-696086143884</id>
    <name>LoggedIn Site User</name>
    <description></description>
    <roleKey>LoggedIn Site User</roleKey>
    <DBFQN>2adccac3-a56b-4078-be40-94e343f20712 --&gt; 999cd6bf-5cef-4729-8543-696086143884</DBFQN>
    <parent>2adccac3-a56b-4078-be40-94e343f20712</parent>
    <editPermissions>true</editPermissions>
    <editUsers>true</editUsers>
    <editLayouts>true</editLayouts>
    <locked>false</locked>
    <system>true</system>
  </com.dotmarketing.business.Role>
  <com.dotmarketing.business.Role>
    <id>a21a472c-ad20-4bcd-b395-6f1195100142</id>
    <name>Publisher Jane</name>
    <description></description>
    <roleKey>dotcms.org.2769</roleKey>
    <DBFQN>9ac1ff78-71a9-4485-a541-9d1418b17aa4 --&gt; a21a472c-ad20-4bcd-b395-6f1195100142</DBFQN>
    <parent>9ac1ff78-71a9-4485-a541-9d1418b17aa4</parent>
    <editPermissions>true</editPermissions>
    <editUsers>false</editUsers>
    <editLayouts>true</editLayouts>
    <locked>false</locked>
    <system>true</system>
  </com.dotmarketing.business.Role>
  <com.dotmarketing.business.Role>
    <id>a2d88e69-d575-45ec-9b52-0dc3a51468ed</id>
    <name>Campaign Manager Admin</name>
    <description></description>
    <roleKey>Campaign Manager Admin</roleKey>
    <DBFQN>2adccac3-a56b-4078-be40-94e343f20712 --&gt; a2d88e69-d575-45ec-9b52-0dc3a51468ed</DBFQN>
    <parent>2adccac3-a56b-4078-be40-94e343f20712</parent>
    <editPermissions>true</editPermissions>
    <editUsers>true</editUsers>
    <editLayouts>true</editLayouts>
    <locked>false</locked>
    <system>true</system>
  </com.dotmarketing.business.Role>
  <com.dotmarketing.business.Role>
    <id>add6b779-0da8-47e2-89da-e002a3a16837</id>
    <name>Steve Contributor</name>
    <description></description>
    <roleKey>dotcms.org.2791</roleKey>
    <DBFQN>9ac1ff78-71a9-4485-a541-9d1418b17aa4 --&gt; add6b779-0da8-47e2-89da-e002a3a16837</DBFQN>
    <parent>9ac1ff78-71a9-4485-a541-9d1418b17aa4</parent>
    <editPermissions>true</editPermissions>
    <editUsers>false</editUsers>
    <editLayouts>true</editLayouts>
    <locked>false</locked>
    <system>true</system>
  </com.dotmarketing.business.Role>
  <com.dotmarketing.business.Role>
    <id>b9236d3a-41d4-4efd-a695-cb0f758cbf86</id>
    <name>Guest</name>
    <description></description>
    <DBFQN>2adccac3-a56b-4078-be40-94e343f20712 --&gt; b9236d3a-41d4-4efd-a695-cb0f758cbf86</DBFQN>
    <parent>2adccac3-a56b-4078-be40-94e343f20712</parent>
    <editPermissions>true</editPermissions>
    <editUsers>true</editUsers>
    <editLayouts>true</editLayouts>
    <locked>false</locked>
    <system>false</system>
  </com.dotmarketing.business.Role>
  <com.dotmarketing.business.Role>
    <id>d3e78673-044a-4e1e-a38a-56f48cc6d5a5</id>
    <name>Campaign Manager Viewer</name>
    <description></description>
    <roleKey>Campaign Manager Viewer</roleKey>
    <DBFQN>2adccac3-a56b-4078-be40-94e343f20712 --&gt; d3e78673-044a-4e1e-a38a-56f48cc6d5a5</DBFQN>
    <parent>2adccac3-a56b-4078-be40-94e343f20712</parent>
    <editPermissions>true</editPermissions>
    <editUsers>true</editUsers>
    <editLayouts>true</editLayouts>
    <locked>false</locked>
    <system>true</system>
  </com.dotmarketing.business.Role>
  <com.dotmarketing.business.Role>
    <id>d8beb217-1889-40dd-99ad-fbd3cab7c426</id>
    <name>Mailing List Editor</name>
    <description></description>
    <roleKey>Mailing List Editor</roleKey>
    <DBFQN>2adccac3-a56b-4078-be40-94e343f20712 --&gt; d8beb217-1889-40dd-99ad-fbd3cab7c426</DBFQN>
    <parent>2adccac3-a56b-4078-be40-94e343f20712</parent>
    <editPermissions>true</editPermissions>
    <editUsers>true</editUsers>
    <editLayouts>true</editLayouts>
    <locked>false</locked>
    <system>true</system>
  </com.dotmarketing.business.Role>
  <com.dotmarketing.business.Role>
    <id>daf5e2a0-42c7-4799-9d6b-4580bbe6c498</id>
    <name>Power User</name>
    <description></description>
    <roleKey>Power User</roleKey>
    <DBFQN>2adccac3-a56b-4078-be40-94e343f20712 --&gt; daf5e2a0-42c7-4799-9d6b-4580bbe6c498</DBFQN>
    <parent>2adccac3-a56b-4078-be40-94e343f20712</parent>
    <editPermissions>true</editPermissions>
    <editUsers>true</editUsers>
    <editLayouts>true</editLayouts>
    <locked>false</locked>
    <system>true</system>
  </com.dotmarketing.business.Role>
  <com.dotmarketing.business.Role>
    <id>dbd027dc-9587-422f-a8be-c7c1ddd08691</id>
    <name>Report Administrator</name>
    <description></description>
    <roleKey>Report Administrator</roleKey>
    <DBFQN>2adccac3-a56b-4078-be40-94e343f20712 --&gt; dbd027dc-9587-422f-a8be-c7c1ddd08691</DBFQN>
    <parent>2adccac3-a56b-4078-be40-94e343f20712</parent>
    <editPermissions>true</editPermissions>
    <editUsers>true</editUsers>
    <editLayouts>true</editLayouts>
    <locked>false</locked>
    <system>true</system>
  </com.dotmarketing.business.Role>
  <com.dotmarketing.business.Role>
    <id>e36988eb-f206-4fd3-a06c-6a746d30a772</id>
    <name>Reviewer</name>
    <description></description>
    <DBFQN>02ae46fa-cb67-4ed8-82d5-f1f9a5e1d744 --&gt; e36988eb-f206-4fd3-a06c-6a746d30a772</DBFQN>
    <parent>02ae46fa-cb67-4ed8-82d5-f1f9a5e1d744</parent>
    <editPermissions>true</editPermissions>
    <editUsers>true</editUsers>
    <editLayouts>true</editLayouts>
    <locked>false</locked>
    <system>false</system>
  </com.dotmarketing.business.Role>
  <com.dotmarketing.business.Role>
    <id>e37accbd-6a67-4ff4-adfe-cff423030a0b</id>
    <name>Corporate Intranet</name>
    <description></description>
    <roleKey>dotcms.org.2773</roleKey>
    <DBFQN>9ac1ff78-71a9-4485-a541-9d1418b17aa4 --&gt; e37accbd-6a67-4ff4-adfe-cff423030a0b</DBFQN>
    <parent>9ac1ff78-71a9-4485-a541-9d1418b17aa4</parent>
    <editPermissions>true</editPermissions>
    <editUsers>false</editUsers>
    <editLayouts>true</editLayouts>
    <locked>true</locked>
    <system>true</system>
  </com.dotmarketing.business.Role>
  <com.dotmarketing.business.Role>
    <id>e3bca93b-5179-439b-9fd4-565345c7dc8c</id>
    <name>Daniel Publisher</name>
    <description></description>
    <roleKey>dotcms.org.2793</roleKey>
    <DBFQN>9ac1ff78-71a9-4485-a541-9d1418b17aa4 --&gt; e3bca93b-5179-439b-9fd4-565345c7dc8c</DBFQN>
    <parent>9ac1ff78-71a9-4485-a541-9d1418b17aa4</parent>
    <editPermissions>true</editPermissions>
    <editUsers>false</editUsers>
    <editLayouts>true</editLayouts>
    <locked>false</locked>
    <system>true</system>
  </com.dotmarketing.business.Role>
  <com.dotmarketing.business.Role>
    <id>e65dc8bc-6a4f-4170-a55c-74fa110285be</id>
    <name>Jane News Editor</name>
    <description></description>
    <roleKey>dotcms.org.2779</roleKey>
    <DBFQN>9ac1ff78-71a9-4485-a541-9d1418b17aa4 --&gt; e65dc8bc-6a4f-4170-a55c-74fa110285be</DBFQN>
    <parent>9ac1ff78-71a9-4485-a541-9d1418b17aa4</parent>
    <editPermissions>true</editPermissions>
    <editUsers>false</editUsers>
    <editLayouts>true</editLayouts>
    <locked>false</locked>
    <system>true</system>
  </com.dotmarketing.business.Role>
  <com.dotmarketing.business.Role>
    <id>e7d4e34e-5127-45fc-8123-d48b62d510e3</id>
    <name>Admin User</name>
    <description></description>
    <roleKey>dotcms.org.1</roleKey>
    <DBFQN>9ac1ff78-71a9-4485-a541-9d1418b17aa4 --&gt; e7d4e34e-5127-45fc-8123-d48b62d510e3</DBFQN>
    <parent>9ac1ff78-71a9-4485-a541-9d1418b17aa4</parent>
    <editPermissions>true</editPermissions>
    <editUsers>false</editUsers>
    <editLayouts>true</editLayouts>
    <locked>false</locked>
    <system>true</system>
  </com.dotmarketing.business.Role>
  <com.dotmarketing.business.Role>
    <id>e828467a-f128-4d3c-8873-d967631bf130</id>
    <name>Events Administrator</name>
    <description></description>
    <roleKey>Events Administrator</roleKey>
    <DBFQN>2adccac3-a56b-4078-be40-94e343f20712 --&gt; e828467a-f128-4d3c-8873-d967631bf130</DBFQN>
    <parent>2adccac3-a56b-4078-be40-94e343f20712</parent>
    <editPermissions>true</editPermissions>
    <editUsers>true</editUsers>
    <editLayouts>true</editLayouts>
    <locked>false</locked>
    <system>true</system>
  </com.dotmarketing.business.Role>
  <com.dotmarketing.business.Role>
    <id>edecd377-2321-4803-aa8b-89797dd0d61f</id>
    <name>anonymous user</name>
    <description></description>
    <roleKey>anonymous</roleKey>
    <DBFQN>9ac1ff78-71a9-4485-a541-9d1418b17aa4 --&gt; edecd377-2321-4803-aa8b-89797dd0d61f</DBFQN>
    <parent>9ac1ff78-71a9-4485-a541-9d1418b17aa4</parent>
    <editPermissions>true</editPermissions>
    <editUsers>false</editUsers>
    <editLayouts>true</editLayouts>
    <locked>false</locked>
    <system>true</system>
  </com.dotmarketing.business.Role>
  <com.dotmarketing.business.Role>
    <id>efaae597-c6d2-4636-9061-8c47a454ea30</id>
    <name>User Manager Editor</name>
    <description></description>
    <roleKey>User Manager Editor</roleKey>
    <DBFQN>2adccac3-a56b-4078-be40-94e343f20712 --&gt; efaae597-c6d2-4636-9061-8c47a454ea30</DBFQN>
    <parent>2adccac3-a56b-4078-be40-94e343f20712</parent>
    <editPermissions>true</editPermissions>
    <editUsers>true</editUsers>
    <editLayouts>true</editLayouts>
    <locked>false</locked>
    <system>true</system>
  </com.dotmarketing.business.Role>
  <com.dotmarketing.business.Role>
    <id>f10eab25-ab4b-444f-b1b5-15a1a5948024</id>
    <name>User Manager Administrator</name>
    <description></description>
    <roleKey>User Manager Administrator</roleKey>
    <DBFQN>2adccac3-a56b-4078-be40-94e343f20712 --&gt; f10eab25-ab4b-444f-b1b5-15a1a5948024</DBFQN>
    <parent>2adccac3-a56b-4078-be40-94e343f20712</parent>
    <editPermissions>true</editPermissions>
    <editUsers>true</editUsers>
    <editLayouts>true</editLayouts>
    <locked>false</locked>
    <system>true</system>
  </com.dotmarketing.business.Role>
  <com.dotmarketing.business.Role>
    <id>f3fed6bd-cf80-465f-8e61-d9bfa480c23a</id>
    <name>Campaign Manager Editor</name>
    <description></description>
    <roleKey>Campaign Manager Editor</roleKey>
    <DBFQN>2adccac3-a56b-4078-be40-94e343f20712 --&gt; f3fed6bd-cf80-465f-8e61-d9bfa480c23a</DBFQN>
    <parent>2adccac3-a56b-4078-be40-94e343f20712</parent>
    <editPermissions>true</editPermissions>
    <editUsers>true</editUsers>
    <editLayouts>true</editLayouts>
    <locked>false</locked>
    <system>true</system>
  </com.dotmarketing.business.Role>
  <com.dotmarketing.business.Role>
    <id>f4837c7f-e753-47ff-8626-54383974a5e6</id>
    <name>User</name>
    <description></description>
    <roleKey>User</roleKey>
    <DBFQN>2adccac3-a56b-4078-be40-94e343f20712 --&gt; f4837c7f-e753-47ff-8626-54383974a5e6</DBFQN>
    <parent>2adccac3-a56b-4078-be40-94e343f20712</parent>
    <editPermissions>true</editPermissions>
    <editUsers>true</editUsers>
    <editLayouts>true</editLayouts>
    <locked>false</locked>
    <system>true</system>
  </com.dotmarketing.business.Role>
  <com.dotmarketing.business.Role>
    <id>f8ac2f2c-d4db-451d-8c5c-165d8276b266</id>
    <name>Report Viewer</name>
    <description></description>
    <roleKey>Report Viewer</roleKey>
    <DBFQN>2adccac3-a56b-4078-be40-94e343f20712 --&gt; f8ac2f2c-d4db-451d-8c5c-165d8276b266</DBFQN>
    <parent>2adccac3-a56b-4078-be40-94e343f20712</parent>
    <editPermissions>true</editPermissions>
    <editUsers>true</editUsers>
    <editLayouts>true</editLayouts>
    <locked>false</locked>
    <system>true</system>
  </com.dotmarketing.business.Role>
  <com.dotmarketing.business.Role>
    <id>f923366a-b1a3-41d5-9d6a-f10c1f58c511</id>
    <name>Ecomm User</name>
    <description>Ecomm User</description>
    <roleKey>Ecomm User</roleKey>
    <DBFQN>2adccac3-a56b-4078-be40-94e343f20712 --&gt; f923366a-b1a3-41d5-9d6a-f10c1f58c511</DBFQN>
    <parent>2adccac3-a56b-4078-be40-94e343f20712</parent>
    <editPermissions>true</editPermissions>
    <editUsers>true</editUsers>
    <editLayouts>true</editLayouts>
    <locked>false</locked>
    <system>true</system>
  </com.dotmarketing.business.Role>
  <com.dotmarketing.business.Role>
    <id>fc7229a0-df95-41f6-b045-6b230667f823</id>
    <name>Dave Smith</name>
    <description></description>
    <roleKey>dotcms.org.2802</roleKey>
    <DBFQN>9ac1ff78-71a9-4485-a541-9d1418b17aa4 --&gt; fc7229a0-df95-41f6-b045-6b230667f823</DBFQN>
    <parent>9ac1ff78-71a9-4485-a541-9d1418b17aa4</parent>
    <editPermissions>true</editPermissions>
    <editUsers>false</editUsers>
    <editLayouts>true</editLayouts>
    <locked>false</locked>
    <system>true</system>
  </com.dotmarketing.business.Role>
  <com.dotmarketing.business.Role>
    <id>ff4d1504-a077-4874-b89b-9844d10d5b6d</id>
    <name>Scripting User</name>
    <description></description>
    <roleKey>Scripting Developer</roleKey>
    <DBFQN>2adccac3-a56b-4078-be40-94e343f20712 --&gt; ff4d1504-a077-4874-b89b-9844d10d5b6d</DBFQN>
    <parent>2adccac3-a56b-4078-be40-94e343f20712</parent>
    <editPermissions>false</editPermissions>
    <editUsers>true</editUsers>
    <editLayouts>false</editLayouts>
    <locked>false</locked>
    <system>false</system>
  </com.dotmarketing.business.Role>
  <com.dotmarketing.business.Role>
    <id>db0d2bca-5da5-4c18-b5d7-87f02ba58eb6</id>
    <name>Contributor</name>
    <description></description>
    <DBFQN>02ae46fa-cb67-4ed8-82d5-f1f9a5e1d744 --&gt; e36988eb-f206-4fd3-a06c-6a746d30a772 --&gt; db0d2bca-5da5-4c18-b5d7-87f02ba58eb6</DBFQN>
    <parent>e36988eb-f206-4fd3-a06c-6a746d30a772</parent>
    <editPermissions>true</editPermissions>
    <editUsers>true</editUsers>
    <editLayouts>true</editLayouts>
    <locked>false</locked>
    <system>false</system>
  </com.dotmarketing.business.Role>
</list>