<list>
  <com.dotmarketing.portlets.containers.model.ContainerVersionInfo>
    <identifier>18b44489-f942-40ed-90d9-f20dbdfe689e</identifier>
    <liveInode>5f97a171-0830-43b4-a28c-8740f721347f</liveInode>
    <workingInode>5f97a171-0830-43b4-a28c-8740f721347f</workingInode>
    <lockedOn class="sql-timestamp">2012-10-01 10:24:40.139</lockedOn>
    <deleted>false</deleted>
    <versionTs class="sql-timestamp">2012-10-01 10:24:40.141</versionTs>
  </com.dotmarketing.portlets.containers.model.ContainerVersionInfo>
  <com.dotmarketing.portlets.containers.model.ContainerVersionInfo>
    <identifier>214d7269-242b-4cf5-a3d7-59052d81e540</identifier>
    <liveInode>8fa009cb-818e-4283-b373-a2bba2817fae</liveInode>
    <workingInode>8fa009cb-818e-4283-b373-a2bba2817fae</workingInode>
    <lockedOn class="sql-timestamp">2012-09-28 11:56:39.972</lockedOn>
    <deleted>false</deleted>
    <versionTs class="sql-timestamp">2012-09-28 11:56:39.974</versionTs>
  </com.dotmarketing.portlets.containers.model.ContainerVersionInfo>
  <com.dotmarketing.portlets.containers.model.ContainerVersionInfo>
    <identifier>3f0255e8-b45d-46ea-8bb7-eb6597db4c1e</identifier>
    <liveInode>feb5421e-8931-4cf0-9b47-4866fe060a17</liveInode>
    <workingInode>feb5421e-8931-4cf0-9b47-4866fe060a17</workingInode>
    <lockedOn class="sql-timestamp">2012-09-06 13:58:09.564</lockedOn>
    <deleted>false</deleted>
    <versionTs class="sql-timestamp">2012-09-06 13:58:09.565</versionTs>
  </com.dotmarketing.portlets.containers.model.ContainerVersionInfo>
  <com.dotmarketing.portlets.containers.model.ContainerVersionInfo>
    <identifier>55aca12f-0d1c-4733-aae3-28b96cf36895</identifier>
    <liveInode>acccf8de-ff53-425f-b687-57904b770a64</liveInode>
    <workingInode>acccf8de-ff53-425f-b687-57904b770a64</workingInode>
    <lockedOn class="sql-timestamp">2012-03-27 00:00:00.0</lockedOn>
    <deleted>false</deleted>
    <versionTs class="sql-timestamp">2012-05-04 13:38:27.842488</versionTs>
  </com.dotmarketing.portlets.containers.model.ContainerVersionInfo>
  <com.dotmarketing.portlets.containers.model.ContainerVersionInfo>
    <identifier>56bd55ea-b04b-480d-9e37-5d6f9217dcc3</identifier>
    <liveInode>99f668a6-0dd7-4288-94cf-7ac9bf0f287d</liveInode>
    <workingInode>99f668a6-0dd7-4288-94cf-7ac9bf0f287d</workingInode>
    <lockedOn class="sql-timestamp">2012-08-29 14:00:46.457</lockedOn>
    <deleted>false</deleted>
    <versionTs class="sql-timestamp">2012-08-29 14:00:46.458</versionTs>
  </com.dotmarketing.portlets.containers.model.ContainerVersionInfo>
  <com.dotmarketing.portlets.containers.model.ContainerVersionInfo>
    <identifier>5d40ab00-33c0-429f-9d97-9608236cf22f</identifier>
    <liveInode>ed3e62f8-6d49-4f00-84c5-4bf53ed48eea</liveInode>
    <workingInode>ed3e62f8-6d49-4f00-84c5-4bf53ed48eea</workingInode>
    <lockedOn class="sql-timestamp">2012-07-27 11:37:32.393</lockedOn>
    <deleted>false</deleted>
    <versionTs class="sql-timestamp">2012-07-27 11:37:32.402</versionTs>
  </com.dotmarketing.portlets.containers.model.ContainerVersionInfo>
  <com.dotmarketing.portlets.containers.model.ContainerVersionInfo>
    <identifier>5eb11b21-6b13-4fb8-a823-1de20bba56c0</identifier>
    <liveInode>e72b39e8-c30d-4bd6-a0f9-7d3480b38782</liveInode>
    <workingInode>e72b39e8-c30d-4bd6-a0f9-7d3480b38782</workingInode>
    <lockedOn class="sql-timestamp">2012-03-12 00:00:00.0</lockedOn>
    <deleted>false</deleted>
    <versionTs class="sql-timestamp">2012-05-04 13:38:27.842488</versionTs>
  </com.dotmarketing.portlets.containers.model.ContainerVersionInfo>
  <com.dotmarketing.portlets.containers.model.ContainerVersionInfo>
    <identifier>685132f6-12a6-45d0-a4e4-99f14ebce429</identifier>
    <liveInode>78f3d824-7a93-44b0-b42b-858ffd2a6fa2</liveInode>
    <workingInode>78f3d824-7a93-44b0-b42b-858ffd2a6fa2</workingInode>
    <lockedOn class="sql-timestamp">2012-09-27 17:19:15.381</lockedOn>
    <deleted>false</deleted>
    <versionTs class="sql-timestamp">2012-09-27 17:19:15.383</versionTs>
  </com.dotmarketing.portlets.containers.model.ContainerVersionInfo>
  <com.dotmarketing.portlets.containers.model.ContainerVersionInfo>
    <identifier>6a12bbda-0ae2-4121-a98b-ad8069eaff3a</identifier>
    <liveInode>5bee5060-6978-4b0b-bb8f-7b9871105281</liveInode>
    <workingInode>5bee5060-6978-4b0b-bb8f-7b9871105281</workingInode>
    <lockedOn class="sql-timestamp">2012-10-03 13:01:00.762</lockedOn>
    <deleted>false</deleted>
    <versionTs class="sql-timestamp">2012-10-03 13:01:00.763</versionTs>
  </com.dotmarketing.portlets.containers.model.ContainerVersionInfo>
  <com.dotmarketing.portlets.containers.model.ContainerVersionInfo>
    <identifier>8f17696b-4e25-46b6-94b1-66c849a28bbe</identifier>
    <liveInode>c66e0e9c-2f28-460e-bb56-28b164137ef3</liveInode>
    <workingInode>c66e0e9c-2f28-460e-bb56-28b164137ef3</workingInode>
    <lockedOn class="sql-timestamp">2012-01-27 00:00:00.0</lockedOn>
    <deleted>false</deleted>
    <versionTs class="sql-timestamp">2012-05-04 13:38:27.842488</versionTs>
  </com.dotmarketing.portlets.containers.model.ContainerVersionInfo>
  <com.dotmarketing.portlets.containers.model.ContainerVersionInfo>
    <identifier>a6e9652b-8183-4c09-b775-26196b09a300</identifier>
    <liveInode>ae67637a-e2dd-4bfe-8347-c2036ca35526</liveInode>
    <workingInode>ae67637a-e2dd-4bfe-8347-c2036ca35526</workingInode>
    <lockedOn class="sql-timestamp">2012-01-27 00:00:00.0</lockedOn>
    <deleted>false</deleted>
    <versionTs class="sql-timestamp">2012-05-04 13:38:27.842488</versionTs>
  </com.dotmarketing.portlets.containers.model.ContainerVersionInfo>
  <com.dotmarketing.portlets.containers.model.ContainerVersionInfo>
    <identifier>ab7d4317-68da-45ea-addc-9a57c69b8a24</identifier>
    <liveInode>56bed26b-f4a5-4bce-8fcb-fd88377cd1e6</liveInode>
    <workingInode>56bed26b-f4a5-4bce-8fcb-fd88377cd1e6</workingInode>
    <lockedOn class="sql-timestamp">2012-08-29 14:01:30.809</lockedOn>
    <deleted>false</deleted>
    <versionTs class="sql-timestamp">2012-08-29 14:01:30.81</versionTs>
  </com.dotmarketing.portlets.containers.model.ContainerVersionInfo>
  <com.dotmarketing.portlets.containers.model.ContainerVersionInfo>
    <identifier>afc45ad4-ee91-43a8-9562-3f9f7060e362</identifier>
    <liveInode>d9d4b78e-5655-4708-837d-4e5763bbfbaf</liveInode>
    <workingInode>d9d4b78e-5655-4708-837d-4e5763bbfbaf</workingInode>
    <lockedOn class="sql-timestamp">2012-10-01 10:31:03.29</lockedOn>
    <deleted>false</deleted>
    <versionTs class="sql-timestamp">2012-10-01 10:31:03.291</versionTs>
  </com.dotmarketing.portlets.containers.model.ContainerVersionInfo>
  <com.dotmarketing.portlets.containers.model.ContainerVersionInfo>
    <identifier>c7776bbb-d38a-43a1-af3b-6cfa36ba9747</identifier>
    <liveInode>45fecbf4-505e-4719-aaf4-0218435745d5</liveInode>
    <workingInode>45fecbf4-505e-4719-aaf4-0218435745d5</workingInode>
    <lockedOn class="sql-timestamp">2012-09-14 08:25:30.238</lockedOn>
    <deleted>false</deleted>
    <versionTs class="sql-timestamp">2012-09-14 08:25:30.239</versionTs>
  </com.dotmarketing.portlets.containers.model.ContainerVersionInfo>
  <com.dotmarketing.portlets.containers.model.ContainerVersionInfo>
    <identifier>f1ba7688-453c-4c0d-a214-e5ac802b8034</identifier>
    <liveInode>90198d54-2b54-4bae-bf02-615c1203900b</liveInode>
    <workingInode>90198d54-2b54-4bae-bf02-615c1203900b</workingInode>
    <lockedOn class="sql-timestamp">2012-01-31 00:00:00.0</lockedOn>
    <deleted>false</deleted>
    <versionTs class="sql-timestamp">2012-05-04 13:38:27.842488</versionTs>
  </com.dotmarketing.portlets.containers.model.ContainerVersionInfo>
</list>