<list>
  <com.dotmarketing.portlets.links.model.Link>
    <iDate class="sql-timestamp">2012-07-02 16:42:15.399</iDate>
    <type>links</type>
    <owner></owner>
    <inode>2342362c-838a-4ac5-9af2-c634a6abb2a8</inode>
    <identifier>2ee83bb2-df4c-45f8-b06e-285a152527a7</identifier>
    <title>test</title>
    <friendlyName>test</friendlyName>
    <modDate class="sql-timestamp">2012-07-02 16:42:15.403</modDate>
    <modUser>dotcms.org.2789</modUser>
    <sortOrder>0</sortOrder>
    <showOnMenu>false</showOnMenu>
    <parent></parent>
    <protocal>http://</protocal>
    <url>demo.dotcms.com/resources/documents/Jason Smith’s Top Stock Picks.docx</url>
    <target>_self</target>
    <internalLinkIdentifier>2896c216-9d15-49b0-9ff9-6bfff113cc4a</internalLinkIdentifier>
    <linkType>INTERNAL</linkType>
    <linkCode></linkCode>
  </com.dotmarketing.portlets.links.model.Link>
  <com.dotmarketing.portlets.links.model.Link>
    <iDate class="sql-timestamp">2012-07-11 09:33:31.545</iDate>
    <type>links</type>
    <owner></owner>
    <inode>7344d060-4493-40f6-83c5-dd88469419ec</inode>
    <identifier>b12f30da-0f0c-4376-88a0-a17d1ffe39f9</identifier>
    <title>Intranet</title>
    <friendlyName>Intranet</friendlyName>
    <modDate class="sql-timestamp">2012-07-11 09:33:31.634</modDate>
    <modUser>dotcms.org.1</modUser>
    <sortOrder>4</sortOrder>
    <showOnMenu>true</showOnMenu>
    <parent></parent>
    <protocal></protocal>
    <url>links.7344d060-4493-40f6-83c5-dd88469419ec</url>
    <target></target>
    <internalLinkIdentifier></internalLinkIdentifier>
    <linkType>CODE</linkType>
    <linkCode>&lt;a href=&quot;/dotCMS/login?referrer=/intranet/&quot;&gt;Intranet&lt;/a&gt;</linkCode>
  </com.dotmarketing.portlets.links.model.Link>
  <com.dotmarketing.portlets.links.model.Link>
    <iDate class="sql-timestamp">2012-07-11 09:36:00.368</iDate>
    <type>links</type>
    <owner></owner>
    <inode>cfae47c6-1137-429d-a197-0060a3851be6</inode>
    <identifier>b12f30da-0f0c-4376-88a0-a17d1ffe39f9</identifier>
    <title>Intranet</title>
    <friendlyName>Intranet</friendlyName>
    <modDate class="sql-timestamp">2012-07-11 09:36:00.39</modDate>
    <modUser>dotcms.org.1</modUser>
    <sortOrder>3</sortOrder>
    <showOnMenu>true</showOnMenu>
    <parent></parent>
    <protocal></protocal>
    <url>links.cfae47c6-1137-429d-a197-0060a3851be6</url>
    <target></target>
    <internalLinkIdentifier></internalLinkIdentifier>
    <linkType>CODE</linkType>
    <linkCode>&lt;li&gt;&lt;a href=&quot;/dotCMS/login?referrer=/intranet/&quot;&gt;Intranet&lt;/a&gt;&lt;/li&gt;</linkCode>
  </com.dotmarketing.portlets.links.model.Link>
  <com.dotmarketing.portlets.links.model.Link>
    <iDate class="sql-timestamp">2012-07-11 09:34:15.042</iDate>
    <type>links</type>
    <owner></owner>
    <inode>e2077d17-e30a-4e6d-b44a-c51502e8ac44</inode>
    <identifier>b12f30da-0f0c-4376-88a0-a17d1ffe39f9</identifier>
    <title>Intranet</title>
    <friendlyName>Intranet</friendlyName>
    <modDate class="sql-timestamp">2012-07-11 09:34:15.067</modDate>
    <modUser>dotcms.org.1</modUser>
    <sortOrder>4</sortOrder>
    <showOnMenu>true</showOnMenu>
    <parent></parent>
    <protocal></protocal>
    <url>links.e2077d17-e30a-4e6d-b44a-c51502e8ac44</url>
    <target></target>
    <internalLinkIdentifier></internalLinkIdentifier>
    <linkType>CODE</linkType>
    <linkCode>&lt;li&gt;&lt;a href=&quot;/dotCMS/login?referrer=/intranet/&quot;&gt;Intranet&lt;/a&gt;&lt;/li&gt;</linkCode>
  </com.dotmarketing.portlets.links.model.Link>
  <com.dotmarketing.portlets.links.model.Link>
    <iDate class="sql-timestamp">2011-12-16 14:37:21.532</iDate>
    <type>links</type>
    <owner></owner>
    <inode>42401fdc-90bd-4354-9db6-3ed7148c8a3c</inode>
    <identifier>14343a01-11c1-4d98-a2a1-2fc8cfcd92ea</identifier>
    <title>Insight Blog</title>
    <friendlyName>Team Blog</friendlyName>
    <modDate class="sql-timestamp">2011-12-16 14:37:21.577</modDate>
    <modUser>dotcms.org.1</modUser>
    <sortOrder>3</sortOrder>
    <showOnMenu>true</showOnMenu>
    <parent></parent>
    <protocal>http://</protocal>
    <url>demo.dotcms.com/blogs/index.html</url>
    <target></target>
    <internalLinkIdentifier>9c5f42da-31b1-4935-9df6-153f5de1bdf2</internalLinkIdentifier>
    <linkType>INTERNAL</linkType>
    <linkCode></linkCode>
  </com.dotmarketing.portlets.links.model.Link>
  <com.dotmarketing.portlets.links.model.Link>
    <iDate class="sql-timestamp">2012-01-20 11:51:34.882</iDate>
    <type>links</type>
    <owner></owner>
    <inode>3e9956a6-5350-448e-8c05-21319e49b2f7</inode>
    <identifier>622820fe-1b31-4498-b0f2-b7af238a8c8d</identifier>
    <title>Follow us on Twitter</title>
    <friendlyName>Follow us on Twitter</friendlyName>
    <modDate class="sql-timestamp">2012-01-20 16:19:00.361</modDate>
    <modUser>dotcms.org.1</modUser>
    <sortOrder>4</sortOrder>
    <showOnMenu>true</showOnMenu>
    <parent></parent>
    <protocal>http://</protocal>
    <url>twitter.com/dotCMS</url>
    <target>_blank</target>
    <internalLinkIdentifier></internalLinkIdentifier>
    <linkType>EXTERNAL</linkType>
    <linkCode></linkCode>
  </com.dotmarketing.portlets.links.model.Link>
  <com.dotmarketing.portlets.links.model.Link>
    <iDate class="sql-timestamp">2012-07-11 09:35:46.083</iDate>
    <type>links</type>
    <owner></owner>
    <inode>146b8752-9126-4633-aca6-f557a94ff706</inode>
    <identifier>14343a01-11c1-4d98-a2a1-2fc8cfcd92ea</identifier>
    <title>Blog</title>
    <friendlyName>Team Blog</friendlyName>
    <modDate class="sql-timestamp">2012-07-11 09:35:46.109</modDate>
    <modUser>dotcms.org.1</modUser>
    <sortOrder>3</sortOrder>
    <showOnMenu>true</showOnMenu>
    <parent></parent>
    <protocal>http://</protocal>
    <url>demo.dotcms.com/blogs/index.html</url>
    <target></target>
    <internalLinkIdentifier>9c5f42da-31b1-4935-9df6-153f5de1bdf2</internalLinkIdentifier>
    <linkType>INTERNAL</linkType>
    <linkCode></linkCode>
  </com.dotmarketing.portlets.links.model.Link>
  <com.dotmarketing.portlets.links.model.Link>
    <iDate class="sql-timestamp">2012-07-11 09:36:08.473</iDate>
    <type>links</type>
    <owner></owner>
    <inode>a5b32a0a-4252-4b9d-bb71-ba06287a522f</inode>
    <identifier>14343a01-11c1-4d98-a2a1-2fc8cfcd92ea</identifier>
    <title>Blog</title>
    <friendlyName>Team Blog</friendlyName>
    <modDate class="sql-timestamp">2012-07-11 09:36:08.495</modDate>
    <modUser>dotcms.org.1</modUser>
    <sortOrder>4</sortOrder>
    <showOnMenu>true</showOnMenu>
    <parent></parent>
    <protocal>http://</protocal>
    <url>demo.dotcms.com/blogs/index.html</url>
    <target></target>
    <internalLinkIdentifier>9c5f42da-31b1-4935-9df6-153f5de1bdf2</internalLinkIdentifier>
    <linkType>INTERNAL</linkType>
    <linkCode></linkCode>
  </com.dotmarketing.portlets.links.model.Link>
</list>