<list>
  <com.dotmarketing.beans.Tree>
    <parent>20cdf9f1-bf66-4303-92e0-8822f8081cfc</parent>
    <child>021cfcf3-8249-42dd-9948-9a50863e39f1</child>
    <relationType>child</relationType>
    <treeOrder>0</treeOrder>
  </com.dotmarketing.beans.Tree>
  <com.dotmarketing.beans.Tree>
    <parent>20cdf9f1-bf66-4303-92e0-8822f8081cfc</parent>
    <child>04ebf729-34e6-4b8e-94b8-35f063a20d03</child>
    <relationType>child</relationType>
    <treeOrder>0</treeOrder>
  </com.dotmarketing.beans.Tree>
  <com.dotmarketing.beans.Tree>
    <parent>20cdf9f1-bf66-4303-92e0-8822f8081cfc</parent>
    <child>05767557-f5ac-44d0-93dc-665c531149f8</child>
    <relationType>child</relationType>
    <treeOrder>0</treeOrder>
  </com.dotmarketing.beans.Tree>
  <com.dotmarketing.beans.Tree>
    <parent>20cdf9f1-bf66-4303-92e0-8822f8081cfc</parent>
    <child>0c158783-22f2-4d67-b75c-dc045dd298e5</child>
    <relationType>child</relationType>
    <treeOrder>0</treeOrder>
  </com.dotmarketing.beans.Tree>
  <com.dotmarketing.beans.Tree>
    <parent>20cdf9f1-bf66-4303-92e0-8822f8081cfc</parent>
    <child>0cfe160c-a87a-461c-99f8-49cfc5cdb8c1</child>
    <relationType>child</relationType>
    <treeOrder>0</treeOrder>
  </com.dotmarketing.beans.Tree>
  <com.dotmarketing.beans.Tree>
    <parent>20cdf9f1-bf66-4303-92e0-8822f8081cfc</parent>
    <child>0d796a37-a3e0-4a12-b8de-810e68b16d25</child>
    <relationType>child</relationType>
    <treeOrder>0</treeOrder>
  </com.dotmarketing.beans.Tree>
  <com.dotmarketing.beans.Tree>
    <parent>20cdf9f1-bf66-4303-92e0-8822f8081cfc</parent>
    <child>166367a3-c0d7-47db-bc2a-6c950b42debb</child>
    <relationType>child</relationType>
    <treeOrder>0</treeOrder>
  </com.dotmarketing.beans.Tree>
  <com.dotmarketing.beans.Tree>
    <parent>20cdf9f1-bf66-4303-92e0-8822f8081cfc</parent>
    <child>16d70340-c3d2-47ca-b2f4-5ad393f5c6cd</child>
    <relationType>child</relationType>
    <treeOrder>0</treeOrder>
  </com.dotmarketing.beans.Tree>
  <com.dotmarketing.beans.Tree>
    <parent>20cdf9f1-bf66-4303-92e0-8822f8081cfc</parent>
    <child>1a09ae74-7dfb-4278-aab1-b389b9e435c8</child>
    <relationType>child</relationType>
    <treeOrder>0</treeOrder>
  </com.dotmarketing.beans.Tree>
  <com.dotmarketing.beans.Tree>
    <parent>20cdf9f1-bf66-4303-92e0-8822f8081cfc</parent>
    <child>1a56b165-1212-4ea9-8b7c-820fd3c4ed98</child>
    <relationType>child</relationType>
    <treeOrder>0</treeOrder>
  </com.dotmarketing.beans.Tree>
  <com.dotmarketing.beans.Tree>
    <parent>20cdf9f1-bf66-4303-92e0-8822f8081cfc</parent>
    <child>1a7f5512-b072-496c-861d-737dd5d071ca</child>
    <relationType>child</relationType>
    <treeOrder>0</treeOrder>
  </com.dotmarketing.beans.Tree>
  <com.dotmarketing.beans.Tree>
    <parent>20cdf9f1-bf66-4303-92e0-8822f8081cfc</parent>
    <child>1cf1a383-f017-42c4-8727-2eb895917605</child>
    <relationType>child</relationType>
    <treeOrder>0</treeOrder>
  </com.dotmarketing.beans.Tree>
  <com.dotmarketing.beans.Tree>
    <parent>20cdf9f1-bf66-4303-92e0-8822f8081cfc</parent>
    <child>20e3464b-ee24-47f5-96d8-f358d8befc7d</child>
    <relationType>child</relationType>
    <treeOrder>0</treeOrder>
  </com.dotmarketing.beans.Tree>
  <com.dotmarketing.beans.Tree>
    <parent>20cdf9f1-bf66-4303-92e0-8822f8081cfc</parent>
    <child>21d3c4d5-7977-490e-b055-ecb7f70c62c5</child>
    <relationType>child</relationType>
    <treeOrder>0</treeOrder>
  </com.dotmarketing.beans.Tree>
  <com.dotmarketing.beans.Tree>
    <parent>20cdf9f1-bf66-4303-92e0-8822f8081cfc</parent>
    <child>2371d21e-799c-4653-a8e4-fe4d0c1b8c22</child>
    <relationType>child</relationType>
    <treeOrder>0</treeOrder>
  </com.dotmarketing.beans.Tree>
  <com.dotmarketing.beans.Tree>
    <parent>20cdf9f1-bf66-4303-92e0-8822f8081cfc</parent>
    <child>23cf1912-4e07-4583-979e-7024496f49ed</child>
    <relationType>child</relationType>
    <treeOrder>0</treeOrder>
  </com.dotmarketing.beans.Tree>
  <com.dotmarketing.beans.Tree>
    <parent>20cdf9f1-bf66-4303-92e0-8822f8081cfc</parent>
    <child>25ee5d8f-3b38-4bd4-a283-0790b99b1096</child>
    <relationType>child</relationType>
    <treeOrder>0</treeOrder>
  </com.dotmarketing.beans.Tree>
  <com.dotmarketing.beans.Tree>
    <parent>20cdf9f1-bf66-4303-92e0-8822f8081cfc</parent>
    <child>293e6eba-96d4-452b-9bd5-6c272e653c8b</child>
    <relationType>child</relationType>
    <treeOrder>0</treeOrder>
  </com.dotmarketing.beans.Tree>
  <com.dotmarketing.beans.Tree>
    <parent>20cdf9f1-bf66-4303-92e0-8822f8081cfc</parent>
    <child>35fdee19-3cd2-4493-8035-d81d0803ffdc</child>
    <relationType>child</relationType>
    <treeOrder>0</treeOrder>
  </com.dotmarketing.beans.Tree>
  <com.dotmarketing.beans.Tree>
    <parent>20cdf9f1-bf66-4303-92e0-8822f8081cfc</parent>
    <child>372e0116-b6a4-467f-85a6-e994e2e8f665</child>
    <relationType>child</relationType>
    <treeOrder>0</treeOrder>
  </com.dotmarketing.beans.Tree>
  <com.dotmarketing.beans.Tree>
    <parent>20cdf9f1-bf66-4303-92e0-8822f8081cfc</parent>
    <child>3a64050e-b8f1-44a5-a11c-48b6174c7019</child>
    <relationType>child</relationType>
    <treeOrder>0</treeOrder>
  </com.dotmarketing.beans.Tree>
  <com.dotmarketing.beans.Tree>
    <parent>20cdf9f1-bf66-4303-92e0-8822f8081cfc</parent>
    <child>3b73d6d9-2b08-4591-9e52-a5775e7d0e90</child>
    <relationType>child</relationType>
    <treeOrder>0</treeOrder>
  </com.dotmarketing.beans.Tree>
  <com.dotmarketing.beans.Tree>
    <parent>20cdf9f1-bf66-4303-92e0-8822f8081cfc</parent>
    <child>3d7222b6-90c7-4a94-ad94-06398f085a62</child>
    <relationType>child</relationType>
    <treeOrder>0</treeOrder>
  </com.dotmarketing.beans.Tree>
  <com.dotmarketing.beans.Tree>
    <parent>20cdf9f1-bf66-4303-92e0-8822f8081cfc</parent>
    <child>3f69cbf7-1de8-49d0-856c-ea1101779bf7</child>
    <relationType>child</relationType>
    <treeOrder>0</treeOrder>
  </com.dotmarketing.beans.Tree>
  <com.dotmarketing.beans.Tree>
    <parent>20cdf9f1-bf66-4303-92e0-8822f8081cfc</parent>
    <child>40d8b38e-5187-4750-b2b7-c0b02ffb9711</child>
    <relationType>child</relationType>
    <treeOrder>0</treeOrder>
  </com.dotmarketing.beans.Tree>
  <com.dotmarketing.beans.Tree>
    <parent>20cdf9f1-bf66-4303-92e0-8822f8081cfc</parent>
    <child>40f50812-1ea7-4d2f-8efe-8c5b4877b055</child>
    <relationType>child</relationType>
    <treeOrder>0</treeOrder>
  </com.dotmarketing.beans.Tree>
  <com.dotmarketing.beans.Tree>
    <parent>20cdf9f1-bf66-4303-92e0-8822f8081cfc</parent>
    <child>41af471c-29e7-4302-8e07-8302e35d9684</child>
    <relationType>child</relationType>
    <treeOrder>0</treeOrder>
  </com.dotmarketing.beans.Tree>
  <com.dotmarketing.beans.Tree>
    <parent>20cdf9f1-bf66-4303-92e0-8822f8081cfc</parent>
    <child>42f0ea0d-6620-4b93-97a6-44dbaee47720</child>
    <relationType>child</relationType>
    <treeOrder>0</treeOrder>
  </com.dotmarketing.beans.Tree>
  <com.dotmarketing.beans.Tree>
    <parent>20cdf9f1-bf66-4303-92e0-8822f8081cfc</parent>
    <child>4421576b-68d8-46b0-aff1-d9c3da1ead32</child>
    <relationType>child</relationType>
    <treeOrder>0</treeOrder>
  </com.dotmarketing.beans.Tree>
  <com.dotmarketing.beans.Tree>
    <parent>20cdf9f1-bf66-4303-92e0-8822f8081cfc</parent>
    <child>44c8996c-025f-4437-9154-5193ccb6d254</child>
    <relationType>child</relationType>
    <treeOrder>0</treeOrder>
  </com.dotmarketing.beans.Tree>
  <com.dotmarketing.beans.Tree>
    <parent>20cdf9f1-bf66-4303-92e0-8822f8081cfc</parent>
    <child>491fa9ca-bc70-47ee-b3ba-eb7df29bea55</child>
    <relationType>child</relationType>
    <treeOrder>0</treeOrder>
  </com.dotmarketing.beans.Tree>
  <com.dotmarketing.beans.Tree>
    <parent>20cdf9f1-bf66-4303-92e0-8822f8081cfc</parent>
    <child>4cbe7190-7308-4026-ae61-39d0824fba8b</child>
    <relationType>child</relationType>
    <treeOrder>0</treeOrder>
  </com.dotmarketing.beans.Tree>
  <com.dotmarketing.beans.Tree>
    <parent>20cdf9f1-bf66-4303-92e0-8822f8081cfc</parent>
    <child>4cfa9e88-2ba6-4a10-bfff-89f12d940ffc</child>
    <relationType>child</relationType>
    <treeOrder>0</treeOrder>
  </com.dotmarketing.beans.Tree>
  <com.dotmarketing.beans.Tree>
    <parent>20cdf9f1-bf66-4303-92e0-8822f8081cfc</parent>
    <child>5092a051-89ac-4cfd-810a-ffe696f4e51f</child>
    <relationType>child</relationType>
    <treeOrder>0</treeOrder>
  </com.dotmarketing.beans.Tree>
  <com.dotmarketing.beans.Tree>
    <parent>20cdf9f1-bf66-4303-92e0-8822f8081cfc</parent>
    <child>514723e9-3c5e-441a-9c2e-a6fe7eed573d</child>
    <relationType>child</relationType>
    <treeOrder>0</treeOrder>
  </com.dotmarketing.beans.Tree>
  <com.dotmarketing.beans.Tree>
    <parent>20cdf9f1-bf66-4303-92e0-8822f8081cfc</parent>
    <child>58675251-bc70-47a8-8ea6-3e282fe35666</child>
    <relationType>child</relationType>
    <treeOrder>0</treeOrder>
  </com.dotmarketing.beans.Tree>
  <com.dotmarketing.beans.Tree>
    <parent>20cdf9f1-bf66-4303-92e0-8822f8081cfc</parent>
    <child>5eb43953-4278-418a-9cfc-10f05ce62624</child>
    <relationType>child</relationType>
    <treeOrder>0</treeOrder>
  </com.dotmarketing.beans.Tree>
  <com.dotmarketing.beans.Tree>
    <parent>20cdf9f1-bf66-4303-92e0-8822f8081cfc</parent>
    <child>5fb283fb-0ec4-4aa1-b7e9-732a4ee07765</child>
    <relationType>child</relationType>
    <treeOrder>0</treeOrder>
  </com.dotmarketing.beans.Tree>
  <com.dotmarketing.beans.Tree>
    <parent>20cdf9f1-bf66-4303-92e0-8822f8081cfc</parent>
    <child>66a3b381-02ea-4afd-ad86-8c103e582c2a</child>
    <relationType>child</relationType>
    <treeOrder>0</treeOrder>
  </com.dotmarketing.beans.Tree>
  <com.dotmarketing.beans.Tree>
    <parent>20cdf9f1-bf66-4303-92e0-8822f8081cfc</parent>
    <child>6f1f507c-199c-4162-ab86-5c1caf0767a9</child>
    <relationType>child</relationType>
    <treeOrder>0</treeOrder>
  </com.dotmarketing.beans.Tree>
  <com.dotmarketing.beans.Tree>
    <parent>20cdf9f1-bf66-4303-92e0-8822f8081cfc</parent>
    <child>7660583a-6cbe-4125-82cf-f507546f89be</child>
    <relationType>child</relationType>
    <treeOrder>0</treeOrder>
  </com.dotmarketing.beans.Tree>
  <com.dotmarketing.beans.Tree>
    <parent>20cdf9f1-bf66-4303-92e0-8822f8081cfc</parent>
    <child>789a5447-3ea8-42ba-813d-f939914c5ef2</child>
    <relationType>child</relationType>
    <treeOrder>0</treeOrder>
  </com.dotmarketing.beans.Tree>
  <com.dotmarketing.beans.Tree>
    <parent>20cdf9f1-bf66-4303-92e0-8822f8081cfc</parent>
    <child>79ab17bb-2b27-4782-bec3-392a1cdcc8eb</child>
    <relationType>child</relationType>
    <treeOrder>0</treeOrder>
  </com.dotmarketing.beans.Tree>
  <com.dotmarketing.beans.Tree>
    <parent>20cdf9f1-bf66-4303-92e0-8822f8081cfc</parent>
    <child>7f640cb0-5795-4b96-b54f-e53dfdc52002</child>
    <relationType>child</relationType>
    <treeOrder>0</treeOrder>
  </com.dotmarketing.beans.Tree>
  <com.dotmarketing.beans.Tree>
    <parent>20cdf9f1-bf66-4303-92e0-8822f8081cfc</parent>
    <child>8616fbbc-3a8e-4f02-ab8a-e2e3d484b4b6</child>
    <relationType>child</relationType>
    <treeOrder>0</treeOrder>
  </com.dotmarketing.beans.Tree>
  <com.dotmarketing.beans.Tree>
    <parent>20cdf9f1-bf66-4303-92e0-8822f8081cfc</parent>
    <child>88d7fedd-6593-43a0-8554-53e01b919ce0</child>
    <relationType>child</relationType>
    <treeOrder>0</treeOrder>
  </com.dotmarketing.beans.Tree>
  <com.dotmarketing.beans.Tree>
    <parent>20cdf9f1-bf66-4303-92e0-8822f8081cfc</parent>
    <child>8e54a6a4-fa21-49cd-a80d-b6e127b6364e</child>
    <relationType>child</relationType>
    <treeOrder>0</treeOrder>
  </com.dotmarketing.beans.Tree>
  <com.dotmarketing.beans.Tree>
    <parent>20cdf9f1-bf66-4303-92e0-8822f8081cfc</parent>
    <child>93927f45-bc19-4332-b79d-6b5ebff32225</child>
    <relationType>child</relationType>
    <treeOrder>0</treeOrder>
  </com.dotmarketing.beans.Tree>
  <com.dotmarketing.beans.Tree>
    <parent>20cdf9f1-bf66-4303-92e0-8822f8081cfc</parent>
    <child>947dcbbd-e7fd-4905-b80d-7a8c06f7b895</child>
    <relationType>child</relationType>
    <treeOrder>0</treeOrder>
  </com.dotmarketing.beans.Tree>
  <com.dotmarketing.beans.Tree>
    <parent>20cdf9f1-bf66-4303-92e0-8822f8081cfc</parent>
    <child>9687e133-47d3-47e7-8f3c-bdaa7de72965</child>
    <relationType>child</relationType>
    <treeOrder>0</treeOrder>
  </com.dotmarketing.beans.Tree>
  <com.dotmarketing.beans.Tree>
    <parent>20cdf9f1-bf66-4303-92e0-8822f8081cfc</parent>
    <child>97ce21c7-83fa-4504-9aec-003735f28429</child>
    <relationType>child</relationType>
    <treeOrder>0</treeOrder>
  </com.dotmarketing.beans.Tree>
  <com.dotmarketing.beans.Tree>
    <parent>20cdf9f1-bf66-4303-92e0-8822f8081cfc</parent>
    <child>9880b299-5598-4b39-a97e-e334b5d4e9a7</child>
    <relationType>child</relationType>
    <treeOrder>0</treeOrder>
  </com.dotmarketing.beans.Tree>
  <com.dotmarketing.beans.Tree>
    <parent>20cdf9f1-bf66-4303-92e0-8822f8081cfc</parent>
    <child>9ae50dc9-fbb5-44de-9bad-57a4d2e36703</child>
    <relationType>child</relationType>
    <treeOrder>0</treeOrder>
  </com.dotmarketing.beans.Tree>
  <com.dotmarketing.beans.Tree>
    <parent>20cdf9f1-bf66-4303-92e0-8822f8081cfc</parent>
    <child>a02bae3f-3023-4f3e-9a70-89f5fd787dc6</child>
    <relationType>child</relationType>
    <treeOrder>0</treeOrder>
  </com.dotmarketing.beans.Tree>
  <com.dotmarketing.beans.Tree>
    <parent>20cdf9f1-bf66-4303-92e0-8822f8081cfc</parent>
    <child>a778550d-77e9-491b-948c-60291e690006</child>
    <relationType>child</relationType>
    <treeOrder>0</treeOrder>
  </com.dotmarketing.beans.Tree>
  <com.dotmarketing.beans.Tree>
    <parent>20cdf9f1-bf66-4303-92e0-8822f8081cfc</parent>
    <child>a802e746-94fd-4153-aba1-3f6986ae1c74</child>
    <relationType>child</relationType>
    <treeOrder>0</treeOrder>
  </com.dotmarketing.beans.Tree>
  <com.dotmarketing.beans.Tree>
    <parent>20cdf9f1-bf66-4303-92e0-8822f8081cfc</parent>
    <child>a8b56f9f-7ac7-43e3-bf78-32a32bd95810</child>
    <relationType>child</relationType>
    <treeOrder>0</treeOrder>
  </com.dotmarketing.beans.Tree>
  <com.dotmarketing.beans.Tree>
    <parent>20cdf9f1-bf66-4303-92e0-8822f8081cfc</parent>
    <child>abc451d8-dcef-40df-b745-6dc35c3a5345</child>
    <relationType>child</relationType>
    <treeOrder>0</treeOrder>
  </com.dotmarketing.beans.Tree>
  <com.dotmarketing.beans.Tree>
    <parent>20cdf9f1-bf66-4303-92e0-8822f8081cfc</parent>
    <child>acf4f6aa-7a37-40b4-9ccf-2d6faa07fe11</child>
    <relationType>child</relationType>
    <treeOrder>0</treeOrder>
  </com.dotmarketing.beans.Tree>
  <com.dotmarketing.beans.Tree>
    <parent>20cdf9f1-bf66-4303-92e0-8822f8081cfc</parent>
    <child>add5aa39-d1a2-4fdc-aef4-8280f5fb9fd9</child>
    <relationType>child</relationType>
    <treeOrder>0</treeOrder>
  </com.dotmarketing.beans.Tree>
  <com.dotmarketing.beans.Tree>
    <parent>20cdf9f1-bf66-4303-92e0-8822f8081cfc</parent>
    <child>b97f0378-f0c4-4420-bbd0-70f88ba6e011</child>
    <relationType>child</relationType>
    <treeOrder>0</treeOrder>
  </com.dotmarketing.beans.Tree>
  <com.dotmarketing.beans.Tree>
    <parent>20cdf9f1-bf66-4303-92e0-8822f8081cfc</parent>
    <child>bb2180cc-acc0-4f97-ae91-c49d1f4d950b</child>
    <relationType>child</relationType>
    <treeOrder>0</treeOrder>
  </com.dotmarketing.beans.Tree>
  <com.dotmarketing.beans.Tree>
    <parent>20cdf9f1-bf66-4303-92e0-8822f8081cfc</parent>
    <child>bde8dfed-daca-4d46-9716-640b746a8658</child>
    <relationType>child</relationType>
    <treeOrder>0</treeOrder>
  </com.dotmarketing.beans.Tree>
  <com.dotmarketing.beans.Tree>
    <parent>20cdf9f1-bf66-4303-92e0-8822f8081cfc</parent>
    <child>be4649c0-1ca3-4560-b184-4257e780eca9</child>
    <relationType>child</relationType>
    <treeOrder>0</treeOrder>
  </com.dotmarketing.beans.Tree>
  <com.dotmarketing.beans.Tree>
    <parent>20cdf9f1-bf66-4303-92e0-8822f8081cfc</parent>
    <child>c37e0f1a-4aba-4844-9f4e-4fc2e17d62df</child>
    <relationType>child</relationType>
    <treeOrder>0</treeOrder>
  </com.dotmarketing.beans.Tree>
  <com.dotmarketing.beans.Tree>
    <parent>20cdf9f1-bf66-4303-92e0-8822f8081cfc</parent>
    <child>c4d3ff74-3b64-4fc3-89bd-d0a3fe884ef8</child>
    <relationType>child</relationType>
    <treeOrder>0</treeOrder>
  </com.dotmarketing.beans.Tree>
  <com.dotmarketing.beans.Tree>
    <parent>20cdf9f1-bf66-4303-92e0-8822f8081cfc</parent>
    <child>c60bf8a4-cdfe-4eda-b7a8-64e83ea70c33</child>
    <relationType>child</relationType>
    <treeOrder>0</treeOrder>
  </com.dotmarketing.beans.Tree>
  <com.dotmarketing.beans.Tree>
    <parent>20cdf9f1-bf66-4303-92e0-8822f8081cfc</parent>
    <child>cb82d44c-8960-4d5f-adc9-49cea696070f</child>
    <relationType>child</relationType>
    <treeOrder>0</treeOrder>
  </com.dotmarketing.beans.Tree>
  <com.dotmarketing.beans.Tree>
    <parent>20cdf9f1-bf66-4303-92e0-8822f8081cfc</parent>
    <child>cc5d41b8-a951-4d49-a87d-612d9a788645</child>
    <relationType>child</relationType>
    <treeOrder>0</treeOrder>
  </com.dotmarketing.beans.Tree>
  <com.dotmarketing.beans.Tree>
    <parent>20cdf9f1-bf66-4303-92e0-8822f8081cfc</parent>
    <child>cc892dc4-0707-4f77-9da1-434e0898af96</child>
    <relationType>child</relationType>
    <treeOrder>0</treeOrder>
  </com.dotmarketing.beans.Tree>
  <com.dotmarketing.beans.Tree>
    <parent>20cdf9f1-bf66-4303-92e0-8822f8081cfc</parent>
    <child>cd488427-2991-42fb-9438-eaf771da156a</child>
    <relationType>child</relationType>
    <treeOrder>0</treeOrder>
  </com.dotmarketing.beans.Tree>
  <com.dotmarketing.beans.Tree>
    <parent>20cdf9f1-bf66-4303-92e0-8822f8081cfc</parent>
    <child>cecf1f3e-b98e-4a73-ac86-64928ad2599d</child>
    <relationType>child</relationType>
    <treeOrder>0</treeOrder>
  </com.dotmarketing.beans.Tree>
  <com.dotmarketing.beans.Tree>
    <parent>20cdf9f1-bf66-4303-92e0-8822f8081cfc</parent>
    <child>d0f1c068-80bb-442c-8d9d-a20c9ee38e4e</child>
    <relationType>child</relationType>
    <treeOrder>0</treeOrder>
  </com.dotmarketing.beans.Tree>
  <com.dotmarketing.beans.Tree>
    <parent>20cdf9f1-bf66-4303-92e0-8822f8081cfc</parent>
    <child>d149e9c7-3953-41cb-a692-85c22c18823b</child>
    <relationType>child</relationType>
    <treeOrder>0</treeOrder>
  </com.dotmarketing.beans.Tree>
  <com.dotmarketing.beans.Tree>
    <parent>20cdf9f1-bf66-4303-92e0-8822f8081cfc</parent>
    <child>d18faeb2-5733-4652-9fe3-2d1ca30ccd5e</child>
    <relationType>child</relationType>
    <treeOrder>0</treeOrder>
  </com.dotmarketing.beans.Tree>
  <com.dotmarketing.beans.Tree>
    <parent>20cdf9f1-bf66-4303-92e0-8822f8081cfc</parent>
    <child>d71bf48a-a9c1-4ac2-9a36-ef4823159113</child>
    <relationType>child</relationType>
    <treeOrder>0</treeOrder>
  </com.dotmarketing.beans.Tree>
  <com.dotmarketing.beans.Tree>
    <parent>20cdf9f1-bf66-4303-92e0-8822f8081cfc</parent>
    <child>d82d5a7e-5352-40ef-b691-4ad22bbc9d51</child>
    <relationType>child</relationType>
    <treeOrder>0</treeOrder>
  </com.dotmarketing.beans.Tree>
  <com.dotmarketing.beans.Tree>
    <parent>20cdf9f1-bf66-4303-92e0-8822f8081cfc</parent>
    <child>db9faea0-b3f3-4db6-b759-fbccba7af2fa</child>
    <relationType>child</relationType>
    <treeOrder>0</treeOrder>
  </com.dotmarketing.beans.Tree>
  <com.dotmarketing.beans.Tree>
    <parent>20cdf9f1-bf66-4303-92e0-8822f8081cfc</parent>
    <child>dc2d2e31-fcf2-4396-a7b3-5799b736af25</child>
    <relationType>child</relationType>
    <treeOrder>0</treeOrder>
  </com.dotmarketing.beans.Tree>
  <com.dotmarketing.beans.Tree>
    <parent>20cdf9f1-bf66-4303-92e0-8822f8081cfc</parent>
    <child>dd6b51e5-0edd-4461-9dda-ab0e2281d4f2</child>
    <relationType>child</relationType>
    <treeOrder>0</treeOrder>
  </com.dotmarketing.beans.Tree>
  <com.dotmarketing.beans.Tree>
    <parent>20cdf9f1-bf66-4303-92e0-8822f8081cfc</parent>
    <child>ddfcb080-b11c-46c9-bbf2-c39e81a7cd7a</child>
    <relationType>child</relationType>
    <treeOrder>0</treeOrder>
  </com.dotmarketing.beans.Tree>
  <com.dotmarketing.beans.Tree>
    <parent>20cdf9f1-bf66-4303-92e0-8822f8081cfc</parent>
    <child>e2d2a54b-7d83-48e5-a0e4-b05d5feaaf79</child>
    <relationType>child</relationType>
    <treeOrder>0</treeOrder>
  </com.dotmarketing.beans.Tree>
  <com.dotmarketing.beans.Tree>
    <parent>20cdf9f1-bf66-4303-92e0-8822f8081cfc</parent>
    <child>e4004c21-8065-419f-8f45-afd3e5e5c4e6</child>
    <relationType>child</relationType>
    <treeOrder>0</treeOrder>
  </com.dotmarketing.beans.Tree>
  <com.dotmarketing.beans.Tree>
    <parent>20cdf9f1-bf66-4303-92e0-8822f8081cfc</parent>
    <child>e9481ce9-811e-47ef-934f-619c0fb16bf1</child>
    <relationType>child</relationType>
    <treeOrder>0</treeOrder>
  </com.dotmarketing.beans.Tree>
  <com.dotmarketing.beans.Tree>
    <parent>20cdf9f1-bf66-4303-92e0-8822f8081cfc</parent>
    <child>ea0bc8e7-8ed2-4b11-8800-faa9fa23aeaa</child>
    <relationType>child</relationType>
    <treeOrder>0</treeOrder>
  </com.dotmarketing.beans.Tree>
  <com.dotmarketing.beans.Tree>
    <parent>20cdf9f1-bf66-4303-92e0-8822f8081cfc</parent>
    <child>ec8d171f-d7bb-4614-bf13-1fcfe0eff502</child>
    <relationType>child</relationType>
    <treeOrder>0</treeOrder>
  </com.dotmarketing.beans.Tree>
  <com.dotmarketing.beans.Tree>
    <parent>20cdf9f1-bf66-4303-92e0-8822f8081cfc</parent>
    <child>ecb48490-ec0e-4166-b19a-0c0c3282df1d</child>
    <relationType>child</relationType>
    <treeOrder>0</treeOrder>
  </com.dotmarketing.beans.Tree>
  <com.dotmarketing.beans.Tree>
    <parent>20cdf9f1-bf66-4303-92e0-8822f8081cfc</parent>
    <child>efc3ed0f-e96e-4388-9467-507a6beb1b1b</child>
    <relationType>child</relationType>
    <treeOrder>0</treeOrder>
  </com.dotmarketing.beans.Tree>
  <com.dotmarketing.beans.Tree>
    <parent>20cdf9f1-bf66-4303-92e0-8822f8081cfc</parent>
    <child>f736e4a7-fad0-4d94-8102-a5e538dbceb9</child>
    <relationType>child</relationType>
    <treeOrder>0</treeOrder>
  </com.dotmarketing.beans.Tree>
  <com.dotmarketing.beans.Tree>
    <parent>20cdf9f1-bf66-4303-92e0-8822f8081cfc</parent>
    <child>f9a2e357-53d2-4cb0-a381-ced650324da4</child>
    <relationType>child</relationType>
    <treeOrder>0</treeOrder>
  </com.dotmarketing.beans.Tree>
  <com.dotmarketing.beans.Tree>
    <parent>20cdf9f1-bf66-4303-92e0-8822f8081cfc</parent>
    <child>fad4db39-fc8c-40fc-a409-5bbf473d8ede</child>
    <relationType>child</relationType>
    <treeOrder>0</treeOrder>
  </com.dotmarketing.beans.Tree>
  <com.dotmarketing.beans.Tree>
    <parent>20cdf9f1-bf66-4303-92e0-8822f8081cfc</parent>
    <child>fb6ccd8d-5c6a-448d-8392-5939c14fc8aa</child>
    <relationType>child</relationType>
    <treeOrder>0</treeOrder>
  </com.dotmarketing.beans.Tree>
  <com.dotmarketing.beans.Tree>
    <parent>20cdf9f1-bf66-4303-92e0-8822f8081cfc</parent>
    <child>ffa70de1-fa07-4027-83be-2b45af375c4b</child>
    <relationType>child</relationType>
    <treeOrder>0</treeOrder>
  </com.dotmarketing.beans.Tree>
  <com.dotmarketing.beans.Tree>
    <parent>375341a2-0912-422f-b903-2602b6105c70</parent>
    <child>3b8c53ec-f6ba-4b81-adef-6b7ed38a8490</child>
    <relationType>child</relationType>
    <treeOrder>0</treeOrder>
  </com.dotmarketing.beans.Tree>
  <com.dotmarketing.beans.Tree>
    <parent>375341a2-0912-422f-b903-2602b6105c70</parent>
    <child>5193736b-b98c-425d-a12c-0391d2bef6a9</child>
    <relationType>child</relationType>
    <treeOrder>0</treeOrder>
  </com.dotmarketing.beans.Tree>
  <com.dotmarketing.beans.Tree>
    <parent>375341a2-0912-422f-b903-2602b6105c70</parent>
    <child>5ad2fb00-74b8-4b44-9954-99787d7457f4</child>
    <relationType>child</relationType>
    <treeOrder>0</treeOrder>
  </com.dotmarketing.beans.Tree>
  <com.dotmarketing.beans.Tree>
    <parent>375341a2-0912-422f-b903-2602b6105c70</parent>
    <child>ac117b80-66f5-4981-9c41-2b47040b8581</child>
    <relationType>child</relationType>
    <treeOrder>0</treeOrder>
  </com.dotmarketing.beans.Tree>
  <com.dotmarketing.beans.Tree>
    <parent>3d5d641b-e5fd-409e-a283-b6fe7ab780d1</parent>
    <child>20cdf9f1-bf66-4303-92e0-8822f8081cfc</child>
    <relationType>child</relationType>
    <treeOrder>0</treeOrder>
  </com.dotmarketing.beans.Tree>
  <com.dotmarketing.beans.Tree>
    <parent>3d5d641b-e5fd-409e-a283-b6fe7ab780d1</parent>
    <child>cf140e2a-d01d-4d48-8ab0-e87aceb22b33</child>
    <relationType>child</relationType>
    <treeOrder>0</treeOrder>
  </com.dotmarketing.beans.Tree>
  <com.dotmarketing.beans.Tree>
    <parent>3d5d641b-e5fd-409e-a283-b6fe7ab780d1</parent>
    <child>d1e963ee-b6ba-4ca6-b060-5f696437a328</child>
    <relationType>child</relationType>
    <treeOrder>0</treeOrder>
  </com.dotmarketing.beans.Tree>
  <com.dotmarketing.beans.Tree>
    <parent>3d5d641b-e5fd-409e-a283-b6fe7ab780d1</parent>
    <child>ede13663-ff06-4d01-ab99-a8976e995010</child>
    <relationType>child</relationType>
    <treeOrder>0</treeOrder>
  </com.dotmarketing.beans.Tree>
  <com.dotmarketing.beans.Tree>
    <parent>5193736b-b98c-425d-a12c-0391d2bef6a9</parent>
    <child>95205fbc-5773-46fa-be47-60dfeb29e3ab</child>
    <relationType>child</relationType>
    <treeOrder>0</treeOrder>
  </com.dotmarketing.beans.Tree>
  <com.dotmarketing.beans.Tree>
    <parent>5193736b-b98c-425d-a12c-0391d2bef6a9</parent>
    <child>f8fe7e72-1b1c-4767-af93-ac8fccd737b1</child>
    <relationType>child</relationType>
    <treeOrder>0</treeOrder>
  </com.dotmarketing.beans.Tree>
  <com.dotmarketing.beans.Tree>
    <parent>cf140e2a-d01d-4d48-8ab0-e87aceb22b33</parent>
    <child>021cfcf3-8249-42dd-9948-9a50863e39f1</child>
    <relationType>child</relationType>
    <treeOrder>0</treeOrder>
  </com.dotmarketing.beans.Tree>
  <com.dotmarketing.beans.Tree>
    <parent>cf140e2a-d01d-4d48-8ab0-e87aceb22b33</parent>
    <child>04ebf729-34e6-4b8e-94b8-35f063a20d03</child>
    <relationType>child</relationType>
    <treeOrder>0</treeOrder>
  </com.dotmarketing.beans.Tree>
  <com.dotmarketing.beans.Tree>
    <parent>cf140e2a-d01d-4d48-8ab0-e87aceb22b33</parent>
    <child>05767557-f5ac-44d0-93dc-665c531149f8</child>
    <relationType>child</relationType>
    <treeOrder>0</treeOrder>
  </com.dotmarketing.beans.Tree>
  <com.dotmarketing.beans.Tree>
    <parent>cf140e2a-d01d-4d48-8ab0-e87aceb22b33</parent>
    <child>088ab750-3d70-4e32-9d4a-fa346b5ba265</child>
    <relationType>child</relationType>
    <treeOrder>0</treeOrder>
  </com.dotmarketing.beans.Tree>
  <com.dotmarketing.beans.Tree>
    <parent>cf140e2a-d01d-4d48-8ab0-e87aceb22b33</parent>
    <child>0c158783-22f2-4d67-b75c-dc045dd298e5</child>
    <relationType>child</relationType>
    <treeOrder>0</treeOrder>
  </com.dotmarketing.beans.Tree>
  <com.dotmarketing.beans.Tree>
    <parent>cf140e2a-d01d-4d48-8ab0-e87aceb22b33</parent>
    <child>0cfe160c-a87a-461c-99f8-49cfc5cdb8c1</child>
    <relationType>child</relationType>
    <treeOrder>0</treeOrder>
  </com.dotmarketing.beans.Tree>
  <com.dotmarketing.beans.Tree>
    <parent>cf140e2a-d01d-4d48-8ab0-e87aceb22b33</parent>
    <child>0d796a37-a3e0-4a12-b8de-810e68b16d25</child>
    <relationType>child</relationType>
    <treeOrder>0</treeOrder>
  </com.dotmarketing.beans.Tree>
  <com.dotmarketing.beans.Tree>
    <parent>cf140e2a-d01d-4d48-8ab0-e87aceb22b33</parent>
    <child>10639b4f-95a5-4785-8fab-203db71b1d17</child>
    <relationType>child</relationType>
    <treeOrder>0</treeOrder>
  </com.dotmarketing.beans.Tree>
  <com.dotmarketing.beans.Tree>
    <parent>cf140e2a-d01d-4d48-8ab0-e87aceb22b33</parent>
    <child>166367a3-c0d7-47db-bc2a-6c950b42debb</child>
    <relationType>child</relationType>
    <treeOrder>0</treeOrder>
  </com.dotmarketing.beans.Tree>
  <com.dotmarketing.beans.Tree>
    <parent>cf140e2a-d01d-4d48-8ab0-e87aceb22b33</parent>
    <child>16d70340-c3d2-47ca-b2f4-5ad393f5c6cd</child>
    <relationType>child</relationType>
    <treeOrder>0</treeOrder>
  </com.dotmarketing.beans.Tree>
  <com.dotmarketing.beans.Tree>
    <parent>cf140e2a-d01d-4d48-8ab0-e87aceb22b33</parent>
    <child>1a09ae74-7dfb-4278-aab1-b389b9e435c8</child>
    <relationType>child</relationType>
    <treeOrder>0</treeOrder>
  </com.dotmarketing.beans.Tree>
  <com.dotmarketing.beans.Tree>
    <parent>cf140e2a-d01d-4d48-8ab0-e87aceb22b33</parent>
    <child>1a7f5512-b072-496c-861d-737dd5d071ca</child>
    <relationType>child</relationType>
    <treeOrder>0</treeOrder>
  </com.dotmarketing.beans.Tree>
  <com.dotmarketing.beans.Tree>
    <parent>cf140e2a-d01d-4d48-8ab0-e87aceb22b33</parent>
    <child>20e3464b-ee24-47f5-96d8-f358d8befc7d</child>
    <relationType>child</relationType>
    <treeOrder>0</treeOrder>
  </com.dotmarketing.beans.Tree>
  <com.dotmarketing.beans.Tree>
    <parent>cf140e2a-d01d-4d48-8ab0-e87aceb22b33</parent>
    <child>2371d21e-799c-4653-a8e4-fe4d0c1b8c22</child>
    <relationType>child</relationType>
    <treeOrder>0</treeOrder>
  </com.dotmarketing.beans.Tree>
  <com.dotmarketing.beans.Tree>
    <parent>cf140e2a-d01d-4d48-8ab0-e87aceb22b33</parent>
    <child>25ee5d8f-3b38-4bd4-a283-0790b99b1096</child>
    <relationType>child</relationType>
    <treeOrder>0</treeOrder>
  </com.dotmarketing.beans.Tree>
  <com.dotmarketing.beans.Tree>
    <parent>cf140e2a-d01d-4d48-8ab0-e87aceb22b33</parent>
    <child>2b2f37ef-d908-4841-ad43-f19c5e6b9680</child>
    <relationType>child</relationType>
    <treeOrder>0</treeOrder>
  </com.dotmarketing.beans.Tree>
  <com.dotmarketing.beans.Tree>
    <parent>cf140e2a-d01d-4d48-8ab0-e87aceb22b33</parent>
    <child>30aef750-5316-4039-b6f5-ccfac5a86a66</child>
    <relationType>child</relationType>
    <treeOrder>0</treeOrder>
  </com.dotmarketing.beans.Tree>
  <com.dotmarketing.beans.Tree>
    <parent>cf140e2a-d01d-4d48-8ab0-e87aceb22b33</parent>
    <child>35fdee19-3cd2-4493-8035-d81d0803ffdc</child>
    <relationType>child</relationType>
    <treeOrder>0</treeOrder>
  </com.dotmarketing.beans.Tree>
  <com.dotmarketing.beans.Tree>
    <parent>cf140e2a-d01d-4d48-8ab0-e87aceb22b33</parent>
    <child>3a64050e-b8f1-44a5-a11c-48b6174c7019</child>
    <relationType>child</relationType>
    <treeOrder>0</treeOrder>
  </com.dotmarketing.beans.Tree>
  <com.dotmarketing.beans.Tree>
    <parent>cf140e2a-d01d-4d48-8ab0-e87aceb22b33</parent>
    <child>3b73d6d9-2b08-4591-9e52-a5775e7d0e90</child>
    <relationType>child</relationType>
    <treeOrder>0</treeOrder>
  </com.dotmarketing.beans.Tree>
  <com.dotmarketing.beans.Tree>
    <parent>cf140e2a-d01d-4d48-8ab0-e87aceb22b33</parent>
    <child>3d7222b6-90c7-4a94-ad94-06398f085a62</child>
    <relationType>child</relationType>
    <treeOrder>0</treeOrder>
  </com.dotmarketing.beans.Tree>
  <com.dotmarketing.beans.Tree>
    <parent>cf140e2a-d01d-4d48-8ab0-e87aceb22b33</parent>
    <child>3f69cbf7-1de8-49d0-856c-ea1101779bf7</child>
    <relationType>child</relationType>
    <treeOrder>0</treeOrder>
  </com.dotmarketing.beans.Tree>
  <com.dotmarketing.beans.Tree>
    <parent>cf140e2a-d01d-4d48-8ab0-e87aceb22b33</parent>
    <child>40f50812-1ea7-4d2f-8efe-8c5b4877b055</child>
    <relationType>child</relationType>
    <treeOrder>0</treeOrder>
  </com.dotmarketing.beans.Tree>
  <com.dotmarketing.beans.Tree>
    <parent>cf140e2a-d01d-4d48-8ab0-e87aceb22b33</parent>
    <child>41af471c-29e7-4302-8e07-8302e35d9684</child>
    <relationType>child</relationType>
    <treeOrder>0</treeOrder>
  </com.dotmarketing.beans.Tree>
  <com.dotmarketing.beans.Tree>
    <parent>cf140e2a-d01d-4d48-8ab0-e87aceb22b33</parent>
    <child>42f0ea0d-6620-4b93-97a6-44dbaee47720</child>
    <relationType>child</relationType>
    <treeOrder>0</treeOrder>
  </com.dotmarketing.beans.Tree>
  <com.dotmarketing.beans.Tree>
    <parent>cf140e2a-d01d-4d48-8ab0-e87aceb22b33</parent>
    <child>4421576b-68d8-46b0-aff1-d9c3da1ead32</child>
    <relationType>child</relationType>
    <treeOrder>0</treeOrder>
  </com.dotmarketing.beans.Tree>
  <com.dotmarketing.beans.Tree>
    <parent>cf140e2a-d01d-4d48-8ab0-e87aceb22b33</parent>
    <child>46e54019-8c8e-4f39-8aae-b265699b4271</child>
    <relationType>child</relationType>
    <treeOrder>0</treeOrder>
  </com.dotmarketing.beans.Tree>
  <com.dotmarketing.beans.Tree>
    <parent>cf140e2a-d01d-4d48-8ab0-e87aceb22b33</parent>
    <child>491fa9ca-bc70-47ee-b3ba-eb7df29bea55</child>
    <relationType>child</relationType>
    <treeOrder>0</treeOrder>
  </com.dotmarketing.beans.Tree>
  <com.dotmarketing.beans.Tree>
    <parent>cf140e2a-d01d-4d48-8ab0-e87aceb22b33</parent>
    <child>4cbe7190-7308-4026-ae61-39d0824fba8b</child>
    <relationType>child</relationType>
    <treeOrder>0</treeOrder>
  </com.dotmarketing.beans.Tree>
  <com.dotmarketing.beans.Tree>
    <parent>cf140e2a-d01d-4d48-8ab0-e87aceb22b33</parent>
    <child>4cfa9e88-2ba6-4a10-bfff-89f12d940ffc</child>
    <relationType>child</relationType>
    <treeOrder>0</treeOrder>
  </com.dotmarketing.beans.Tree>
  <com.dotmarketing.beans.Tree>
    <parent>cf140e2a-d01d-4d48-8ab0-e87aceb22b33</parent>
    <child>5092a051-89ac-4cfd-810a-ffe696f4e51f</child>
    <relationType>child</relationType>
    <treeOrder>0</treeOrder>
  </com.dotmarketing.beans.Tree>
  <com.dotmarketing.beans.Tree>
    <parent>cf140e2a-d01d-4d48-8ab0-e87aceb22b33</parent>
    <child>514723e9-3c5e-441a-9c2e-a6fe7eed573d</child>
    <relationType>child</relationType>
    <treeOrder>0</treeOrder>
  </com.dotmarketing.beans.Tree>
  <com.dotmarketing.beans.Tree>
    <parent>cf140e2a-d01d-4d48-8ab0-e87aceb22b33</parent>
    <child>575d39d4-2804-4ed6-a39d-b020d992bb5e</child>
    <relationType>child</relationType>
    <treeOrder>0</treeOrder>
  </com.dotmarketing.beans.Tree>
  <com.dotmarketing.beans.Tree>
    <parent>cf140e2a-d01d-4d48-8ab0-e87aceb22b33</parent>
    <child>57e0e43d-4010-4b13-bf62-034244713ea4</child>
    <relationType>child</relationType>
    <treeOrder>0</treeOrder>
  </com.dotmarketing.beans.Tree>
  <com.dotmarketing.beans.Tree>
    <parent>cf140e2a-d01d-4d48-8ab0-e87aceb22b33</parent>
    <child>58675251-bc70-47a8-8ea6-3e282fe35666</child>
    <relationType>child</relationType>
    <treeOrder>0</treeOrder>
  </com.dotmarketing.beans.Tree>
  <com.dotmarketing.beans.Tree>
    <parent>cf140e2a-d01d-4d48-8ab0-e87aceb22b33</parent>
    <child>5de7ad6a-8d3c-4803-bb27-e5e14c1e0718</child>
    <relationType>child</relationType>
    <treeOrder>0</treeOrder>
  </com.dotmarketing.beans.Tree>
  <com.dotmarketing.beans.Tree>
    <parent>cf140e2a-d01d-4d48-8ab0-e87aceb22b33</parent>
    <child>5fb283fb-0ec4-4aa1-b7e9-732a4ee07765</child>
    <relationType>child</relationType>
    <treeOrder>0</treeOrder>
  </com.dotmarketing.beans.Tree>
  <com.dotmarketing.beans.Tree>
    <parent>cf140e2a-d01d-4d48-8ab0-e87aceb22b33</parent>
    <child>608e2f15-45ff-4771-b6d7-e39a4aa73a96</child>
    <relationType>child</relationType>
    <treeOrder>0</treeOrder>
  </com.dotmarketing.beans.Tree>
  <com.dotmarketing.beans.Tree>
    <parent>cf140e2a-d01d-4d48-8ab0-e87aceb22b33</parent>
    <child>6dcedb06-4bcb-4dd8-a282-4a0ef19a25a6</child>
    <relationType>child</relationType>
    <treeOrder>0</treeOrder>
  </com.dotmarketing.beans.Tree>
  <com.dotmarketing.beans.Tree>
    <parent>cf140e2a-d01d-4d48-8ab0-e87aceb22b33</parent>
    <child>6f1f507c-199c-4162-ab86-5c1caf0767a9</child>
    <relationType>child</relationType>
    <treeOrder>0</treeOrder>
  </com.dotmarketing.beans.Tree>
  <com.dotmarketing.beans.Tree>
    <parent>cf140e2a-d01d-4d48-8ab0-e87aceb22b33</parent>
    <child>734944ff-6f02-4337-b9fe-aef3c372dad8</child>
    <relationType>child</relationType>
    <treeOrder>0</treeOrder>
  </com.dotmarketing.beans.Tree>
  <com.dotmarketing.beans.Tree>
    <parent>cf140e2a-d01d-4d48-8ab0-e87aceb22b33</parent>
    <child>7660583a-6cbe-4125-82cf-f507546f89be</child>
    <relationType>child</relationType>
    <treeOrder>0</treeOrder>
  </com.dotmarketing.beans.Tree>
  <com.dotmarketing.beans.Tree>
    <parent>cf140e2a-d01d-4d48-8ab0-e87aceb22b33</parent>
    <child>78433a9c-eb28-403a-8398-158f5492d9fb</child>
    <relationType>child</relationType>
    <treeOrder>0</treeOrder>
  </com.dotmarketing.beans.Tree>
  <com.dotmarketing.beans.Tree>
    <parent>cf140e2a-d01d-4d48-8ab0-e87aceb22b33</parent>
    <child>789a5447-3ea8-42ba-813d-f939914c5ef2</child>
    <relationType>child</relationType>
    <treeOrder>0</treeOrder>
  </com.dotmarketing.beans.Tree>
  <com.dotmarketing.beans.Tree>
    <parent>cf140e2a-d01d-4d48-8ab0-e87aceb22b33</parent>
    <child>79ab17bb-2b27-4782-bec3-392a1cdcc8eb</child>
    <relationType>child</relationType>
    <treeOrder>0</treeOrder>
  </com.dotmarketing.beans.Tree>
  <com.dotmarketing.beans.Tree>
    <parent>cf140e2a-d01d-4d48-8ab0-e87aceb22b33</parent>
    <child>7f640cb0-5795-4b96-b54f-e53dfdc52002</child>
    <relationType>child</relationType>
    <treeOrder>0</treeOrder>
  </com.dotmarketing.beans.Tree>
  <com.dotmarketing.beans.Tree>
    <parent>cf140e2a-d01d-4d48-8ab0-e87aceb22b33</parent>
    <child>8616fbbc-3a8e-4f02-ab8a-e2e3d484b4b6</child>
    <relationType>child</relationType>
    <treeOrder>0</treeOrder>
  </com.dotmarketing.beans.Tree>
  <com.dotmarketing.beans.Tree>
    <parent>cf140e2a-d01d-4d48-8ab0-e87aceb22b33</parent>
    <child>9687e133-47d3-47e7-8f3c-bdaa7de72965</child>
    <relationType>child</relationType>
    <treeOrder>0</treeOrder>
  </com.dotmarketing.beans.Tree>
  <com.dotmarketing.beans.Tree>
    <parent>cf140e2a-d01d-4d48-8ab0-e87aceb22b33</parent>
    <child>9880b299-5598-4b39-a97e-e334b5d4e9a7</child>
    <relationType>child</relationType>
    <treeOrder>0</treeOrder>
  </com.dotmarketing.beans.Tree>
  <com.dotmarketing.beans.Tree>
    <parent>cf140e2a-d01d-4d48-8ab0-e87aceb22b33</parent>
    <child>9ae50dc9-fbb5-44de-9bad-57a4d2e36703</child>
    <relationType>child</relationType>
    <treeOrder>0</treeOrder>
  </com.dotmarketing.beans.Tree>
  <com.dotmarketing.beans.Tree>
    <parent>cf140e2a-d01d-4d48-8ab0-e87aceb22b33</parent>
    <child>9ef159bb-214e-4c7c-bd3b-5ab82026859b</child>
    <relationType>child</relationType>
    <treeOrder>0</treeOrder>
  </com.dotmarketing.beans.Tree>
  <com.dotmarketing.beans.Tree>
    <parent>cf140e2a-d01d-4d48-8ab0-e87aceb22b33</parent>
    <child>a02bae3f-3023-4f3e-9a70-89f5fd787dc6</child>
    <relationType>child</relationType>
    <treeOrder>0</treeOrder>
  </com.dotmarketing.beans.Tree>
  <com.dotmarketing.beans.Tree>
    <parent>cf140e2a-d01d-4d48-8ab0-e87aceb22b33</parent>
    <child>a5cb354e-7803-4f6d-9b1b-cd34a2af5214</child>
    <relationType>child</relationType>
    <treeOrder>0</treeOrder>
  </com.dotmarketing.beans.Tree>
  <com.dotmarketing.beans.Tree>
    <parent>cf140e2a-d01d-4d48-8ab0-e87aceb22b33</parent>
    <child>a778550d-77e9-491b-948c-60291e690006</child>
    <relationType>child</relationType>
    <treeOrder>0</treeOrder>
  </com.dotmarketing.beans.Tree>
  <com.dotmarketing.beans.Tree>
    <parent>cf140e2a-d01d-4d48-8ab0-e87aceb22b33</parent>
    <child>a802e746-94fd-4153-aba1-3f6986ae1c74</child>
    <relationType>child</relationType>
    <treeOrder>0</treeOrder>
  </com.dotmarketing.beans.Tree>
  <com.dotmarketing.beans.Tree>
    <parent>cf140e2a-d01d-4d48-8ab0-e87aceb22b33</parent>
    <child>a8b56f9f-7ac7-43e3-bf78-32a32bd95810</child>
    <relationType>child</relationType>
    <treeOrder>0</treeOrder>
  </com.dotmarketing.beans.Tree>
  <com.dotmarketing.beans.Tree>
    <parent>cf140e2a-d01d-4d48-8ab0-e87aceb22b33</parent>
    <child>abc451d8-dcef-40df-b745-6dc35c3a5345</child>
    <relationType>child</relationType>
    <treeOrder>0</treeOrder>
  </com.dotmarketing.beans.Tree>
  <com.dotmarketing.beans.Tree>
    <parent>cf140e2a-d01d-4d48-8ab0-e87aceb22b33</parent>
    <child>acf4f6aa-7a37-40b4-9ccf-2d6faa07fe11</child>
    <relationType>child</relationType>
    <treeOrder>0</treeOrder>
  </com.dotmarketing.beans.Tree>
  <com.dotmarketing.beans.Tree>
    <parent>cf140e2a-d01d-4d48-8ab0-e87aceb22b33</parent>
    <child>add5aa39-d1a2-4fdc-aef4-8280f5fb9fd9</child>
    <relationType>child</relationType>
    <treeOrder>0</treeOrder>
  </com.dotmarketing.beans.Tree>
  <com.dotmarketing.beans.Tree>
    <parent>cf140e2a-d01d-4d48-8ab0-e87aceb22b33</parent>
    <child>b692961b-9a1b-4494-9594-f11b1b0062ea</child>
    <relationType>child</relationType>
    <treeOrder>0</treeOrder>
  </com.dotmarketing.beans.Tree>
  <com.dotmarketing.beans.Tree>
    <parent>cf140e2a-d01d-4d48-8ab0-e87aceb22b33</parent>
    <child>b97f0378-f0c4-4420-bbd0-70f88ba6e011</child>
    <relationType>child</relationType>
    <treeOrder>0</treeOrder>
  </com.dotmarketing.beans.Tree>
  <com.dotmarketing.beans.Tree>
    <parent>cf140e2a-d01d-4d48-8ab0-e87aceb22b33</parent>
    <child>b9ca3cee-9505-4b37-8544-57a72d837928</child>
    <relationType>child</relationType>
    <treeOrder>0</treeOrder>
  </com.dotmarketing.beans.Tree>
  <com.dotmarketing.beans.Tree>
    <parent>cf140e2a-d01d-4d48-8ab0-e87aceb22b33</parent>
    <child>bde8dfed-daca-4d46-9716-640b746a8658</child>
    <relationType>child</relationType>
    <treeOrder>0</treeOrder>
  </com.dotmarketing.beans.Tree>
  <com.dotmarketing.beans.Tree>
    <parent>cf140e2a-d01d-4d48-8ab0-e87aceb22b33</parent>
    <child>c37e0f1a-4aba-4844-9f4e-4fc2e17d62df</child>
    <relationType>child</relationType>
    <treeOrder>0</treeOrder>
  </com.dotmarketing.beans.Tree>
  <com.dotmarketing.beans.Tree>
    <parent>cf140e2a-d01d-4d48-8ab0-e87aceb22b33</parent>
    <child>c60bf8a4-cdfe-4eda-b7a8-64e83ea70c33</child>
    <relationType>child</relationType>
    <treeOrder>0</treeOrder>
  </com.dotmarketing.beans.Tree>
  <com.dotmarketing.beans.Tree>
    <parent>cf140e2a-d01d-4d48-8ab0-e87aceb22b33</parent>
    <child>c92c8b55-9cb1-4853-aaaf-6ffbdacf0a23</child>
    <relationType>child</relationType>
    <treeOrder>0</treeOrder>
  </com.dotmarketing.beans.Tree>
  <com.dotmarketing.beans.Tree>
    <parent>cf140e2a-d01d-4d48-8ab0-e87aceb22b33</parent>
    <child>cb82d44c-8960-4d5f-adc9-49cea696070f</child>
    <relationType>child</relationType>
    <treeOrder>0</treeOrder>
  </com.dotmarketing.beans.Tree>
  <com.dotmarketing.beans.Tree>
    <parent>cf140e2a-d01d-4d48-8ab0-e87aceb22b33</parent>
    <child>cc5d41b8-a951-4d49-a87d-612d9a788645</child>
    <relationType>child</relationType>
    <treeOrder>0</treeOrder>
  </com.dotmarketing.beans.Tree>
  <com.dotmarketing.beans.Tree>
    <parent>cf140e2a-d01d-4d48-8ab0-e87aceb22b33</parent>
    <child>cc892dc4-0707-4f77-9da1-434e0898af96</child>
    <relationType>child</relationType>
    <treeOrder>0</treeOrder>
  </com.dotmarketing.beans.Tree>
  <com.dotmarketing.beans.Tree>
    <parent>cf140e2a-d01d-4d48-8ab0-e87aceb22b33</parent>
    <child>d0f1c068-80bb-442c-8d9d-a20c9ee38e4e</child>
    <relationType>child</relationType>
    <treeOrder>0</treeOrder>
  </com.dotmarketing.beans.Tree>
  <com.dotmarketing.beans.Tree>
    <parent>cf140e2a-d01d-4d48-8ab0-e87aceb22b33</parent>
    <child>d149e9c7-3953-41cb-a692-85c22c18823b</child>
    <relationType>child</relationType>
    <treeOrder>0</treeOrder>
  </com.dotmarketing.beans.Tree>
  <com.dotmarketing.beans.Tree>
    <parent>cf140e2a-d01d-4d48-8ab0-e87aceb22b33</parent>
    <child>d18faeb2-5733-4652-9fe3-2d1ca30ccd5e</child>
    <relationType>child</relationType>
    <treeOrder>0</treeOrder>
  </com.dotmarketing.beans.Tree>
  <com.dotmarketing.beans.Tree>
    <parent>cf140e2a-d01d-4d48-8ab0-e87aceb22b33</parent>
    <child>d648b740-01a7-49bd-8a94-39db1432fd48</child>
    <relationType>child</relationType>
    <treeOrder>0</treeOrder>
  </com.dotmarketing.beans.Tree>
  <com.dotmarketing.beans.Tree>
    <parent>cf140e2a-d01d-4d48-8ab0-e87aceb22b33</parent>
    <child>d6f508e3-3973-48ba-a35a-93f08ecb46ae</child>
    <relationType>child</relationType>
    <treeOrder>0</treeOrder>
  </com.dotmarketing.beans.Tree>
  <com.dotmarketing.beans.Tree>
    <parent>cf140e2a-d01d-4d48-8ab0-e87aceb22b33</parent>
    <child>dc2d2e31-fcf2-4396-a7b3-5799b736af25</child>
    <relationType>child</relationType>
    <treeOrder>0</treeOrder>
  </com.dotmarketing.beans.Tree>
  <com.dotmarketing.beans.Tree>
    <parent>cf140e2a-d01d-4d48-8ab0-e87aceb22b33</parent>
    <child>dd6b51e5-0edd-4461-9dda-ab0e2281d4f2</child>
    <relationType>child</relationType>
    <treeOrder>0</treeOrder>
  </com.dotmarketing.beans.Tree>
  <com.dotmarketing.beans.Tree>
    <parent>cf140e2a-d01d-4d48-8ab0-e87aceb22b33</parent>
    <child>e07ed732-8275-4bef-b058-c1457a758efb</child>
    <relationType>child</relationType>
    <treeOrder>0</treeOrder>
  </com.dotmarketing.beans.Tree>
  <com.dotmarketing.beans.Tree>
    <parent>cf140e2a-d01d-4d48-8ab0-e87aceb22b33</parent>
    <child>e2d2a54b-7d83-48e5-a0e4-b05d5feaaf79</child>
    <relationType>child</relationType>
    <treeOrder>0</treeOrder>
  </com.dotmarketing.beans.Tree>
  <com.dotmarketing.beans.Tree>
    <parent>cf140e2a-d01d-4d48-8ab0-e87aceb22b33</parent>
    <child>e812a30c-63a0-4596-a44b-2936d1aa2420</child>
    <relationType>child</relationType>
    <treeOrder>0</treeOrder>
  </com.dotmarketing.beans.Tree>
  <com.dotmarketing.beans.Tree>
    <parent>cf140e2a-d01d-4d48-8ab0-e87aceb22b33</parent>
    <child>e9481ce9-811e-47ef-934f-619c0fb16bf1</child>
    <relationType>child</relationType>
    <treeOrder>0</treeOrder>
  </com.dotmarketing.beans.Tree>
  <com.dotmarketing.beans.Tree>
    <parent>cf140e2a-d01d-4d48-8ab0-e87aceb22b33</parent>
    <child>ea0bc8e7-8ed2-4b11-8800-faa9fa23aeaa</child>
    <relationType>child</relationType>
    <treeOrder>0</treeOrder>
  </com.dotmarketing.beans.Tree>
  <com.dotmarketing.beans.Tree>
    <parent>cf140e2a-d01d-4d48-8ab0-e87aceb22b33</parent>
    <child>ec8d171f-d7bb-4614-bf13-1fcfe0eff502</child>
    <relationType>child</relationType>
    <treeOrder>0</treeOrder>
  </com.dotmarketing.beans.Tree>
  <com.dotmarketing.beans.Tree>
    <parent>cf140e2a-d01d-4d48-8ab0-e87aceb22b33</parent>
    <child>ecb48490-ec0e-4166-b19a-0c0c3282df1d</child>
    <relationType>child</relationType>
    <treeOrder>0</treeOrder>
  </com.dotmarketing.beans.Tree>
  <com.dotmarketing.beans.Tree>
    <parent>cf140e2a-d01d-4d48-8ab0-e87aceb22b33</parent>
    <child>f172a143-3a5d-432e-91de-0987cac44182</child>
    <relationType>child</relationType>
    <treeOrder>0</treeOrder>
  </com.dotmarketing.beans.Tree>
  <com.dotmarketing.beans.Tree>
    <parent>cf140e2a-d01d-4d48-8ab0-e87aceb22b33</parent>
    <child>f5b0c0af-160b-4bce-ad44-3d066f314ce1</child>
    <relationType>child</relationType>
    <treeOrder>0</treeOrder>
  </com.dotmarketing.beans.Tree>
  <com.dotmarketing.beans.Tree>
    <parent>cf140e2a-d01d-4d48-8ab0-e87aceb22b33</parent>
    <child>f736e4a7-fad0-4d94-8102-a5e538dbceb9</child>
    <relationType>child</relationType>
    <treeOrder>0</treeOrder>
  </com.dotmarketing.beans.Tree>
  <com.dotmarketing.beans.Tree>
    <parent>cf140e2a-d01d-4d48-8ab0-e87aceb22b33</parent>
    <child>fad4db39-fc8c-40fc-a409-5bbf473d8ede</child>
    <relationType>child</relationType>
    <treeOrder>0</treeOrder>
  </com.dotmarketing.beans.Tree>
  <com.dotmarketing.beans.Tree>
    <parent>cf140e2a-d01d-4d48-8ab0-e87aceb22b33</parent>
    <child>fb6ccd8d-5c6a-448d-8392-5939c14fc8aa</child>
    <relationType>child</relationType>
    <treeOrder>0</treeOrder>
  </com.dotmarketing.beans.Tree>
  <com.dotmarketing.beans.Tree>
    <parent>cf140e2a-d01d-4d48-8ab0-e87aceb22b33</parent>
    <child>fea8be30-bb5e-4a88-8893-d4427cdfe1ad</child>
    <relationType>child</relationType>
    <treeOrder>0</treeOrder>
  </com.dotmarketing.beans.Tree>
  <com.dotmarketing.beans.Tree>
    <parent>d1e963ee-b6ba-4ca6-b060-5f696437a328</parent>
    <child>021cfcf3-8249-42dd-9948-9a50863e39f1</child>
    <relationType>child</relationType>
    <treeOrder>0</treeOrder>
  </com.dotmarketing.beans.Tree>
  <com.dotmarketing.beans.Tree>
    <parent>d1e963ee-b6ba-4ca6-b060-5f696437a328</parent>
    <child>03ff65be-076f-41b8-96df-b0131084b878</child>
    <relationType>child</relationType>
    <treeOrder>0</treeOrder>
  </com.dotmarketing.beans.Tree>
  <com.dotmarketing.beans.Tree>
    <parent>d1e963ee-b6ba-4ca6-b060-5f696437a328</parent>
    <child>04ebf729-34e6-4b8e-94b8-35f063a20d03</child>
    <relationType>child</relationType>
    <treeOrder>0</treeOrder>
  </com.dotmarketing.beans.Tree>
  <com.dotmarketing.beans.Tree>
    <parent>d1e963ee-b6ba-4ca6-b060-5f696437a328</parent>
    <child>05767557-f5ac-44d0-93dc-665c531149f8</child>
    <relationType>child</relationType>
    <treeOrder>0</treeOrder>
  </com.dotmarketing.beans.Tree>
  <com.dotmarketing.beans.Tree>
    <parent>d1e963ee-b6ba-4ca6-b060-5f696437a328</parent>
    <child>088ab750-3d70-4e32-9d4a-fa346b5ba265</child>
    <relationType>child</relationType>
    <treeOrder>0</treeOrder>
  </com.dotmarketing.beans.Tree>
  <com.dotmarketing.beans.Tree>
    <parent>d1e963ee-b6ba-4ca6-b060-5f696437a328</parent>
    <child>0c158783-22f2-4d67-b75c-dc045dd298e5</child>
    <relationType>child</relationType>
    <treeOrder>0</treeOrder>
  </com.dotmarketing.beans.Tree>
  <com.dotmarketing.beans.Tree>
    <parent>d1e963ee-b6ba-4ca6-b060-5f696437a328</parent>
    <child>0cfe160c-a87a-461c-99f8-49cfc5cdb8c1</child>
    <relationType>child</relationType>
    <treeOrder>0</treeOrder>
  </com.dotmarketing.beans.Tree>
  <com.dotmarketing.beans.Tree>
    <parent>d1e963ee-b6ba-4ca6-b060-5f696437a328</parent>
    <child>0db6506d-e3e4-4733-beb8-3d66cdfdae39</child>
    <relationType>child</relationType>
    <treeOrder>0</treeOrder>
  </com.dotmarketing.beans.Tree>
  <com.dotmarketing.beans.Tree>
    <parent>d1e963ee-b6ba-4ca6-b060-5f696437a328</parent>
    <child>0f96443c-47c5-4612-a789-445c729d4cb7</child>
    <relationType>child</relationType>
    <treeOrder>0</treeOrder>
  </com.dotmarketing.beans.Tree>
  <com.dotmarketing.beans.Tree>
    <parent>d1e963ee-b6ba-4ca6-b060-5f696437a328</parent>
    <child>10639b4f-95a5-4785-8fab-203db71b1d17</child>
    <relationType>child</relationType>
    <treeOrder>0</treeOrder>
  </com.dotmarketing.beans.Tree>
  <com.dotmarketing.beans.Tree>
    <parent>d1e963ee-b6ba-4ca6-b060-5f696437a328</parent>
    <child>166367a3-c0d7-47db-bc2a-6c950b42debb</child>
    <relationType>child</relationType>
    <treeOrder>0</treeOrder>
  </com.dotmarketing.beans.Tree>
  <com.dotmarketing.beans.Tree>
    <parent>d1e963ee-b6ba-4ca6-b060-5f696437a328</parent>
    <child>1a09ae74-7dfb-4278-aab1-b389b9e435c8</child>
    <relationType>child</relationType>
    <treeOrder>0</treeOrder>
  </com.dotmarketing.beans.Tree>
  <com.dotmarketing.beans.Tree>
    <parent>d1e963ee-b6ba-4ca6-b060-5f696437a328</parent>
    <child>1a7f5512-b072-496c-861d-737dd5d071ca</child>
    <relationType>child</relationType>
    <treeOrder>0</treeOrder>
  </com.dotmarketing.beans.Tree>
  <com.dotmarketing.beans.Tree>
    <parent>d1e963ee-b6ba-4ca6-b060-5f696437a328</parent>
    <child>1cf1a383-f017-42c4-8727-2eb895917605</child>
    <relationType>child</relationType>
    <treeOrder>0</treeOrder>
  </com.dotmarketing.beans.Tree>
  <com.dotmarketing.beans.Tree>
    <parent>d1e963ee-b6ba-4ca6-b060-5f696437a328</parent>
    <child>1faf9570-d555-496b-acbd-9cce7fe7a4b1</child>
    <relationType>child</relationType>
    <treeOrder>0</treeOrder>
  </com.dotmarketing.beans.Tree>
  <com.dotmarketing.beans.Tree>
    <parent>d1e963ee-b6ba-4ca6-b060-5f696437a328</parent>
    <child>20e3464b-ee24-47f5-96d8-f358d8befc7d</child>
    <relationType>child</relationType>
    <treeOrder>0</treeOrder>
  </com.dotmarketing.beans.Tree>
  <com.dotmarketing.beans.Tree>
    <parent>d1e963ee-b6ba-4ca6-b060-5f696437a328</parent>
    <child>21d3c4d5-7977-490e-b055-ecb7f70c62c5</child>
    <relationType>child</relationType>
    <treeOrder>0</treeOrder>
  </com.dotmarketing.beans.Tree>
  <com.dotmarketing.beans.Tree>
    <parent>d1e963ee-b6ba-4ca6-b060-5f696437a328</parent>
    <child>2371d21e-799c-4653-a8e4-fe4d0c1b8c22</child>
    <relationType>child</relationType>
    <treeOrder>0</treeOrder>
  </com.dotmarketing.beans.Tree>
  <com.dotmarketing.beans.Tree>
    <parent>d1e963ee-b6ba-4ca6-b060-5f696437a328</parent>
    <child>23cf1912-4e07-4583-979e-7024496f49ed</child>
    <relationType>child</relationType>
    <treeOrder>0</treeOrder>
  </com.dotmarketing.beans.Tree>
  <com.dotmarketing.beans.Tree>
    <parent>d1e963ee-b6ba-4ca6-b060-5f696437a328</parent>
    <child>25ee5d8f-3b38-4bd4-a283-0790b99b1096</child>
    <relationType>child</relationType>
    <treeOrder>0</treeOrder>
  </com.dotmarketing.beans.Tree>
  <com.dotmarketing.beans.Tree>
    <parent>d1e963ee-b6ba-4ca6-b060-5f696437a328</parent>
    <child>30aef750-5316-4039-b6f5-ccfac5a86a66</child>
    <relationType>child</relationType>
    <treeOrder>0</treeOrder>
  </com.dotmarketing.beans.Tree>
  <com.dotmarketing.beans.Tree>
    <parent>d1e963ee-b6ba-4ca6-b060-5f696437a328</parent>
    <child>32e39479-9a2b-482e-868b-8d90ee26b1c1</child>
    <relationType>child</relationType>
    <treeOrder>0</treeOrder>
  </com.dotmarketing.beans.Tree>
  <com.dotmarketing.beans.Tree>
    <parent>d1e963ee-b6ba-4ca6-b060-5f696437a328</parent>
    <child>33206367-bbdc-40e8-a167-1e3bb59afaf6</child>
    <relationType>child</relationType>
    <treeOrder>0</treeOrder>
  </com.dotmarketing.beans.Tree>
  <com.dotmarketing.beans.Tree>
    <parent>d1e963ee-b6ba-4ca6-b060-5f696437a328</parent>
    <child>35fdee19-3cd2-4493-8035-d81d0803ffdc</child>
    <relationType>child</relationType>
    <treeOrder>0</treeOrder>
  </com.dotmarketing.beans.Tree>
  <com.dotmarketing.beans.Tree>
    <parent>d1e963ee-b6ba-4ca6-b060-5f696437a328</parent>
    <child>372e0116-b6a4-467f-85a6-e994e2e8f665</child>
    <relationType>child</relationType>
    <treeOrder>0</treeOrder>
  </com.dotmarketing.beans.Tree>
  <com.dotmarketing.beans.Tree>
    <parent>d1e963ee-b6ba-4ca6-b060-5f696437a328</parent>
    <child>3b73d6d9-2b08-4591-9e52-a5775e7d0e90</child>
    <relationType>child</relationType>
    <treeOrder>0</treeOrder>
  </com.dotmarketing.beans.Tree>
  <com.dotmarketing.beans.Tree>
    <parent>d1e963ee-b6ba-4ca6-b060-5f696437a328</parent>
    <child>3f69cbf7-1de8-49d0-856c-ea1101779bf7</child>
    <relationType>child</relationType>
    <treeOrder>0</treeOrder>
  </com.dotmarketing.beans.Tree>
  <com.dotmarketing.beans.Tree>
    <parent>d1e963ee-b6ba-4ca6-b060-5f696437a328</parent>
    <child>3fa9f5d6-ee01-4a9f-a99d-6eb022fd8df5</child>
    <relationType>child</relationType>
    <treeOrder>0</treeOrder>
  </com.dotmarketing.beans.Tree>
  <com.dotmarketing.beans.Tree>
    <parent>d1e963ee-b6ba-4ca6-b060-5f696437a328</parent>
    <child>40d8b38e-5187-4750-b2b7-c0b02ffb9711</child>
    <relationType>child</relationType>
    <treeOrder>0</treeOrder>
  </com.dotmarketing.beans.Tree>
  <com.dotmarketing.beans.Tree>
    <parent>d1e963ee-b6ba-4ca6-b060-5f696437a328</parent>
    <child>41af471c-29e7-4302-8e07-8302e35d9684</child>
    <relationType>child</relationType>
    <treeOrder>0</treeOrder>
  </com.dotmarketing.beans.Tree>
  <com.dotmarketing.beans.Tree>
    <parent>d1e963ee-b6ba-4ca6-b060-5f696437a328</parent>
    <child>42f0ea0d-6620-4b93-97a6-44dbaee47720</child>
    <relationType>child</relationType>
    <treeOrder>0</treeOrder>
  </com.dotmarketing.beans.Tree>
  <com.dotmarketing.beans.Tree>
    <parent>d1e963ee-b6ba-4ca6-b060-5f696437a328</parent>
    <child>437faf5f-00f6-4963-9a13-3224fa88f743</child>
    <relationType>child</relationType>
    <treeOrder>0</treeOrder>
  </com.dotmarketing.beans.Tree>
  <com.dotmarketing.beans.Tree>
    <parent>d1e963ee-b6ba-4ca6-b060-5f696437a328</parent>
    <child>44c8996c-025f-4437-9154-5193ccb6d254</child>
    <relationType>child</relationType>
    <treeOrder>0</treeOrder>
  </com.dotmarketing.beans.Tree>
  <com.dotmarketing.beans.Tree>
    <parent>d1e963ee-b6ba-4ca6-b060-5f696437a328</parent>
    <child>46e54019-8c8e-4f39-8aae-b265699b4271</child>
    <relationType>child</relationType>
    <treeOrder>0</treeOrder>
  </com.dotmarketing.beans.Tree>
  <com.dotmarketing.beans.Tree>
    <parent>d1e963ee-b6ba-4ca6-b060-5f696437a328</parent>
    <child>479219f1-574d-41d7-94a4-12c0cc394103</child>
    <relationType>child</relationType>
    <treeOrder>0</treeOrder>
  </com.dotmarketing.beans.Tree>
  <com.dotmarketing.beans.Tree>
    <parent>d1e963ee-b6ba-4ca6-b060-5f696437a328</parent>
    <child>48c2c20b-f528-4601-8445-c99a71807398</child>
    <relationType>child</relationType>
    <treeOrder>0</treeOrder>
  </com.dotmarketing.beans.Tree>
  <com.dotmarketing.beans.Tree>
    <parent>d1e963ee-b6ba-4ca6-b060-5f696437a328</parent>
    <child>4cbe7190-7308-4026-ae61-39d0824fba8b</child>
    <relationType>child</relationType>
    <treeOrder>0</treeOrder>
  </com.dotmarketing.beans.Tree>
  <com.dotmarketing.beans.Tree>
    <parent>d1e963ee-b6ba-4ca6-b060-5f696437a328</parent>
    <child>4cfa9e88-2ba6-4a10-bfff-89f12d940ffc</child>
    <relationType>child</relationType>
    <treeOrder>0</treeOrder>
  </com.dotmarketing.beans.Tree>
  <com.dotmarketing.beans.Tree>
    <parent>d1e963ee-b6ba-4ca6-b060-5f696437a328</parent>
    <child>5092a051-89ac-4cfd-810a-ffe696f4e51f</child>
    <relationType>child</relationType>
    <treeOrder>0</treeOrder>
  </com.dotmarketing.beans.Tree>
  <com.dotmarketing.beans.Tree>
    <parent>d1e963ee-b6ba-4ca6-b060-5f696437a328</parent>
    <child>514723e9-3c5e-441a-9c2e-a6fe7eed573d</child>
    <relationType>child</relationType>
    <treeOrder>0</treeOrder>
  </com.dotmarketing.beans.Tree>
  <com.dotmarketing.beans.Tree>
    <parent>d1e963ee-b6ba-4ca6-b060-5f696437a328</parent>
    <child>575d39d4-2804-4ed6-a39d-b020d992bb5e</child>
    <relationType>child</relationType>
    <treeOrder>0</treeOrder>
  </com.dotmarketing.beans.Tree>
  <com.dotmarketing.beans.Tree>
    <parent>d1e963ee-b6ba-4ca6-b060-5f696437a328</parent>
    <child>58110866-dd7d-410a-9088-0dc7fd4099af</child>
    <relationType>child</relationType>
    <treeOrder>0</treeOrder>
  </com.dotmarketing.beans.Tree>
  <com.dotmarketing.beans.Tree>
    <parent>d1e963ee-b6ba-4ca6-b060-5f696437a328</parent>
    <child>58675251-bc70-47a8-8ea6-3e282fe35666</child>
    <relationType>child</relationType>
    <treeOrder>0</treeOrder>
  </com.dotmarketing.beans.Tree>
  <com.dotmarketing.beans.Tree>
    <parent>d1e963ee-b6ba-4ca6-b060-5f696437a328</parent>
    <child>59933383-f783-423e-bbba-6595bb1d7c03</child>
    <relationType>child</relationType>
    <treeOrder>0</treeOrder>
  </com.dotmarketing.beans.Tree>
  <com.dotmarketing.beans.Tree>
    <parent>d1e963ee-b6ba-4ca6-b060-5f696437a328</parent>
    <child>5e4d0e19-b70d-4ba4-b850-ac15a005cebe</child>
    <relationType>child</relationType>
    <treeOrder>0</treeOrder>
  </com.dotmarketing.beans.Tree>
  <com.dotmarketing.beans.Tree>
    <parent>d1e963ee-b6ba-4ca6-b060-5f696437a328</parent>
    <child>5fb283fb-0ec4-4aa1-b7e9-732a4ee07765</child>
    <relationType>child</relationType>
    <treeOrder>0</treeOrder>
  </com.dotmarketing.beans.Tree>
  <com.dotmarketing.beans.Tree>
    <parent>d1e963ee-b6ba-4ca6-b060-5f696437a328</parent>
    <child>608e2f15-45ff-4771-b6d7-e39a4aa73a96</child>
    <relationType>child</relationType>
    <treeOrder>0</treeOrder>
  </com.dotmarketing.beans.Tree>
  <com.dotmarketing.beans.Tree>
    <parent>d1e963ee-b6ba-4ca6-b060-5f696437a328</parent>
    <child>636782d2-73a9-4796-87b2-d45c847765fa</child>
    <relationType>child</relationType>
    <treeOrder>0</treeOrder>
  </com.dotmarketing.beans.Tree>
  <com.dotmarketing.beans.Tree>
    <parent>d1e963ee-b6ba-4ca6-b060-5f696437a328</parent>
    <child>6c62149a-77f1-4cac-8fea-c8b77d8d3eb0</child>
    <relationType>child</relationType>
    <treeOrder>0</treeOrder>
  </com.dotmarketing.beans.Tree>
  <com.dotmarketing.beans.Tree>
    <parent>d1e963ee-b6ba-4ca6-b060-5f696437a328</parent>
    <child>6f1f507c-199c-4162-ab86-5c1caf0767a9</child>
    <relationType>child</relationType>
    <treeOrder>0</treeOrder>
  </com.dotmarketing.beans.Tree>
  <com.dotmarketing.beans.Tree>
    <parent>d1e963ee-b6ba-4ca6-b060-5f696437a328</parent>
    <child>6fb75a8a-33df-4ece-a848-e045067e697d</child>
    <relationType>child</relationType>
    <treeOrder>0</treeOrder>
  </com.dotmarketing.beans.Tree>
  <com.dotmarketing.beans.Tree>
    <parent>d1e963ee-b6ba-4ca6-b060-5f696437a328</parent>
    <child>7660583a-6cbe-4125-82cf-f507546f89be</child>
    <relationType>child</relationType>
    <treeOrder>0</treeOrder>
  </com.dotmarketing.beans.Tree>
  <com.dotmarketing.beans.Tree>
    <parent>d1e963ee-b6ba-4ca6-b060-5f696437a328</parent>
    <child>784e6721-4f8f-46c9-a392-ddbb65fb82a2</child>
    <relationType>child</relationType>
    <treeOrder>0</treeOrder>
  </com.dotmarketing.beans.Tree>
  <com.dotmarketing.beans.Tree>
    <parent>d1e963ee-b6ba-4ca6-b060-5f696437a328</parent>
    <child>789a5447-3ea8-42ba-813d-f939914c5ef2</child>
    <relationType>child</relationType>
    <treeOrder>0</treeOrder>
  </com.dotmarketing.beans.Tree>
  <com.dotmarketing.beans.Tree>
    <parent>d1e963ee-b6ba-4ca6-b060-5f696437a328</parent>
    <child>79ab17bb-2b27-4782-bec3-392a1cdcc8eb</child>
    <relationType>child</relationType>
    <treeOrder>0</treeOrder>
  </com.dotmarketing.beans.Tree>
  <com.dotmarketing.beans.Tree>
    <parent>d1e963ee-b6ba-4ca6-b060-5f696437a328</parent>
    <child>7e52bc6b-ac58-4597-abec-8d16b56b60f6</child>
    <relationType>child</relationType>
    <treeOrder>0</treeOrder>
  </com.dotmarketing.beans.Tree>
  <com.dotmarketing.beans.Tree>
    <parent>d1e963ee-b6ba-4ca6-b060-5f696437a328</parent>
    <child>7f640cb0-5795-4b96-b54f-e53dfdc52002</child>
    <relationType>child</relationType>
    <treeOrder>0</treeOrder>
  </com.dotmarketing.beans.Tree>
  <com.dotmarketing.beans.Tree>
    <parent>d1e963ee-b6ba-4ca6-b060-5f696437a328</parent>
    <child>84753c9f-3519-43d2-bf5f-5d124f1d022f</child>
    <relationType>child</relationType>
    <treeOrder>0</treeOrder>
  </com.dotmarketing.beans.Tree>
  <com.dotmarketing.beans.Tree>
    <parent>d1e963ee-b6ba-4ca6-b060-5f696437a328</parent>
    <child>84f327e3-4978-42f5-994b-91e160a9de94</child>
    <relationType>child</relationType>
    <treeOrder>0</treeOrder>
  </com.dotmarketing.beans.Tree>
  <com.dotmarketing.beans.Tree>
    <parent>d1e963ee-b6ba-4ca6-b060-5f696437a328</parent>
    <child>8616fbbc-3a8e-4f02-ab8a-e2e3d484b4b6</child>
    <relationType>child</relationType>
    <treeOrder>0</treeOrder>
  </com.dotmarketing.beans.Tree>
  <com.dotmarketing.beans.Tree>
    <parent>d1e963ee-b6ba-4ca6-b060-5f696437a328</parent>
    <child>88a10c05-0054-4b44-8145-d1037a7985ef</child>
    <relationType>child</relationType>
    <treeOrder>0</treeOrder>
  </com.dotmarketing.beans.Tree>
  <com.dotmarketing.beans.Tree>
    <parent>d1e963ee-b6ba-4ca6-b060-5f696437a328</parent>
    <child>88d7fedd-6593-43a0-8554-53e01b919ce0</child>
    <relationType>child</relationType>
    <treeOrder>0</treeOrder>
  </com.dotmarketing.beans.Tree>
  <com.dotmarketing.beans.Tree>
    <parent>d1e963ee-b6ba-4ca6-b060-5f696437a328</parent>
    <child>9687e133-47d3-47e7-8f3c-bdaa7de72965</child>
    <relationType>child</relationType>
    <treeOrder>0</treeOrder>
  </com.dotmarketing.beans.Tree>
  <com.dotmarketing.beans.Tree>
    <parent>d1e963ee-b6ba-4ca6-b060-5f696437a328</parent>
    <child>97ce21c7-83fa-4504-9aec-003735f28429</child>
    <relationType>child</relationType>
    <treeOrder>0</treeOrder>
  </com.dotmarketing.beans.Tree>
  <com.dotmarketing.beans.Tree>
    <parent>d1e963ee-b6ba-4ca6-b060-5f696437a328</parent>
    <child>9880b299-5598-4b39-a97e-e334b5d4e9a7</child>
    <relationType>child</relationType>
    <treeOrder>0</treeOrder>
  </com.dotmarketing.beans.Tree>
  <com.dotmarketing.beans.Tree>
    <parent>d1e963ee-b6ba-4ca6-b060-5f696437a328</parent>
    <child>9ae50dc9-fbb5-44de-9bad-57a4d2e36703</child>
    <relationType>child</relationType>
    <treeOrder>0</treeOrder>
  </com.dotmarketing.beans.Tree>
  <com.dotmarketing.beans.Tree>
    <parent>d1e963ee-b6ba-4ca6-b060-5f696437a328</parent>
    <child>a02bae3f-3023-4f3e-9a70-89f5fd787dc6</child>
    <relationType>child</relationType>
    <treeOrder>0</treeOrder>
  </com.dotmarketing.beans.Tree>
  <com.dotmarketing.beans.Tree>
    <parent>d1e963ee-b6ba-4ca6-b060-5f696437a328</parent>
    <child>a5cb354e-7803-4f6d-9b1b-cd34a2af5214</child>
    <relationType>child</relationType>
    <treeOrder>0</treeOrder>
  </com.dotmarketing.beans.Tree>
  <com.dotmarketing.beans.Tree>
    <parent>d1e963ee-b6ba-4ca6-b060-5f696437a328</parent>
    <child>a802e746-94fd-4153-aba1-3f6986ae1c74</child>
    <relationType>child</relationType>
    <treeOrder>0</treeOrder>
  </com.dotmarketing.beans.Tree>
  <com.dotmarketing.beans.Tree>
    <parent>d1e963ee-b6ba-4ca6-b060-5f696437a328</parent>
    <child>a8b56f9f-7ac7-43e3-bf78-32a32bd95810</child>
    <relationType>child</relationType>
    <treeOrder>0</treeOrder>
  </com.dotmarketing.beans.Tree>
  <com.dotmarketing.beans.Tree>
    <parent>d1e963ee-b6ba-4ca6-b060-5f696437a328</parent>
    <child>ac979372-e6ac-4dc3-ad7a-5d08e85ce4c4</child>
    <relationType>child</relationType>
    <treeOrder>0</treeOrder>
  </com.dotmarketing.beans.Tree>
  <com.dotmarketing.beans.Tree>
    <parent>d1e963ee-b6ba-4ca6-b060-5f696437a328</parent>
    <child>acf4f6aa-7a37-40b4-9ccf-2d6faa07fe11</child>
    <relationType>child</relationType>
    <treeOrder>0</treeOrder>
  </com.dotmarketing.beans.Tree>
  <com.dotmarketing.beans.Tree>
    <parent>d1e963ee-b6ba-4ca6-b060-5f696437a328</parent>
    <child>add5aa39-d1a2-4fdc-aef4-8280f5fb9fd9</child>
    <relationType>child</relationType>
    <treeOrder>0</treeOrder>
  </com.dotmarketing.beans.Tree>
  <com.dotmarketing.beans.Tree>
    <parent>d1e963ee-b6ba-4ca6-b060-5f696437a328</parent>
    <child>b4ffa2d4-2ced-4ad9-8a84-db471957085d</child>
    <relationType>child</relationType>
    <treeOrder>0</treeOrder>
  </com.dotmarketing.beans.Tree>
  <com.dotmarketing.beans.Tree>
    <parent>d1e963ee-b6ba-4ca6-b060-5f696437a328</parent>
    <child>b63ed6c6-d7cd-44cf-9259-739553f7bd4a</child>
    <relationType>child</relationType>
    <treeOrder>0</treeOrder>
  </com.dotmarketing.beans.Tree>
  <com.dotmarketing.beans.Tree>
    <parent>d1e963ee-b6ba-4ca6-b060-5f696437a328</parent>
    <child>b692961b-9a1b-4494-9594-f11b1b0062ea</child>
    <relationType>child</relationType>
    <treeOrder>0</treeOrder>
  </com.dotmarketing.beans.Tree>
  <com.dotmarketing.beans.Tree>
    <parent>d1e963ee-b6ba-4ca6-b060-5f696437a328</parent>
    <child>b97f0378-f0c4-4420-bbd0-70f88ba6e011</child>
    <relationType>child</relationType>
    <treeOrder>0</treeOrder>
  </com.dotmarketing.beans.Tree>
  <com.dotmarketing.beans.Tree>
    <parent>d1e963ee-b6ba-4ca6-b060-5f696437a328</parent>
    <child>b9ca3cee-9505-4b37-8544-57a72d837928</child>
    <relationType>child</relationType>
    <treeOrder>0</treeOrder>
  </com.dotmarketing.beans.Tree>
  <com.dotmarketing.beans.Tree>
    <parent>d1e963ee-b6ba-4ca6-b060-5f696437a328</parent>
    <child>bde8dfed-daca-4d46-9716-640b746a8658</child>
    <relationType>child</relationType>
    <treeOrder>0</treeOrder>
  </com.dotmarketing.beans.Tree>
  <com.dotmarketing.beans.Tree>
    <parent>d1e963ee-b6ba-4ca6-b060-5f696437a328</parent>
    <child>c37e0f1a-4aba-4844-9f4e-4fc2e17d62df</child>
    <relationType>child</relationType>
    <treeOrder>0</treeOrder>
  </com.dotmarketing.beans.Tree>
  <com.dotmarketing.beans.Tree>
    <parent>d1e963ee-b6ba-4ca6-b060-5f696437a328</parent>
    <child>c40e9751-6d18-4291-9605-d8a80c6023a0</child>
    <relationType>child</relationType>
    <treeOrder>0</treeOrder>
  </com.dotmarketing.beans.Tree>
  <com.dotmarketing.beans.Tree>
    <parent>d1e963ee-b6ba-4ca6-b060-5f696437a328</parent>
    <child>c92c8b55-9cb1-4853-aaaf-6ffbdacf0a23</child>
    <relationType>child</relationType>
    <treeOrder>0</treeOrder>
  </com.dotmarketing.beans.Tree>
  <com.dotmarketing.beans.Tree>
    <parent>d1e963ee-b6ba-4ca6-b060-5f696437a328</parent>
    <child>cb82d44c-8960-4d5f-adc9-49cea696070f</child>
    <relationType>child</relationType>
    <treeOrder>0</treeOrder>
  </com.dotmarketing.beans.Tree>
  <com.dotmarketing.beans.Tree>
    <parent>d1e963ee-b6ba-4ca6-b060-5f696437a328</parent>
    <child>cc5d41b8-a951-4d49-a87d-612d9a788645</child>
    <relationType>child</relationType>
    <treeOrder>0</treeOrder>
  </com.dotmarketing.beans.Tree>
  <com.dotmarketing.beans.Tree>
    <parent>d1e963ee-b6ba-4ca6-b060-5f696437a328</parent>
    <child>cc892dc4-0707-4f77-9da1-434e0898af96</child>
    <relationType>child</relationType>
    <treeOrder>0</treeOrder>
  </com.dotmarketing.beans.Tree>
  <com.dotmarketing.beans.Tree>
    <parent>d1e963ee-b6ba-4ca6-b060-5f696437a328</parent>
    <child>d0f1c068-80bb-442c-8d9d-a20c9ee38e4e</child>
    <relationType>child</relationType>
    <treeOrder>0</treeOrder>
  </com.dotmarketing.beans.Tree>
  <com.dotmarketing.beans.Tree>
    <parent>d1e963ee-b6ba-4ca6-b060-5f696437a328</parent>
    <child>d18faeb2-5733-4652-9fe3-2d1ca30ccd5e</child>
    <relationType>child</relationType>
    <treeOrder>0</treeOrder>
  </com.dotmarketing.beans.Tree>
  <com.dotmarketing.beans.Tree>
    <parent>d1e963ee-b6ba-4ca6-b060-5f696437a328</parent>
    <child>d29a02bf-86a5-4fca-918b-c7b2275b5737</child>
    <relationType>child</relationType>
    <treeOrder>0</treeOrder>
  </com.dotmarketing.beans.Tree>
  <com.dotmarketing.beans.Tree>
    <parent>d1e963ee-b6ba-4ca6-b060-5f696437a328</parent>
    <child>d6f508e3-3973-48ba-a35a-93f08ecb46ae</child>
    <relationType>child</relationType>
    <treeOrder>0</treeOrder>
  </com.dotmarketing.beans.Tree>
  <com.dotmarketing.beans.Tree>
    <parent>d1e963ee-b6ba-4ca6-b060-5f696437a328</parent>
    <child>db9faea0-b3f3-4db6-b759-fbccba7af2fa</child>
    <relationType>child</relationType>
    <treeOrder>0</treeOrder>
  </com.dotmarketing.beans.Tree>
  <com.dotmarketing.beans.Tree>
    <parent>d1e963ee-b6ba-4ca6-b060-5f696437a328</parent>
    <child>dc2d2e31-fcf2-4396-a7b3-5799b736af25</child>
    <relationType>child</relationType>
    <treeOrder>0</treeOrder>
  </com.dotmarketing.beans.Tree>
  <com.dotmarketing.beans.Tree>
    <parent>d1e963ee-b6ba-4ca6-b060-5f696437a328</parent>
    <child>dd6b51e5-0edd-4461-9dda-ab0e2281d4f2</child>
    <relationType>child</relationType>
    <treeOrder>0</treeOrder>
  </com.dotmarketing.beans.Tree>
  <com.dotmarketing.beans.Tree>
    <parent>d1e963ee-b6ba-4ca6-b060-5f696437a328</parent>
    <child>e812a30c-63a0-4596-a44b-2936d1aa2420</child>
    <relationType>child</relationType>
    <treeOrder>0</treeOrder>
  </com.dotmarketing.beans.Tree>
  <com.dotmarketing.beans.Tree>
    <parent>d1e963ee-b6ba-4ca6-b060-5f696437a328</parent>
    <child>ea0bc8e7-8ed2-4b11-8800-faa9fa23aeaa</child>
    <relationType>child</relationType>
    <treeOrder>0</treeOrder>
  </com.dotmarketing.beans.Tree>
  <com.dotmarketing.beans.Tree>
    <parent>d1e963ee-b6ba-4ca6-b060-5f696437a328</parent>
    <child>ebfb66d1-c4e2-4d89-9e9e-e917b5529c18</child>
    <relationType>child</relationType>
    <treeOrder>0</treeOrder>
  </com.dotmarketing.beans.Tree>
  <com.dotmarketing.beans.Tree>
    <parent>d1e963ee-b6ba-4ca6-b060-5f696437a328</parent>
    <child>ec8d171f-d7bb-4614-bf13-1fcfe0eff502</child>
    <relationType>child</relationType>
    <treeOrder>0</treeOrder>
  </com.dotmarketing.beans.Tree>
  <com.dotmarketing.beans.Tree>
    <parent>d1e963ee-b6ba-4ca6-b060-5f696437a328</parent>
    <child>ee1e833b-6adb-4ea3-a139-bd9d1953cf61</child>
    <relationType>child</relationType>
    <treeOrder>0</treeOrder>
  </com.dotmarketing.beans.Tree>
  <com.dotmarketing.beans.Tree>
    <parent>d1e963ee-b6ba-4ca6-b060-5f696437a328</parent>
    <child>f172a143-3a5d-432e-91de-0987cac44182</child>
    <relationType>child</relationType>
    <treeOrder>0</treeOrder>
  </com.dotmarketing.beans.Tree>
  <com.dotmarketing.beans.Tree>
    <parent>d1e963ee-b6ba-4ca6-b060-5f696437a328</parent>
    <child>f736e4a7-fad0-4d94-8102-a5e538dbceb9</child>
    <relationType>child</relationType>
    <treeOrder>0</treeOrder>
  </com.dotmarketing.beans.Tree>
  <com.dotmarketing.beans.Tree>
    <parent>d1e963ee-b6ba-4ca6-b060-5f696437a328</parent>
    <child>f82d6315-2904-4a50-889f-207f053212a6</child>
    <relationType>child</relationType>
    <treeOrder>0</treeOrder>
  </com.dotmarketing.beans.Tree>
  <com.dotmarketing.beans.Tree>
    <parent>d1e963ee-b6ba-4ca6-b060-5f696437a328</parent>
    <child>f9a2e357-53d2-4cb0-a381-ced650324da4</child>
    <relationType>child</relationType>
    <treeOrder>0</treeOrder>
  </com.dotmarketing.beans.Tree>
  <com.dotmarketing.beans.Tree>
    <parent>d1e963ee-b6ba-4ca6-b060-5f696437a328</parent>
    <child>fb6ccd8d-5c6a-448d-8392-5939c14fc8aa</child>
    <relationType>child</relationType>
    <treeOrder>0</treeOrder>
  </com.dotmarketing.beans.Tree>
  <com.dotmarketing.beans.Tree>
    <parent>d1e963ee-b6ba-4ca6-b060-5f696437a328</parent>
    <child>fd8ebf34-9a14-4f9f-9376-54ff762db0fa</child>
    <relationType>child</relationType>
    <treeOrder>0</treeOrder>
  </com.dotmarketing.beans.Tree>
  <com.dotmarketing.beans.Tree>
    <parent>ede13663-ff06-4d01-ab99-a8976e995010</parent>
    <child>04ebf729-34e6-4b8e-94b8-35f063a20d03</child>
    <relationType>child</relationType>
    <treeOrder>0</treeOrder>
  </com.dotmarketing.beans.Tree>
  <com.dotmarketing.beans.Tree>
    <parent>ede13663-ff06-4d01-ab99-a8976e995010</parent>
    <child>05f6d714-3f33-4bb7-815e-7a668ceb3f81</child>
    <relationType>child</relationType>
    <treeOrder>0</treeOrder>
  </com.dotmarketing.beans.Tree>
  <com.dotmarketing.beans.Tree>
    <parent>ede13663-ff06-4d01-ab99-a8976e995010</parent>
    <child>066f7a39-3de4-47fa-b35b-bcd73e54fdb7</child>
    <relationType>child</relationType>
    <treeOrder>0</treeOrder>
  </com.dotmarketing.beans.Tree>
  <com.dotmarketing.beans.Tree>
    <parent>ede13663-ff06-4d01-ab99-a8976e995010</parent>
    <child>09d891da-0e10-4ba0-8683-7e97d6d581a9</child>
    <relationType>child</relationType>
    <treeOrder>0</treeOrder>
  </com.dotmarketing.beans.Tree>
  <com.dotmarketing.beans.Tree>
    <parent>ede13663-ff06-4d01-ab99-a8976e995010</parent>
    <child>0c158783-22f2-4d67-b75c-dc045dd298e5</child>
    <relationType>child</relationType>
    <treeOrder>0</treeOrder>
  </com.dotmarketing.beans.Tree>
  <com.dotmarketing.beans.Tree>
    <parent>ede13663-ff06-4d01-ab99-a8976e995010</parent>
    <child>0d967af2-6d12-4d4c-b6e3-4e4a727d1dac</child>
    <relationType>child</relationType>
    <treeOrder>0</treeOrder>
  </com.dotmarketing.beans.Tree>
  <com.dotmarketing.beans.Tree>
    <parent>ede13663-ff06-4d01-ab99-a8976e995010</parent>
    <child>0f96443c-47c5-4612-a789-445c729d4cb7</child>
    <relationType>child</relationType>
    <treeOrder>0</treeOrder>
  </com.dotmarketing.beans.Tree>
  <com.dotmarketing.beans.Tree>
    <parent>ede13663-ff06-4d01-ab99-a8976e995010</parent>
    <child>166367a3-c0d7-47db-bc2a-6c950b42debb</child>
    <relationType>child</relationType>
    <treeOrder>0</treeOrder>
  </com.dotmarketing.beans.Tree>
  <com.dotmarketing.beans.Tree>
    <parent>ede13663-ff06-4d01-ab99-a8976e995010</parent>
    <child>1a7f5512-b072-496c-861d-737dd5d071ca</child>
    <relationType>child</relationType>
    <treeOrder>0</treeOrder>
  </com.dotmarketing.beans.Tree>
  <com.dotmarketing.beans.Tree>
    <parent>ede13663-ff06-4d01-ab99-a8976e995010</parent>
    <child>1f70d82a-e6b0-4057-8edf-753a840da4d1</child>
    <relationType>child</relationType>
    <treeOrder>0</treeOrder>
  </com.dotmarketing.beans.Tree>
  <com.dotmarketing.beans.Tree>
    <parent>ede13663-ff06-4d01-ab99-a8976e995010</parent>
    <child>1faf9570-d555-496b-acbd-9cce7fe7a4b1</child>
    <relationType>child</relationType>
    <treeOrder>0</treeOrder>
  </com.dotmarketing.beans.Tree>
  <com.dotmarketing.beans.Tree>
    <parent>ede13663-ff06-4d01-ab99-a8976e995010</parent>
    <child>23cf1912-4e07-4583-979e-7024496f49ed</child>
    <relationType>child</relationType>
    <treeOrder>0</treeOrder>
  </com.dotmarketing.beans.Tree>
  <com.dotmarketing.beans.Tree>
    <parent>ede13663-ff06-4d01-ab99-a8976e995010</parent>
    <child>25ee5d8f-3b38-4bd4-a283-0790b99b1096</child>
    <relationType>child</relationType>
    <treeOrder>0</treeOrder>
  </com.dotmarketing.beans.Tree>
  <com.dotmarketing.beans.Tree>
    <parent>ede13663-ff06-4d01-ab99-a8976e995010</parent>
    <child>30d24954-c770-45f5-b0cc-4eb2f345ec0b</child>
    <relationType>child</relationType>
    <treeOrder>0</treeOrder>
  </com.dotmarketing.beans.Tree>
  <com.dotmarketing.beans.Tree>
    <parent>ede13663-ff06-4d01-ab99-a8976e995010</parent>
    <child>33206367-bbdc-40e8-a167-1e3bb59afaf6</child>
    <relationType>child</relationType>
    <treeOrder>0</treeOrder>
  </com.dotmarketing.beans.Tree>
  <com.dotmarketing.beans.Tree>
    <parent>ede13663-ff06-4d01-ab99-a8976e995010</parent>
    <child>35fdee19-3cd2-4493-8035-d81d0803ffdc</child>
    <relationType>child</relationType>
    <treeOrder>0</treeOrder>
  </com.dotmarketing.beans.Tree>
  <com.dotmarketing.beans.Tree>
    <parent>ede13663-ff06-4d01-ab99-a8976e995010</parent>
    <child>369c43b7-f1be-4ced-b336-bdee678c4e4b</child>
    <relationType>child</relationType>
    <treeOrder>0</treeOrder>
  </com.dotmarketing.beans.Tree>
  <com.dotmarketing.beans.Tree>
    <parent>ede13663-ff06-4d01-ab99-a8976e995010</parent>
    <child>372e0116-b6a4-467f-85a6-e994e2e8f665</child>
    <relationType>child</relationType>
    <treeOrder>0</treeOrder>
  </com.dotmarketing.beans.Tree>
  <com.dotmarketing.beans.Tree>
    <parent>ede13663-ff06-4d01-ab99-a8976e995010</parent>
    <child>38970c83-4e97-451e-b62f-20c39cdea8ea</child>
    <relationType>child</relationType>
    <treeOrder>0</treeOrder>
  </com.dotmarketing.beans.Tree>
  <com.dotmarketing.beans.Tree>
    <parent>ede13663-ff06-4d01-ab99-a8976e995010</parent>
    <child>3b73d6d9-2b08-4591-9e52-a5775e7d0e90</child>
    <relationType>child</relationType>
    <treeOrder>0</treeOrder>
  </com.dotmarketing.beans.Tree>
  <com.dotmarketing.beans.Tree>
    <parent>ede13663-ff06-4d01-ab99-a8976e995010</parent>
    <child>3f69cbf7-1de8-49d0-856c-ea1101779bf7</child>
    <relationType>child</relationType>
    <treeOrder>0</treeOrder>
  </com.dotmarketing.beans.Tree>
  <com.dotmarketing.beans.Tree>
    <parent>ede13663-ff06-4d01-ab99-a8976e995010</parent>
    <child>3fa9f5d6-ee01-4a9f-a99d-6eb022fd8df5</child>
    <relationType>child</relationType>
    <treeOrder>0</treeOrder>
  </com.dotmarketing.beans.Tree>
  <com.dotmarketing.beans.Tree>
    <parent>ede13663-ff06-4d01-ab99-a8976e995010</parent>
    <child>4069ef39-4c3c-480a-b32d-364a0ea2e9f4</child>
    <relationType>child</relationType>
    <treeOrder>0</treeOrder>
  </com.dotmarketing.beans.Tree>
  <com.dotmarketing.beans.Tree>
    <parent>ede13663-ff06-4d01-ab99-a8976e995010</parent>
    <child>41af471c-29e7-4302-8e07-8302e35d9684</child>
    <relationType>child</relationType>
    <treeOrder>0</treeOrder>
  </com.dotmarketing.beans.Tree>
  <com.dotmarketing.beans.Tree>
    <parent>ede13663-ff06-4d01-ab99-a8976e995010</parent>
    <child>479219f1-574d-41d7-94a4-12c0cc394103</child>
    <relationType>child</relationType>
    <treeOrder>0</treeOrder>
  </com.dotmarketing.beans.Tree>
  <com.dotmarketing.beans.Tree>
    <parent>ede13663-ff06-4d01-ab99-a8976e995010</parent>
    <child>48c2c20b-f528-4601-8445-c99a71807398</child>
    <relationType>child</relationType>
    <treeOrder>0</treeOrder>
  </com.dotmarketing.beans.Tree>
  <com.dotmarketing.beans.Tree>
    <parent>ede13663-ff06-4d01-ab99-a8976e995010</parent>
    <child>49bc516b-37ce-43c2-a05c-8827cfb86529</child>
    <relationType>child</relationType>
    <treeOrder>0</treeOrder>
  </com.dotmarketing.beans.Tree>
  <com.dotmarketing.beans.Tree>
    <parent>ede13663-ff06-4d01-ab99-a8976e995010</parent>
    <child>4cbe7190-7308-4026-ae61-39d0824fba8b</child>
    <relationType>child</relationType>
    <treeOrder>0</treeOrder>
  </com.dotmarketing.beans.Tree>
  <com.dotmarketing.beans.Tree>
    <parent>ede13663-ff06-4d01-ab99-a8976e995010</parent>
    <child>5092a051-89ac-4cfd-810a-ffe696f4e51f</child>
    <relationType>child</relationType>
    <treeOrder>0</treeOrder>
  </com.dotmarketing.beans.Tree>
  <com.dotmarketing.beans.Tree>
    <parent>ede13663-ff06-4d01-ab99-a8976e995010</parent>
    <child>514723e9-3c5e-441a-9c2e-a6fe7eed573d</child>
    <relationType>child</relationType>
    <treeOrder>0</treeOrder>
  </com.dotmarketing.beans.Tree>
  <com.dotmarketing.beans.Tree>
    <parent>ede13663-ff06-4d01-ab99-a8976e995010</parent>
    <child>58110866-dd7d-410a-9088-0dc7fd4099af</child>
    <relationType>child</relationType>
    <treeOrder>0</treeOrder>
  </com.dotmarketing.beans.Tree>
  <com.dotmarketing.beans.Tree>
    <parent>ede13663-ff06-4d01-ab99-a8976e995010</parent>
    <child>58675251-bc70-47a8-8ea6-3e282fe35666</child>
    <relationType>child</relationType>
    <treeOrder>0</treeOrder>
  </com.dotmarketing.beans.Tree>
  <com.dotmarketing.beans.Tree>
    <parent>ede13663-ff06-4d01-ab99-a8976e995010</parent>
    <child>5945aafe-a815-4373-bad7-3da33f4d5ac9</child>
    <relationType>child</relationType>
    <treeOrder>0</treeOrder>
  </com.dotmarketing.beans.Tree>
  <com.dotmarketing.beans.Tree>
    <parent>ede13663-ff06-4d01-ab99-a8976e995010</parent>
    <child>5e4d0e19-b70d-4ba4-b850-ac15a005cebe</child>
    <relationType>child</relationType>
    <treeOrder>0</treeOrder>
  </com.dotmarketing.beans.Tree>
  <com.dotmarketing.beans.Tree>
    <parent>ede13663-ff06-4d01-ab99-a8976e995010</parent>
    <child>6080f466-56f4-4c0e-be8d-faac03c93285</child>
    <relationType>child</relationType>
    <treeOrder>0</treeOrder>
  </com.dotmarketing.beans.Tree>
  <com.dotmarketing.beans.Tree>
    <parent>ede13663-ff06-4d01-ab99-a8976e995010</parent>
    <child>61aa6495-a03c-46a3-b149-7b54dad34217</child>
    <relationType>child</relationType>
    <treeOrder>0</treeOrder>
  </com.dotmarketing.beans.Tree>
  <com.dotmarketing.beans.Tree>
    <parent>ede13663-ff06-4d01-ab99-a8976e995010</parent>
    <child>656c0467-0fce-478a-8b90-3b51b2bfa5bb</child>
    <relationType>child</relationType>
    <treeOrder>0</treeOrder>
  </com.dotmarketing.beans.Tree>
  <com.dotmarketing.beans.Tree>
    <parent>ede13663-ff06-4d01-ab99-a8976e995010</parent>
    <child>6b744e23-7666-436a-8d53-e17ee3db5b10</child>
    <relationType>child</relationType>
    <treeOrder>0</treeOrder>
  </com.dotmarketing.beans.Tree>
  <com.dotmarketing.beans.Tree>
    <parent>ede13663-ff06-4d01-ab99-a8976e995010</parent>
    <child>6c62149a-77f1-4cac-8fea-c8b77d8d3eb0</child>
    <relationType>child</relationType>
    <treeOrder>0</treeOrder>
  </com.dotmarketing.beans.Tree>
  <com.dotmarketing.beans.Tree>
    <parent>ede13663-ff06-4d01-ab99-a8976e995010</parent>
    <child>6f1f507c-199c-4162-ab86-5c1caf0767a9</child>
    <relationType>child</relationType>
    <treeOrder>0</treeOrder>
  </com.dotmarketing.beans.Tree>
  <com.dotmarketing.beans.Tree>
    <parent>ede13663-ff06-4d01-ab99-a8976e995010</parent>
    <child>789a5447-3ea8-42ba-813d-f939914c5ef2</child>
    <relationType>child</relationType>
    <treeOrder>0</treeOrder>
  </com.dotmarketing.beans.Tree>
  <com.dotmarketing.beans.Tree>
    <parent>ede13663-ff06-4d01-ab99-a8976e995010</parent>
    <child>79ab17bb-2b27-4782-bec3-392a1cdcc8eb</child>
    <relationType>child</relationType>
    <treeOrder>0</treeOrder>
  </com.dotmarketing.beans.Tree>
  <com.dotmarketing.beans.Tree>
    <parent>ede13663-ff06-4d01-ab99-a8976e995010</parent>
    <child>7e52bc6b-ac58-4597-abec-8d16b56b60f6</child>
    <relationType>child</relationType>
    <treeOrder>0</treeOrder>
  </com.dotmarketing.beans.Tree>
  <com.dotmarketing.beans.Tree>
    <parent>ede13663-ff06-4d01-ab99-a8976e995010</parent>
    <child>80b62085-e5c5-467b-82e5-73df2e71738d</child>
    <relationType>child</relationType>
    <treeOrder>0</treeOrder>
  </com.dotmarketing.beans.Tree>
  <com.dotmarketing.beans.Tree>
    <parent>ede13663-ff06-4d01-ab99-a8976e995010</parent>
    <child>840385e2-42e2-4d75-af65-12eee34b9fc4</child>
    <relationType>child</relationType>
    <treeOrder>0</treeOrder>
  </com.dotmarketing.beans.Tree>
  <com.dotmarketing.beans.Tree>
    <parent>ede13663-ff06-4d01-ab99-a8976e995010</parent>
    <child>84753c9f-3519-43d2-bf5f-5d124f1d022f</child>
    <relationType>child</relationType>
    <treeOrder>0</treeOrder>
  </com.dotmarketing.beans.Tree>
  <com.dotmarketing.beans.Tree>
    <parent>ede13663-ff06-4d01-ab99-a8976e995010</parent>
    <child>84f327e3-4978-42f5-994b-91e160a9de94</child>
    <relationType>child</relationType>
    <treeOrder>0</treeOrder>
  </com.dotmarketing.beans.Tree>
  <com.dotmarketing.beans.Tree>
    <parent>ede13663-ff06-4d01-ab99-a8976e995010</parent>
    <child>8e2de23a-2963-42d4-9cab-816b20784075</child>
    <relationType>child</relationType>
    <treeOrder>0</treeOrder>
  </com.dotmarketing.beans.Tree>
  <com.dotmarketing.beans.Tree>
    <parent>ede13663-ff06-4d01-ab99-a8976e995010</parent>
    <child>92bbfd59-a966-41a2-9f2d-f2b25fca4548</child>
    <relationType>child</relationType>
    <treeOrder>0</treeOrder>
  </com.dotmarketing.beans.Tree>
  <com.dotmarketing.beans.Tree>
    <parent>ede13663-ff06-4d01-ab99-a8976e995010</parent>
    <child>94dbb06d-2d21-4f97-9064-5538f670847f</child>
    <relationType>child</relationType>
    <treeOrder>0</treeOrder>
  </com.dotmarketing.beans.Tree>
  <com.dotmarketing.beans.Tree>
    <parent>ede13663-ff06-4d01-ab99-a8976e995010</parent>
    <child>95bfa8cf-5078-4ee8-9d99-5b890b3f13e0</child>
    <relationType>child</relationType>
    <treeOrder>0</treeOrder>
  </com.dotmarketing.beans.Tree>
  <com.dotmarketing.beans.Tree>
    <parent>ede13663-ff06-4d01-ab99-a8976e995010</parent>
    <child>9687e133-47d3-47e7-8f3c-bdaa7de72965</child>
    <relationType>child</relationType>
    <treeOrder>0</treeOrder>
  </com.dotmarketing.beans.Tree>
  <com.dotmarketing.beans.Tree>
    <parent>ede13663-ff06-4d01-ab99-a8976e995010</parent>
    <child>a02bae3f-3023-4f3e-9a70-89f5fd787dc6</child>
    <relationType>child</relationType>
    <treeOrder>0</treeOrder>
  </com.dotmarketing.beans.Tree>
  <com.dotmarketing.beans.Tree>
    <parent>ede13663-ff06-4d01-ab99-a8976e995010</parent>
    <child>a5cb354e-7803-4f6d-9b1b-cd34a2af5214</child>
    <relationType>child</relationType>
    <treeOrder>0</treeOrder>
  </com.dotmarketing.beans.Tree>
  <com.dotmarketing.beans.Tree>
    <parent>ede13663-ff06-4d01-ab99-a8976e995010</parent>
    <child>a8b56f9f-7ac7-43e3-bf78-32a32bd95810</child>
    <relationType>child</relationType>
    <treeOrder>0</treeOrder>
  </com.dotmarketing.beans.Tree>
  <com.dotmarketing.beans.Tree>
    <parent>ede13663-ff06-4d01-ab99-a8976e995010</parent>
    <child>add5aa39-d1a2-4fdc-aef4-8280f5fb9fd9</child>
    <relationType>child</relationType>
    <treeOrder>0</treeOrder>
  </com.dotmarketing.beans.Tree>
  <com.dotmarketing.beans.Tree>
    <parent>ede13663-ff06-4d01-ab99-a8976e995010</parent>
    <child>b4ffa2d4-2ced-4ad9-8a84-db471957085d</child>
    <relationType>child</relationType>
    <treeOrder>0</treeOrder>
  </com.dotmarketing.beans.Tree>
  <com.dotmarketing.beans.Tree>
    <parent>ede13663-ff06-4d01-ab99-a8976e995010</parent>
    <child>b63ed6c6-d7cd-44cf-9259-739553f7bd4a</child>
    <relationType>child</relationType>
    <treeOrder>0</treeOrder>
  </com.dotmarketing.beans.Tree>
  <com.dotmarketing.beans.Tree>
    <parent>ede13663-ff06-4d01-ab99-a8976e995010</parent>
    <child>b76d9718-2464-4297-99f2-2e0fa27e44f2</child>
    <relationType>child</relationType>
    <treeOrder>0</treeOrder>
  </com.dotmarketing.beans.Tree>
  <com.dotmarketing.beans.Tree>
    <parent>ede13663-ff06-4d01-ab99-a8976e995010</parent>
    <child>b97f0378-f0c4-4420-bbd0-70f88ba6e011</child>
    <relationType>child</relationType>
    <treeOrder>0</treeOrder>
  </com.dotmarketing.beans.Tree>
  <com.dotmarketing.beans.Tree>
    <parent>ede13663-ff06-4d01-ab99-a8976e995010</parent>
    <child>bde8dfed-daca-4d46-9716-640b746a8658</child>
    <relationType>child</relationType>
    <treeOrder>0</treeOrder>
  </com.dotmarketing.beans.Tree>
  <com.dotmarketing.beans.Tree>
    <parent>ede13663-ff06-4d01-ab99-a8976e995010</parent>
    <child>c37e0f1a-4aba-4844-9f4e-4fc2e17d62df</child>
    <relationType>child</relationType>
    <treeOrder>0</treeOrder>
  </com.dotmarketing.beans.Tree>
  <com.dotmarketing.beans.Tree>
    <parent>ede13663-ff06-4d01-ab99-a8976e995010</parent>
    <child>c40e9751-6d18-4291-9605-d8a80c6023a0</child>
    <relationType>child</relationType>
    <treeOrder>0</treeOrder>
  </com.dotmarketing.beans.Tree>
  <com.dotmarketing.beans.Tree>
    <parent>ede13663-ff06-4d01-ab99-a8976e995010</parent>
    <child>cb82d44c-8960-4d5f-adc9-49cea696070f</child>
    <relationType>child</relationType>
    <treeOrder>0</treeOrder>
  </com.dotmarketing.beans.Tree>
  <com.dotmarketing.beans.Tree>
    <parent>ede13663-ff06-4d01-ab99-a8976e995010</parent>
    <child>cc892dc4-0707-4f77-9da1-434e0898af96</child>
    <relationType>child</relationType>
    <treeOrder>0</treeOrder>
  </com.dotmarketing.beans.Tree>
  <com.dotmarketing.beans.Tree>
    <parent>ede13663-ff06-4d01-ab99-a8976e995010</parent>
    <child>d0f1c068-80bb-442c-8d9d-a20c9ee38e4e</child>
    <relationType>child</relationType>
    <treeOrder>0</treeOrder>
  </com.dotmarketing.beans.Tree>
  <com.dotmarketing.beans.Tree>
    <parent>ede13663-ff06-4d01-ab99-a8976e995010</parent>
    <child>dba14aac-879b-4d23-8bbd-c9b8b10353bf</child>
    <relationType>child</relationType>
    <treeOrder>0</treeOrder>
  </com.dotmarketing.beans.Tree>
  <com.dotmarketing.beans.Tree>
    <parent>ede13663-ff06-4d01-ab99-a8976e995010</parent>
    <child>dc2d2e31-fcf2-4396-a7b3-5799b736af25</child>
    <relationType>child</relationType>
    <treeOrder>0</treeOrder>
  </com.dotmarketing.beans.Tree>
  <com.dotmarketing.beans.Tree>
    <parent>ede13663-ff06-4d01-ab99-a8976e995010</parent>
    <child>e812a30c-63a0-4596-a44b-2936d1aa2420</child>
    <relationType>child</relationType>
    <treeOrder>0</treeOrder>
  </com.dotmarketing.beans.Tree>
  <com.dotmarketing.beans.Tree>
    <parent>ede13663-ff06-4d01-ab99-a8976e995010</parent>
    <child>eb645004-47a7-446c-b90c-aa43166525b6</child>
    <relationType>child</relationType>
    <treeOrder>0</treeOrder>
  </com.dotmarketing.beans.Tree>
  <com.dotmarketing.beans.Tree>
    <parent>ede13663-ff06-4d01-ab99-a8976e995010</parent>
    <child>ebfb66d1-c4e2-4d89-9e9e-e917b5529c18</child>
    <relationType>child</relationType>
    <treeOrder>0</treeOrder>
  </com.dotmarketing.beans.Tree>
  <com.dotmarketing.beans.Tree>
    <parent>ede13663-ff06-4d01-ab99-a8976e995010</parent>
    <child>ec8d171f-d7bb-4614-bf13-1fcfe0eff502</child>
    <relationType>child</relationType>
    <treeOrder>0</treeOrder>
  </com.dotmarketing.beans.Tree>
  <com.dotmarketing.beans.Tree>
    <parent>ede13663-ff06-4d01-ab99-a8976e995010</parent>
    <child>ed063ed5-23ed-4d94-ad42-8c4096c38cbe</child>
    <relationType>child</relationType>
    <treeOrder>0</treeOrder>
  </com.dotmarketing.beans.Tree>
  <com.dotmarketing.beans.Tree>
    <parent>ede13663-ff06-4d01-ab99-a8976e995010</parent>
    <child>f736e4a7-fad0-4d94-8102-a5e538dbceb9</child>
    <relationType>child</relationType>
    <treeOrder>0</treeOrder>
  </com.dotmarketing.beans.Tree>
  <com.dotmarketing.beans.Tree>
    <parent>ede13663-ff06-4d01-ab99-a8976e995010</parent>
    <child>f82d6315-2904-4a50-889f-207f053212a6</child>
    <relationType>child</relationType>
    <treeOrder>0</treeOrder>
  </com.dotmarketing.beans.Tree>
  <com.dotmarketing.beans.Tree>
    <parent>ede13663-ff06-4d01-ab99-a8976e995010</parent>
    <child>f9a2e357-53d2-4cb0-a381-ced650324da4</child>
    <relationType>child</relationType>
    <treeOrder>0</treeOrder>
  </com.dotmarketing.beans.Tree>
  <com.dotmarketing.beans.Tree>
    <parent>ede13663-ff06-4d01-ab99-a8976e995010</parent>
    <child>fd8ebf34-9a14-4f9f-9376-54ff762db0fa</child>
    <relationType>child</relationType>
    <treeOrder>0</treeOrder>
  </com.dotmarketing.beans.Tree>
  <com.dotmarketing.beans.Tree>
    <parent>ede13663-ff06-4d01-ab99-a8976e995010</parent>
    <child>fdbd8ff1-6b09-4e12-a65a-c74a21eb44e6</child>
    <relationType>child</relationType>
    <treeOrder>0</treeOrder>
  </com.dotmarketing.beans.Tree>
  <com.dotmarketing.beans.Tree>
    <parent>0c69da5c-2a05-452f-9305-3be6926d5079</parent>
    <child>37f93fcb-6124-46af-83b4-9ece6c1c5380</child>
    <relationType>Parent_Location-Child_Employee</relationType>
    <treeOrder>1</treeOrder>
  </com.dotmarketing.beans.Tree>
  <com.dotmarketing.beans.Tree>
    <parent>146f45d6-94e1-4abe-9516-05e1e265efec</parent>
    <child>bb9d11fa-8c47-4824-adec-f4339cc00446</child>
    <relationType>Blog-Comments</relationType>
    <treeOrder>1</treeOrder>
  </com.dotmarketing.beans.Tree>
  <com.dotmarketing.beans.Tree>
    <parent>1626</parent>
    <child>171</child>
    <relationType>News_Item-Comments</relationType>
    <treeOrder>1</treeOrder>
  </com.dotmarketing.beans.Tree>
  <com.dotmarketing.beans.Tree>
    <parent>171</parent>
    <child>1626</child>
    <relationType>News_Item-Comments</relationType>
    <treeOrder>1</treeOrder>
  </com.dotmarketing.beans.Tree>
  <com.dotmarketing.beans.Tree>
    <parent>26228bcd-b869-4872-8c38-e96c627bf6e4</parent>
    <child>cabc28d7-9df7-4f45-8eaa-a36abd279d96</child>
    <relationType>Parent_Location-Child_Employee</relationType>
    <treeOrder>1</treeOrder>
  </com.dotmarketing.beans.Tree>
  <com.dotmarketing.beans.Tree>
    <parent>2943b5eb-9105-4dcf-a1c7-87a9d4dc92a6</parent>
    <child>e6689690-786c-457f-a6b1-ee3d44b155e4</child>
    <relationType>Parent_News-Child_Media</relationType>
    <treeOrder>1</treeOrder>
  </com.dotmarketing.beans.Tree>
  <com.dotmarketing.beans.Tree>
    <parent>4276faea-048f-44ef-ba68-70de8f99e6ba</parent>
    <child>61d074f1-844d-44dc-8d31-407e1cc24029</child>
    <relationType>Parent_Location-Child_Employee</relationType>
    <treeOrder>1</treeOrder>
  </com.dotmarketing.beans.Tree>
  <com.dotmarketing.beans.Tree>
    <parent>4b3622b7-75e5-4ab7-9171-20a02954a142</parent>
    <child>29aefa2f-2aef-4a56-b15e-20e812cf2c30</child>
    <relationType>Comments-Comments</relationType>
    <treeOrder>1</treeOrder>
  </com.dotmarketing.beans.Tree>
  <com.dotmarketing.beans.Tree>
    <parent>558940cc-9f7b-4a9b-8e27-a8e70c8245e1</parent>
    <child>38619c2f-b8fc-45fc-87b1-7eeea1fdb9fb</child>
    <relationType>Parent_Location-Child_Employee</relationType>
    <treeOrder>1</treeOrder>
  </com.dotmarketing.beans.Tree>
  <com.dotmarketing.beans.Tree>
    <parent>6f19f0a0-f407-4f4c-8c01-58daf6659321</parent>
    <child>05b04a4f-f1b5-45b5-bcb7-79c9b002a5cf</child>
    <relationType>Parent_Location-Child_Employee</relationType>
    <treeOrder>1</treeOrder>
  </com.dotmarketing.beans.Tree>
  <com.dotmarketing.beans.Tree>
    <parent>6fa1e4cc-964b-4da3-9ced-b82ba2d0ea20</parent>
    <child>9534a377-8419-4072-a754-cac73835f864</child>
    <relationType>Parent_Location-Child_Employee</relationType>
    <treeOrder>1</treeOrder>
  </com.dotmarketing.beans.Tree>
  <com.dotmarketing.beans.Tree>
    <parent>784bebeb-ce31-414f-b7e8-41653ea9f195</parent>
    <child>2d44697c-c510-45bc-9497-8668968b87c5</child>
    <relationType>Parent_Location-Child_Employee</relationType>
    <treeOrder>1</treeOrder>
  </com.dotmarketing.beans.Tree>
  <com.dotmarketing.beans.Tree>
    <parent>a5230cc4-9ca0-4c7c-807a-2decbd320ad8</parent>
    <child>bb9d11fa-8c47-4824-adec-f4339cc00446</child>
    <relationType>Blog-Comments</relationType>
    <treeOrder>1</treeOrder>
  </com.dotmarketing.beans.Tree>
  <com.dotmarketing.beans.Tree>
    <parent>fa304c5c-0632-4489-a215-8d719da86a10</parent>
    <child>fde01dab-dc5b-49ae-a35a-d348137c7c46</child>
    <relationType>Parent_Location-Child_Employee</relationType>
    <treeOrder>1</treeOrder>
  </com.dotmarketing.beans.Tree>
  <com.dotmarketing.beans.Tree>
    <parent>0c69da5c-2a05-452f-9305-3be6926d5079</parent>
    <child>d55713ee-5988-446c-b309-c1db683613c1</child>
    <relationType>Parent_Location-Child_Employee</relationType>
    <treeOrder>2</treeOrder>
  </com.dotmarketing.beans.Tree>
  <com.dotmarketing.beans.Tree>
    <parent>558940cc-9f7b-4a9b-8e27-a8e70c8245e1</parent>
    <child>69aaa4e9-a45a-453b-a29d-c518d64fef66</child>
    <relationType>Parent_Location-Child_Employee</relationType>
    <treeOrder>2</treeOrder>
  </com.dotmarketing.beans.Tree>
  <com.dotmarketing.beans.Tree>
    <parent>6f19f0a0-f407-4f4c-8c01-58daf6659321</parent>
    <child>b0831fcd-5746-4a1d-a388-6bb4172767eb</child>
    <relationType>Parent_Location-Child_Employee</relationType>
    <treeOrder>2</treeOrder>
  </com.dotmarketing.beans.Tree>
  <com.dotmarketing.beans.Tree>
    <parent>784bebeb-ce31-414f-b7e8-41653ea9f195</parent>
    <child>463faa00-f240-46df-b860-4a42500d4c4c</child>
    <relationType>Parent_Location-Child_Employee</relationType>
    <treeOrder>2</treeOrder>
  </com.dotmarketing.beans.Tree>
  <com.dotmarketing.beans.Tree>
    <parent>7a3d042f-aae4-4e60-8385-7fc5320f572f</parent>
    <child>b2a48969-0a77-4254-bc2b-be820cae5bed</child>
    <relationType>News-Comments</relationType>
    <treeOrder>2</treeOrder>
  </com.dotmarketing.beans.Tree>
  <com.dotmarketing.beans.Tree>
    <parent>a5230cc4-9ca0-4c7c-807a-2decbd320ad8</parent>
    <child>6347f017-2f0b-4877-b62d-b38373e23d19</child>
    <relationType>Blog-Comments</relationType>
    <treeOrder>2</treeOrder>
  </com.dotmarketing.beans.Tree>
  <com.dotmarketing.beans.Tree>
    <parent>2943b5eb-9105-4dcf-a1c7-87a9d4dc92a6</parent>
    <child>4b3622b7-75e5-4ab7-9171-20a02954a142</child>
    <relationType>News-Comments</relationType>
    <treeOrder>3</treeOrder>
  </com.dotmarketing.beans.Tree>
  <com.dotmarketing.beans.Tree>
    <parent>558940cc-9f7b-4a9b-8e27-a8e70c8245e1</parent>
    <child>6339fb04-6b34-4718-af85-99d3e5ff0908</child>
    <relationType>Parent_Location-Child_Employee</relationType>
    <treeOrder>3</treeOrder>
  </com.dotmarketing.beans.Tree>
  <com.dotmarketing.beans.Tree>
    <parent>784bebeb-ce31-414f-b7e8-41653ea9f195</parent>
    <child>18dc9780-66a3-408d-9a80-e8f38392b0c5</child>
    <relationType>Parent_Location-Child_Employee</relationType>
    <treeOrder>3</treeOrder>
  </com.dotmarketing.beans.Tree>
  <com.dotmarketing.beans.Tree>
    <parent>7a3d042f-aae4-4e60-8385-7fc5320f572f</parent>
    <child>23d644ce-1f64-409b-9274-d97c1ce6cc77</child>
    <relationType>News-Comments</relationType>
    <treeOrder>3</treeOrder>
  </com.dotmarketing.beans.Tree>
  <com.dotmarketing.beans.Tree>
    <parent>2943b5eb-9105-4dcf-a1c7-87a9d4dc92a6</parent>
    <child>69859f31-0a24-424c-ab6e-f152d8b4a87e</child>
    <relationType>News-Comments</relationType>
    <treeOrder>4</treeOrder>
  </com.dotmarketing.beans.Tree>
  <com.dotmarketing.beans.Tree>
    <parent>784bebeb-ce31-414f-b7e8-41653ea9f195</parent>
    <child>ad86c3e7-af98-425c-af84-85963367c19a</child>
    <relationType>Parent_Location-Child_Employee</relationType>
    <treeOrder>4</treeOrder>
  </com.dotmarketing.beans.Tree>
  <com.dotmarketing.beans.Tree>
    <parent>2943b5eb-9105-4dcf-a1c7-87a9d4dc92a6</parent>
    <child>85c25284-df99-4b37-b52e-d06ccc4eca41</child>
    <relationType>News-Comments</relationType>
    <treeOrder>5</treeOrder>
  </com.dotmarketing.beans.Tree>
</list>