<list>
  <com.dotmarketing.portlets.templates.model.TemplateVersionInfo>
    <identifier>003d08f4-e0c9-4bc7-9949-b686301338ba</identifier>
    <liveInode>1f16c364-a5ff-44af-b6e1-288571b0a59b</liveInode>
    <workingInode>1f16c364-a5ff-44af-b6e1-288571b0a59b</workingInode>
    <lockedOn class="sql-timestamp">2012-07-11 16:10:43.264</lockedOn>
    <deleted>false</deleted>
    <versionTs class="sql-timestamp">2012-07-11 16:10:43.265</versionTs>
  </com.dotmarketing.portlets.templates.model.TemplateVersionInfo>
  <com.dotmarketing.portlets.templates.model.TemplateVersionInfo>
    <identifier>0a1cf815-ac9a-4619-9100-19631b739776</identifier>
    <liveInode>91212610-b68c-4c53-93a1-b33b919399e8</liveInode>
    <workingInode>91212610-b68c-4c53-93a1-b33b919399e8</workingInode>
    <lockedOn class="sql-timestamp">2012-07-27 11:38:33.28</lockedOn>
    <deleted>false</deleted>
    <versionTs class="sql-timestamp">2012-07-27 11:38:33.287</versionTs>
  </com.dotmarketing.portlets.templates.model.TemplateVersionInfo>
  <com.dotmarketing.portlets.templates.model.TemplateVersionInfo>
    <identifier>0f2d2e2d-ecdd-4b6a-9692-1f511b81af5e</identifier>
    <liveInode>aea3431c-4ea2-409d-916e-62dd75fa3457</liveInode>
    <workingInode>aea3431c-4ea2-409d-916e-62dd75fa3457</workingInode>
    <lockedOn class="sql-timestamp">2012-07-10 15:35:28.523</lockedOn>
    <deleted>false</deleted>
    <versionTs class="sql-timestamp">2012-07-10 15:35:28.531</versionTs>
  </com.dotmarketing.portlets.templates.model.TemplateVersionInfo>
  <com.dotmarketing.portlets.templates.model.TemplateVersionInfo>
    <identifier>206ab018-77e2-47dd-ab3c-e8dc6feceab3</identifier>
    <liveInode>69d4ce6e-2777-4c73-893d-61e8e0d3839d</liveInode>
    <workingInode>69d4ce6e-2777-4c73-893d-61e8e0d3839d</workingInode>
    <lockedOn class="sql-timestamp">2012-06-12 00:00:00.0</lockedOn>
    <deleted>false</deleted>
    <versionTs class="sql-timestamp">2012-06-12 16:54:15.887</versionTs>
  </com.dotmarketing.portlets.templates.model.TemplateVersionInfo>
  <com.dotmarketing.portlets.templates.model.TemplateVersionInfo>
    <identifier>3141ca88-71f9-4e1d-9721-849dce6362ed</identifier>
    <liveInode>e1f27302-e526-4d7e-bbc4-9eaa1580ed61</liveInode>
    <workingInode>e1f27302-e526-4d7e-bbc4-9eaa1580ed61</workingInode>
    <lockedOn class="sql-timestamp">2012-07-03 20:09:50.555</lockedOn>
    <deleted>false</deleted>
    <versionTs class="sql-timestamp">2012-07-03 20:09:50.569</versionTs>
  </com.dotmarketing.portlets.templates.model.TemplateVersionInfo>
  <com.dotmarketing.portlets.templates.model.TemplateVersionInfo>
    <identifier>460b0d3b-9b90-4b8a-a041-1f01b7edbbbc</identifier>
    <liveInode>78fc6459-2d00-44b0-94a4-c86f726126aa</liveInode>
    <workingInode>78fc6459-2d00-44b0-94a4-c86f726126aa</workingInode>
    <lockedOn class="sql-timestamp">2012-07-11 16:10:10.82</lockedOn>
    <deleted>false</deleted>
    <versionTs class="sql-timestamp">2012-07-11 16:10:10.842</versionTs>
  </com.dotmarketing.portlets.templates.model.TemplateVersionInfo>
  <com.dotmarketing.portlets.templates.model.TemplateVersionInfo>
    <identifier>4cb76166-6763-44ca-ab22-e9eb50885430</identifier>
    <liveInode>3b53364e-c86c-4c66-a177-22c5d1540659</liveInode>
    <workingInode>3b53364e-c86c-4c66-a177-22c5d1540659</workingInode>
    <lockedOn class="sql-timestamp">2012-06-21 00:00:00.0</lockedOn>
    <deleted>false</deleted>
    <versionTs class="sql-timestamp">2012-06-21 14:53:08.741</versionTs>
  </com.dotmarketing.portlets.templates.model.TemplateVersionInfo>
  <com.dotmarketing.portlets.templates.model.TemplateVersionInfo>
    <identifier>50b64032-20cd-4169-8063-b023e53f572a</identifier>
    <liveInode>a9839397-42bd-4d23-a18c-4caebad378f5</liveInode>
    <workingInode>a9839397-42bd-4d23-a18c-4caebad378f5</workingInode>
    <lockedOn class="sql-timestamp">2012-06-12 00:00:00.0</lockedOn>
    <deleted>false</deleted>
    <versionTs class="sql-timestamp">2012-06-12 16:54:36.855</versionTs>
  </com.dotmarketing.portlets.templates.model.TemplateVersionInfo>
  <com.dotmarketing.portlets.templates.model.TemplateVersionInfo>
    <identifier>7623ea3e-c0e6-46d8-8db6-9070f7bfc342</identifier>
    <liveInode>86652f94-7a6f-4444-bd11-09a30e0037b4</liveInode>
    <workingInode>86652f94-7a6f-4444-bd11-09a30e0037b4</workingInode>
    <lockedOn class="sql-timestamp">2012-06-12 00:00:00.0</lockedOn>
    <deleted>false</deleted>
    <versionTs class="sql-timestamp">2012-06-12 16:56:50.998</versionTs>
  </com.dotmarketing.portlets.templates.model.TemplateVersionInfo>
  <com.dotmarketing.portlets.templates.model.TemplateVersionInfo>
    <identifier>783e9096-0473-4db5-bdca-d7ee7ceba13f</identifier>
    <workingInode>fd383682-6e49-4c80-ae6d-610ea0575180</workingInode>
    <lockedOn class="sql-timestamp">2012-01-19 00:00:00.0</lockedOn>
    <deleted>true</deleted>
    <versionTs class="sql-timestamp">2012-05-04 13:38:28.438484</versionTs>
  </com.dotmarketing.portlets.templates.model.TemplateVersionInfo>
  <com.dotmarketing.portlets.templates.model.TemplateVersionInfo>
    <identifier>9341b41d-e4d8-4ac3-bcca-5ac241db4f5d</identifier>
    <liveInode>87391882-4537-4c63-bf88-28c3d20da518</liveInode>
    <workingInode>87391882-4537-4c63-bf88-28c3d20da518</workingInode>
    <lockedOn class="sql-timestamp">2012-07-10 16:07:53.558</lockedOn>
    <deleted>false</deleted>
    <versionTs class="sql-timestamp">2012-07-10 16:07:53.58</versionTs>
  </com.dotmarketing.portlets.templates.model.TemplateVersionInfo>
  <com.dotmarketing.portlets.templates.model.TemplateVersionInfo>
    <identifier>993d1322-b209-4720-b4c7-a0f816c49df8</identifier>
    <liveInode>bace6d28-840a-4aae-acd5-5490624d1adb</liveInode>
    <workingInode>bace6d28-840a-4aae-acd5-5490624d1adb</workingInode>
    <lockedOn class="sql-timestamp">2012-07-10 15:40:01.974</lockedOn>
    <deleted>false</deleted>
    <versionTs class="sql-timestamp">2012-07-10 15:40:01.996</versionTs>
  </com.dotmarketing.portlets.templates.model.TemplateVersionInfo>
  <com.dotmarketing.portlets.templates.model.TemplateVersionInfo>
    <identifier>a0ead91b-fd4c-4182-abc8-a6d173a07ab4</identifier>
    <liveInode>d040b8b0-e817-40c2-98a6-7ebc7cfa4612</liveInode>
    <workingInode>d040b8b0-e817-40c2-98a6-7ebc7cfa4612</workingInode>
    <lockedOn class="sql-timestamp">2012-06-12 00:00:00.0</lockedOn>
    <deleted>false</deleted>
    <versionTs class="sql-timestamp">2012-06-12 16:55:33.079</versionTs>
  </com.dotmarketing.portlets.templates.model.TemplateVersionInfo>
  <com.dotmarketing.portlets.templates.model.TemplateVersionInfo>
    <identifier>e5d877d7-978b-45f5-b746-a55f41dd45c2</identifier>
    <workingInode>03712a5a-4f69-47d7-abe1-70eae50efe4e</workingInode>
    <lockedOn class="sql-timestamp">2011-12-15 00:00:00.0</lockedOn>
    <deleted>true</deleted>
    <versionTs class="sql-timestamp">2012-05-04 13:38:28.438484</versionTs>
  </com.dotmarketing.portlets.templates.model.TemplateVersionInfo>
  <com.dotmarketing.portlets.templates.model.TemplateVersionInfo>
    <identifier>f7bc93f9-6527-4c42-a120-bb19124c6e4f</identifier>
    <liveInode>ba21e76e-a7ee-4b78-b9c0-c8cfe2006395</liveInode>
    <workingInode>ba21e76e-a7ee-4b78-b9c0-c8cfe2006395</workingInode>
    <lockedOn class="sql-timestamp">2012-07-11 16:11:11.864</lockedOn>
    <deleted>false</deleted>
    <versionTs class="sql-timestamp">2012-07-11 16:11:11.877</versionTs>
  </com.dotmarketing.portlets.templates.model.TemplateVersionInfo>
  <com.dotmarketing.portlets.templates.model.TemplateVersionInfo>
    <identifier>fc07eac0-c1a5-4835-bd6b-981315b2e8a2</identifier>
    <liveInode>ce510b70-2b67-46fa-be58-69b24d97829d</liveInode>
    <workingInode>ce510b70-2b67-46fa-be58-69b24d97829d</workingInode>
    <lockedOn class="sql-timestamp">2012-07-16 10:01:41.423</lockedOn>
    <deleted>false</deleted>
    <versionTs class="sql-timestamp">2012-07-16 10:01:41.439</versionTs>
  </com.dotmarketing.portlets.templates.model.TemplateVersionInfo>
</list>