<list>
  <com.dotmarketing.portlets.htmlpages.model.HTMLPageVersionInfo>
    <identifier>026a6d1a-5eeb-449a-9465-8a3ecc719571</identifier>
    <liveInode>a8f8d427-d041-4500-adee-593a8330858a</liveInode>
    <workingInode>a8f8d427-d041-4500-adee-593a8330858a</workingInode>
    <lockedOn class="sql-timestamp">2012-03-23 00:00:00.0</lockedOn>
    <deleted>false</deleted>
    <versionTs class="sql-timestamp">2012-05-04 13:38:28.321738</versionTs>
  </com.dotmarketing.portlets.htmlpages.model.HTMLPageVersionInfo>
  <com.dotmarketing.portlets.htmlpages.model.HTMLPageVersionInfo>
    <identifier>04d5585e-6fae-46d6-b542-8e74cdc51a80</identifier>
    <liveInode>08c1a683-5481-4882-b5e6-5028493e6650</liveInode>
    <workingInode>08c1a683-5481-4882-b5e6-5028493e6650</workingInode>
    <lockedOn class="sql-timestamp">2012-01-19 00:00:00.0</lockedOn>
    <deleted>false</deleted>
    <versionTs class="sql-timestamp">2012-05-04 13:38:28.321738</versionTs>
  </com.dotmarketing.portlets.htmlpages.model.HTMLPageVersionInfo>
  <com.dotmarketing.portlets.htmlpages.model.HTMLPageVersionInfo>
    <identifier>0572b59b-340f-4085-a023-bb25f512041a</identifier>
    <liveInode>3f46d122-07ce-441f-88c4-172bd422a433</liveInode>
    <workingInode>3f46d122-07ce-441f-88c4-172bd422a433</workingInode>
    <lockedOn class="sql-timestamp">2012-03-06 00:00:00.0</lockedOn>
    <deleted>false</deleted>
    <versionTs class="sql-timestamp">2012-05-04 13:38:28.321738</versionTs>
  </com.dotmarketing.portlets.htmlpages.model.HTMLPageVersionInfo>
  <com.dotmarketing.portlets.htmlpages.model.HTMLPageVersionInfo>
    <identifier>1aeb328b-57b5-46e8-9eec-2cb2b4c24953</identifier>
    <liveInode>975964f8-ef1f-451a-aa23-10a44c39ce98</liveInode>
    <workingInode>975964f8-ef1f-451a-aa23-10a44c39ce98</workingInode>
    <lockedOn class="sql-timestamp">2012-03-05 00:00:00.0</lockedOn>
    <deleted>false</deleted>
    <versionTs class="sql-timestamp">2012-05-04 13:38:28.321738</versionTs>
  </com.dotmarketing.portlets.htmlpages.model.HTMLPageVersionInfo>
  <com.dotmarketing.portlets.htmlpages.model.HTMLPageVersionInfo>
    <identifier>1b074c9c-6da4-4f0c-aba2-33052f325ed7</identifier>
    <liveInode>856b6e32-0ad5-47bb-97c0-937ab8328914</liveInode>
    <workingInode>856b6e32-0ad5-47bb-97c0-937ab8328914</workingInode>
    <lockedOn class="sql-timestamp">2011-12-15 00:00:00.0</lockedOn>
    <deleted>false</deleted>
    <versionTs class="sql-timestamp">2012-05-04 13:38:28.321738</versionTs>
  </com.dotmarketing.portlets.htmlpages.model.HTMLPageVersionInfo>
  <com.dotmarketing.portlets.htmlpages.model.HTMLPageVersionInfo>
    <identifier>1edc9ffe-cfdf-42a7-9b90-18cf090ddeba</identifier>
    <liveInode>81d685a4-02d9-4bb1-a0e9-d47b4ef4f5ee</liveInode>
    <workingInode>81d685a4-02d9-4bb1-a0e9-d47b4ef4f5ee</workingInode>
    <lockedOn class="sql-timestamp">2012-03-05 00:00:00.0</lockedOn>
    <deleted>false</deleted>
    <versionTs class="sql-timestamp">2012-05-04 13:38:28.321738</versionTs>
  </com.dotmarketing.portlets.htmlpages.model.HTMLPageVersionInfo>
  <com.dotmarketing.portlets.htmlpages.model.HTMLPageVersionInfo>
    <identifier>1f5559e3-df40-4032-887e-b1aa02d59021</identifier>
    <liveInode>26527ffd-b2ac-4adb-8f35-aac7c8e3a13d</liveInode>
    <workingInode>26527ffd-b2ac-4adb-8f35-aac7c8e3a13d</workingInode>
    <lockedOn class="sql-timestamp">2012-03-19 00:00:00.0</lockedOn>
    <deleted>false</deleted>
    <versionTs class="sql-timestamp">2012-06-21 13:08:05.889</versionTs>
  </com.dotmarketing.portlets.htmlpages.model.HTMLPageVersionInfo>
  <com.dotmarketing.portlets.htmlpages.model.HTMLPageVersionInfo>
    <identifier>2c86ef5a-fcfe-441e-990f-20a87cd85aa2</identifier>
    <liveInode>3b82e251-bef5-4081-8c1f-88fe0fcdc9a7</liveInode>
    <workingInode>3b82e251-bef5-4081-8c1f-88fe0fcdc9a7</workingInode>
    <lockedOn class="sql-timestamp">2012-07-02 16:13:09.512</lockedOn>
    <deleted>false</deleted>
    <versionTs class="sql-timestamp">2012-07-05 15:31:42.527</versionTs>
  </com.dotmarketing.portlets.htmlpages.model.HTMLPageVersionInfo>
  <com.dotmarketing.portlets.htmlpages.model.HTMLPageVersionInfo>
    <identifier>3b6bebd0-145f-48a9-8736-ae5d657f3550</identifier>
    <liveInode>66e8facd-9efa-436e-b5d3-70df48af68da</liveInode>
    <workingInode>66e8facd-9efa-436e-b5d3-70df48af68da</workingInode>
    <lockedOn class="sql-timestamp">2011-12-15 00:00:00.0</lockedOn>
    <deleted>false</deleted>
    <versionTs class="sql-timestamp">2012-05-04 13:38:28.321738</versionTs>
  </com.dotmarketing.portlets.htmlpages.model.HTMLPageVersionInfo>
  <com.dotmarketing.portlets.htmlpages.model.HTMLPageVersionInfo>
    <identifier>422b78b6-5b2f-4c40-9c1e-eccc70e37413</identifier>
    <liveInode>a92e9cc3-8470-4ce6-bf1f-9bf4264e3609</liveInode>
    <workingInode>a92e9cc3-8470-4ce6-bf1f-9bf4264e3609</workingInode>
    <lockedOn class="sql-timestamp">2012-02-14 00:00:00.0</lockedOn>
    <deleted>false</deleted>
    <versionTs class="sql-timestamp">2012-05-04 13:38:28.321738</versionTs>
  </com.dotmarketing.portlets.htmlpages.model.HTMLPageVersionInfo>
  <com.dotmarketing.portlets.htmlpages.model.HTMLPageVersionInfo>
    <identifier>47e72441-654d-4cf1-9d44-97fe9d5ecef5</identifier>
    <liveInode>386e2ec9-e266-467e-a5f8-9f0ed14bdb1c</liveInode>
    <workingInode>386e2ec9-e266-467e-a5f8-9f0ed14bdb1c</workingInode>
    <lockedOn class="sql-timestamp">2012-07-06 14:28:05.836</lockedOn>
    <deleted>false</deleted>
    <versionTs class="sql-timestamp">2012-07-06 14:28:05.863</versionTs>
  </com.dotmarketing.portlets.htmlpages.model.HTMLPageVersionInfo>
  <com.dotmarketing.portlets.htmlpages.model.HTMLPageVersionInfo>
    <identifier>495ddd83-0238-41f5-bf75-80137ea747fc</identifier>
    <workingInode>c77b850b-6b58-406e-aa68-fbc7921559ba</workingInode>
    <lockedOn class="sql-timestamp">2012-03-05 00:00:00.0</lockedOn>
    <deleted>true</deleted>
    <versionTs class="sql-timestamp">2012-05-04 13:38:28.321738</versionTs>
  </com.dotmarketing.portlets.htmlpages.model.HTMLPageVersionInfo>
  <com.dotmarketing.portlets.htmlpages.model.HTMLPageVersionInfo>
    <identifier>4b64a746-9df0-4e32-bae2-1cb9b7e6dea7</identifier>
    <liveInode>1b391aa1-daab-40b3-a67a-88e84f633565</liveInode>
    <workingInode>1b391aa1-daab-40b3-a67a-88e84f633565</workingInode>
    <lockedOn class="sql-timestamp">2012-03-23 00:00:00.0</lockedOn>
    <deleted>false</deleted>
    <versionTs class="sql-timestamp">2012-05-04 13:38:28.321738</versionTs>
  </com.dotmarketing.portlets.htmlpages.model.HTMLPageVersionInfo>
  <com.dotmarketing.portlets.htmlpages.model.HTMLPageVersionInfo>
    <identifier>5072e590-e88a-463a-b38c-e4217d41d0b5</identifier>
    <liveInode>468f0da7-eef4-41eb-90fc-1f587a3b145c</liveInode>
    <workingInode>468f0da7-eef4-41eb-90fc-1f587a3b145c</workingInode>
    <lockedOn class="sql-timestamp">2012-01-19 00:00:00.0</lockedOn>
    <deleted>false</deleted>
    <versionTs class="sql-timestamp">2012-05-04 13:38:28.321738</versionTs>
  </com.dotmarketing.portlets.htmlpages.model.HTMLPageVersionInfo>
  <com.dotmarketing.portlets.htmlpages.model.HTMLPageVersionInfo>
    <identifier>593e803f-90e4-4077-be1e-172ba44e32e4</identifier>
    <liveInode>5bdf95b9-aaef-4e21-acbd-8bd4c94ed3c3</liveInode>
    <workingInode>5bdf95b9-aaef-4e21-acbd-8bd4c94ed3c3</workingInode>
    <lockedOn class="sql-timestamp">2012-02-14 00:00:00.0</lockedOn>
    <deleted>false</deleted>
    <versionTs class="sql-timestamp">2012-05-04 13:38:28.321738</versionTs>
  </com.dotmarketing.portlets.htmlpages.model.HTMLPageVersionInfo>
  <com.dotmarketing.portlets.htmlpages.model.HTMLPageVersionInfo>
    <identifier>5aaf726e-efe1-45ac-be67-22d7a8b8ea8f</identifier>
    <liveInode>53251e45-5599-4307-b676-3d99762f5414</liveInode>
    <workingInode>53251e45-5599-4307-b676-3d99762f5414</workingInode>
    <lockedOn class="sql-timestamp">2012-03-05 00:00:00.0</lockedOn>
    <deleted>false</deleted>
    <versionTs class="sql-timestamp">2012-05-04 13:38:28.321738</versionTs>
  </com.dotmarketing.portlets.htmlpages.model.HTMLPageVersionInfo>
  <com.dotmarketing.portlets.htmlpages.model.HTMLPageVersionInfo>
    <identifier>6247c3b2-f5bf-40c6-9b07-ae06d56a1b7c</identifier>
    <liveInode>bc3f3b5b-fa66-49ff-8a94-e2146c2c5b0c</liveInode>
    <workingInode>bc3f3b5b-fa66-49ff-8a94-e2146c2c5b0c</workingInode>
    <lockedOn class="sql-timestamp">2012-01-11 00:00:00.0</lockedOn>
    <deleted>false</deleted>
    <versionTs class="sql-timestamp">2012-05-04 13:38:28.321738</versionTs>
  </com.dotmarketing.portlets.htmlpages.model.HTMLPageVersionInfo>
  <com.dotmarketing.portlets.htmlpages.model.HTMLPageVersionInfo>
    <identifier>62e39701-ccf0-47b4-a118-a0d9c288758d</identifier>
    <liveInode>845a396c-1911-4224-97f5-13c3cff8751b</liveInode>
    <workingInode>845a396c-1911-4224-97f5-13c3cff8751b</workingInode>
    <lockedOn class="sql-timestamp">2012-06-25 15:33:05.963</lockedOn>
    <deleted>false</deleted>
    <versionTs class="sql-timestamp">2012-06-25 15:33:05.992</versionTs>
  </com.dotmarketing.portlets.htmlpages.model.HTMLPageVersionInfo>
  <com.dotmarketing.portlets.htmlpages.model.HTMLPageVersionInfo>
    <identifier>63d655b2-ae21-4461-85a0-4993f450cfa7</identifier>
    <liveInode>3d9098d5-ec15-40d9-907f-f2cb0bd4bf63</liveInode>
    <workingInode>3d9098d5-ec15-40d9-907f-f2cb0bd4bf63</workingInode>
    <lockedOn class="sql-timestamp">2012-06-27 10:33:02.654</lockedOn>
    <deleted>false</deleted>
    <versionTs class="sql-timestamp">2012-06-27 10:33:02.68</versionTs>
  </com.dotmarketing.portlets.htmlpages.model.HTMLPageVersionInfo>
  <com.dotmarketing.portlets.htmlpages.model.HTMLPageVersionInfo>
    <identifier>69bd8ab7-861c-4eba-826b-19adec1d7ec8</identifier>
    <liveInode>eb1cc37f-5e21-490d-a4bd-f795b6e95517</liveInode>
    <workingInode>eb1cc37f-5e21-490d-a4bd-f795b6e95517</workingInode>
    <lockedOn class="sql-timestamp">2012-03-28 00:00:00.0</lockedOn>
    <deleted>false</deleted>
    <versionTs class="sql-timestamp">2012-05-04 13:38:28.321738</versionTs>
  </com.dotmarketing.portlets.htmlpages.model.HTMLPageVersionInfo>
  <com.dotmarketing.portlets.htmlpages.model.HTMLPageVersionInfo>
    <identifier>69dcec4a-4364-445e-8d88-98e96d6ef5de</identifier>
    <liveInode>c802dd4a-536a-4df0-9f4d-e9284601924e</liveInode>
    <workingInode>c802dd4a-536a-4df0-9f4d-e9284601924e</workingInode>
    <lockedOn class="sql-timestamp">2012-03-05 00:00:00.0</lockedOn>
    <deleted>false</deleted>
    <versionTs class="sql-timestamp">2012-06-15 13:55:44.364</versionTs>
  </com.dotmarketing.portlets.htmlpages.model.HTMLPageVersionInfo>
  <com.dotmarketing.portlets.htmlpages.model.HTMLPageVersionInfo>
    <identifier>7621ce00-9b72-476d-b201-3b195f92a66f</identifier>
    <liveInode>15a4c2cb-0ee9-4665-8fae-094e1a400d6a</liveInode>
    <workingInode>15a4c2cb-0ee9-4665-8fae-094e1a400d6a</workingInode>
    <lockedOn class="sql-timestamp">2012-03-23 00:00:00.0</lockedOn>
    <deleted>false</deleted>
    <versionTs class="sql-timestamp">2012-05-04 13:38:28.321738</versionTs>
  </com.dotmarketing.portlets.htmlpages.model.HTMLPageVersionInfo>
  <com.dotmarketing.portlets.htmlpages.model.HTMLPageVersionInfo>
    <identifier>7cfa54eb-1612-401f-96b3-3e04fa14c52d</identifier>
    <liveInode>9b4831d4-01d6-4f5a-b814-f6eb0e12069a</liveInode>
    <workingInode>9b4831d4-01d6-4f5a-b814-f6eb0e12069a</workingInode>
    <lockedOn class="sql-timestamp">2012-06-12 00:00:00.0</lockedOn>
    <deleted>false</deleted>
    <versionTs class="sql-timestamp">2012-06-12 11:59:44.305</versionTs>
  </com.dotmarketing.portlets.htmlpages.model.HTMLPageVersionInfo>
  <com.dotmarketing.portlets.htmlpages.model.HTMLPageVersionInfo>
    <identifier>813b1cef-465f-455d-920f-063718cdd6f9</identifier>
    <liveInode>811bed17-808a-4701-bce6-81ac2aa31bd0</liveInode>
    <workingInode>811bed17-808a-4701-bce6-81ac2aa31bd0</workingInode>
    <lockedOn class="sql-timestamp">2012-03-01 00:00:00.0</lockedOn>
    <deleted>false</deleted>
    <versionTs class="sql-timestamp">2012-05-04 13:38:28.321738</versionTs>
  </com.dotmarketing.portlets.htmlpages.model.HTMLPageVersionInfo>
  <com.dotmarketing.portlets.htmlpages.model.HTMLPageVersionInfo>
    <identifier>84a50687-8027-4d27-a8b9-b18db7d5450d</identifier>
    <liveInode>be350650-ea76-46bc-8b7e-e0914bbe404a</liveInode>
    <workingInode>be350650-ea76-46bc-8b7e-e0914bbe404a</workingInode>
    <lockedOn class="sql-timestamp">2012-03-05 00:00:00.0</lockedOn>
    <deleted>false</deleted>
    <versionTs class="sql-timestamp">2012-05-04 13:38:28.321738</versionTs>
  </com.dotmarketing.portlets.htmlpages.model.HTMLPageVersionInfo>
  <com.dotmarketing.portlets.htmlpages.model.HTMLPageVersionInfo>
    <identifier>88b2b481-6a88-4022-b71f-518aa7335ea0</identifier>
    <liveInode>77bcd2f3-a4b7-491e-afa1-4060c77eecbb</liveInode>
    <workingInode>77bcd2f3-a4b7-491e-afa1-4060c77eecbb</workingInode>
    <lockedOn class="sql-timestamp">2012-03-08 00:00:00.0</lockedOn>
    <deleted>false</deleted>
    <versionTs class="sql-timestamp">2012-05-04 13:38:28.321738</versionTs>
  </com.dotmarketing.portlets.htmlpages.model.HTMLPageVersionInfo>
  <com.dotmarketing.portlets.htmlpages.model.HTMLPageVersionInfo>
    <identifier>8aff34ed-d163-4311-9712-9b74e51e0044</identifier>
    <liveInode>b7c08d5e-2265-4486-987d-bb0fd3ac72ef</liveInode>
    <workingInode>b7c08d5e-2265-4486-987d-bb0fd3ac72ef</workingInode>
    <lockedOn class="sql-timestamp">2011-12-15 00:00:00.0</lockedOn>
    <deleted>false</deleted>
    <versionTs class="sql-timestamp">2012-05-04 13:38:28.321738</versionTs>
  </com.dotmarketing.portlets.htmlpages.model.HTMLPageVersionInfo>
  <com.dotmarketing.portlets.htmlpages.model.HTMLPageVersionInfo>
    <identifier>8cf68df5-7cb3-4b6d-aed9-2d27fc00c5bb</identifier>
    <liveInode>1dc48946-0e6a-4a55-9422-fc15eeeebac6</liveInode>
    <workingInode>1dc48946-0e6a-4a55-9422-fc15eeeebac6</workingInode>
    <lockedOn class="sql-timestamp">2012-02-16 00:00:00.0</lockedOn>
    <deleted>false</deleted>
    <versionTs class="sql-timestamp">2012-05-04 13:38:28.321738</versionTs>
  </com.dotmarketing.portlets.htmlpages.model.HTMLPageVersionInfo>
  <com.dotmarketing.portlets.htmlpages.model.HTMLPageVersionInfo>
    <identifier>8dac83a5-4a32-4786-bbe4-f09192a1ad77</identifier>
    <liveInode>99c86a43-1af3-4c1a-88b3-0fc50be14c34</liveInode>
    <workingInode>99c86a43-1af3-4c1a-88b3-0fc50be14c34</workingInode>
    <lockedOn class="sql-timestamp">2012-03-08 00:00:00.0</lockedOn>
    <deleted>false</deleted>
    <versionTs class="sql-timestamp">2012-06-06 13:37:57.981</versionTs>
  </com.dotmarketing.portlets.htmlpages.model.HTMLPageVersionInfo>
  <com.dotmarketing.portlets.htmlpages.model.HTMLPageVersionInfo>
    <identifier>8e7dccc5-928e-4c13-9044-cca0566ada23</identifier>
    <liveInode>8b0a3ed7-4f9a-42ea-ae28-b2b3f6c267b9</liveInode>
    <workingInode>8b0a3ed7-4f9a-42ea-ae28-b2b3f6c267b9</workingInode>
    <lockedOn class="sql-timestamp">2011-12-15 00:00:00.0</lockedOn>
    <deleted>false</deleted>
    <versionTs class="sql-timestamp">2012-05-04 13:38:28.321738</versionTs>
  </com.dotmarketing.portlets.htmlpages.model.HTMLPageVersionInfo>
  <com.dotmarketing.portlets.htmlpages.model.HTMLPageVersionInfo>
    <identifier>8f9892b8-de32-439a-b496-5c6620ac317a</identifier>
    <liveInode>f1199b95-290f-4012-9e28-30852f06a285</liveInode>
    <workingInode>f1199b95-290f-4012-9e28-30852f06a285</workingInode>
    <lockedOn class="sql-timestamp">2012-03-13 00:00:00.0</lockedOn>
    <deleted>false</deleted>
    <versionTs class="sql-timestamp">2012-05-04 13:38:28.321738</versionTs>
  </com.dotmarketing.portlets.htmlpages.model.HTMLPageVersionInfo>
  <com.dotmarketing.portlets.htmlpages.model.HTMLPageVersionInfo>
    <identifier>951e63e3-8e3f-4ce4-92ef-ff9d7f66480e</identifier>
    <liveInode>1e84f19b-792f-4f32-871d-ac3a9628a32c</liveInode>
    <workingInode>1e84f19b-792f-4f32-871d-ac3a9628a32c</workingInode>
    <lockedOn class="sql-timestamp">2012-03-06 00:00:00.0</lockedOn>
    <deleted>false</deleted>
    <versionTs class="sql-timestamp">2012-05-04 13:38:28.321738</versionTs>
  </com.dotmarketing.portlets.htmlpages.model.HTMLPageVersionInfo>
  <com.dotmarketing.portlets.htmlpages.model.HTMLPageVersionInfo>
    <identifier>97914806-c0cd-488d-9214-364e1d5721fa</identifier>
    <liveInode>54ad55d2-2ac9-4d9a-b743-6e229108ace0</liveInode>
    <workingInode>54ad55d2-2ac9-4d9a-b743-6e229108ace0</workingInode>
    <lockedOn class="sql-timestamp">2012-01-19 00:00:00.0</lockedOn>
    <deleted>false</deleted>
    <versionTs class="sql-timestamp">2012-05-04 13:38:28.321738</versionTs>
  </com.dotmarketing.portlets.htmlpages.model.HTMLPageVersionInfo>
  <com.dotmarketing.portlets.htmlpages.model.HTMLPageVersionInfo>
    <identifier>9c5f42da-31b1-4935-9df6-153f5de1bdf2</identifier>
    <liveInode>f76a316a-2ed5-4a1c-82af-ecbb561b1a82</liveInode>
    <workingInode>f76a316a-2ed5-4a1c-82af-ecbb561b1a82</workingInode>
    <lockedOn class="sql-timestamp">2012-03-13 00:00:00.0</lockedOn>
    <deleted>false</deleted>
    <versionTs class="sql-timestamp">2012-05-04 13:38:28.321738</versionTs>
  </com.dotmarketing.portlets.htmlpages.model.HTMLPageVersionInfo>
  <com.dotmarketing.portlets.htmlpages.model.HTMLPageVersionInfo>
    <identifier>9e4e90b2-7f66-42e1-8146-c6328f5a5fb1</identifier>
    <liveInode>a6856f37-c977-448c-935d-230c9ccb0ac4</liveInode>
    <workingInode>a6856f37-c977-448c-935d-230c9ccb0ac4</workingInode>
    <lockedOn class="sql-timestamp">2012-02-14 00:00:00.0</lockedOn>
    <deleted>false</deleted>
    <versionTs class="sql-timestamp">2012-05-04 13:38:28.321738</versionTs>
  </com.dotmarketing.portlets.htmlpages.model.HTMLPageVersionInfo>
  <com.dotmarketing.portlets.htmlpages.model.HTMLPageVersionInfo>
    <identifier>a088b172-e621-4870-8389-a1c5f284e7d9</identifier>
    <liveInode>fdfb3b1b-8129-4f15-970e-4f373bef0079</liveInode>
    <workingInode>fdfb3b1b-8129-4f15-970e-4f373bef0079</workingInode>
    <lockedOn class="sql-timestamp">2012-03-05 00:00:00.0</lockedOn>
    <deleted>false</deleted>
    <versionTs class="sql-timestamp">2012-05-04 13:38:28.321738</versionTs>
  </com.dotmarketing.portlets.htmlpages.model.HTMLPageVersionInfo>
  <com.dotmarketing.portlets.htmlpages.model.HTMLPageVersionInfo>
    <identifier>a0c4d65f-c55c-4360-93a4-b3a8c06190e1</identifier>
    <liveInode>af47c6e6-d88e-42a0-9329-32b63b9cabfd</liveInode>
    <workingInode>af47c6e6-d88e-42a0-9329-32b63b9cabfd</workingInode>
    <lockedOn class="sql-timestamp">2012-03-13 00:00:00.0</lockedOn>
    <deleted>false</deleted>
    <versionTs class="sql-timestamp">2012-05-04 13:38:28.321738</versionTs>
  </com.dotmarketing.portlets.htmlpages.model.HTMLPageVersionInfo>
  <com.dotmarketing.portlets.htmlpages.model.HTMLPageVersionInfo>
    <identifier>a199aa48-db48-463b-a8b0-5a4ac30b90a3</identifier>
    <liveInode>dc3e2bfc-5be0-4363-aed7-0861e16c632b</liveInode>
    <workingInode>dc3e2bfc-5be0-4363-aed7-0861e16c632b</workingInode>
    <lockedOn class="sql-timestamp">2012-07-10 15:36:50.867</lockedOn>
    <deleted>false</deleted>
    <versionTs class="sql-timestamp">2012-07-10 15:36:50.868</versionTs>
  </com.dotmarketing.portlets.htmlpages.model.HTMLPageVersionInfo>
  <com.dotmarketing.portlets.htmlpages.model.HTMLPageVersionInfo>
    <identifier>a3230fc8-5fbb-43a2-9d58-bf352f0971cc</identifier>
    <liveInode>63df8ea1-df48-42e4-bf6f-6c69e2bed70a</liveInode>
    <workingInode>63df8ea1-df48-42e4-bf6f-6c69e2bed70a</workingInode>
    <lockedOn class="sql-timestamp">2012-05-24 00:00:00.0</lockedOn>
    <deleted>false</deleted>
    <versionTs class="sql-timestamp">2012-07-09 16:49:52.1</versionTs>
  </com.dotmarketing.portlets.htmlpages.model.HTMLPageVersionInfo>
  <com.dotmarketing.portlets.htmlpages.model.HTMLPageVersionInfo>
    <identifier>a882178f-0433-4404-881e-c30634362517</identifier>
    <liveInode>54df3fc8-61f6-4197-9beb-1f96ce1fe0d0</liveInode>
    <workingInode>54df3fc8-61f6-4197-9beb-1f96ce1fe0d0</workingInode>
    <lockedOn class="sql-timestamp">2012-03-08 00:00:00.0</lockedOn>
    <deleted>false</deleted>
    <versionTs class="sql-timestamp">2012-05-04 13:38:28.321738</versionTs>
  </com.dotmarketing.portlets.htmlpages.model.HTMLPageVersionInfo>
  <com.dotmarketing.portlets.htmlpages.model.HTMLPageVersionInfo>
    <identifier>a9aaca31-e460-45f3-a150-2c709796362d</identifier>
    <liveInode>1e4e6ad4-44b5-4d5a-8da9-370c0ac6e4c1</liveInode>
    <workingInode>1e4e6ad4-44b5-4d5a-8da9-370c0ac6e4c1</workingInode>
    <lockedOn class="sql-timestamp">2012-06-26 16:12:07.543</lockedOn>
    <deleted>false</deleted>
    <versionTs class="sql-timestamp">2012-06-26 16:12:07.554</versionTs>
  </com.dotmarketing.portlets.htmlpages.model.HTMLPageVersionInfo>
  <com.dotmarketing.portlets.htmlpages.model.HTMLPageVersionInfo>
    <identifier>b0175d07-aca0-43be-9fc1-2e4ad637c00a</identifier>
    <liveInode>9c0f6772-d74e-4938-9393-e197c1b5310e</liveInode>
    <workingInode>9c0f6772-d74e-4938-9393-e197c1b5310e</workingInode>
    <lockedOn class="sql-timestamp">2012-01-19 00:00:00.0</lockedOn>
    <deleted>false</deleted>
    <versionTs class="sql-timestamp">2012-05-04 13:38:28.321738</versionTs>
  </com.dotmarketing.portlets.htmlpages.model.HTMLPageVersionInfo>
  <com.dotmarketing.portlets.htmlpages.model.HTMLPageVersionInfo>
    <identifier>baf137d7-961a-494d-bd4d-786b0a60bac8</identifier>
    <liveInode>ccc56729-6c53-41eb-9cf6-0d9f8b2b0058</liveInode>
    <workingInode>ccc56729-6c53-41eb-9cf6-0d9f8b2b0058</workingInode>
    <lockedOn class="sql-timestamp">2012-01-20 00:00:00.0</lockedOn>
    <deleted>false</deleted>
    <versionTs class="sql-timestamp">2012-05-04 13:38:28.321738</versionTs>
  </com.dotmarketing.portlets.htmlpages.model.HTMLPageVersionInfo>
  <com.dotmarketing.portlets.htmlpages.model.HTMLPageVersionInfo>
    <identifier>c09cdd1c-3740-409d-bc6b-dfdcb52ca070</identifier>
    <liveInode>356f4ff8-e053-491d-9902-b4481f990a29</liveInode>
    <workingInode>356f4ff8-e053-491d-9902-b4481f990a29</workingInode>
    <lockedOn class="sql-timestamp">2012-03-28 00:00:00.0</lockedOn>
    <deleted>false</deleted>
    <versionTs class="sql-timestamp">2012-05-04 13:38:28.321738</versionTs>
  </com.dotmarketing.portlets.htmlpages.model.HTMLPageVersionInfo>
  <com.dotmarketing.portlets.htmlpages.model.HTMLPageVersionInfo>
    <identifier>c0d0ba73-0c45-49d5-86df-2f1dd793a8bd</identifier>
    <liveInode>f2cfd0f5-308a-45d3-a1b5-f6e8745cd269</liveInode>
    <workingInode>f2cfd0f5-308a-45d3-a1b5-f6e8745cd269</workingInode>
    <lockedOn class="sql-timestamp">2012-03-28 00:00:00.0</lockedOn>
    <deleted>false</deleted>
    <versionTs class="sql-timestamp">2012-05-04 13:38:28.321738</versionTs>
  </com.dotmarketing.portlets.htmlpages.model.HTMLPageVersionInfo>
  <com.dotmarketing.portlets.htmlpages.model.HTMLPageVersionInfo>
    <identifier>c12fe7e6-d338-49d5-973b-2d974d57015b</identifier>
    <liveInode>077bce24-8b5e-4180-8b2d-4c428cba94a4</liveInode>
    <workingInode>077bce24-8b5e-4180-8b2d-4c428cba94a4</workingInode>
    <lockedOn class="sql-timestamp">2012-06-12 00:00:00.0</lockedOn>
    <deleted>false</deleted>
    <versionTs class="sql-timestamp">2012-06-12 16:57:49.976</versionTs>
  </com.dotmarketing.portlets.htmlpages.model.HTMLPageVersionInfo>
  <com.dotmarketing.portlets.htmlpages.model.HTMLPageVersionInfo>
    <identifier>c308f4bb-77d0-4735-a84b-21d7af8d2604</identifier>
    <liveInode>fe3b14de-fbee-489f-a62a-f4b9d4c28c5b</liveInode>
    <workingInode>fe3b14de-fbee-489f-a62a-f4b9d4c28c5b</workingInode>
    <lockedOn class="sql-timestamp">2012-05-07 00:00:00.0</lockedOn>
    <deleted>false</deleted>
    <versionTs class="sql-timestamp">2012-05-07 18:04:47.658</versionTs>
  </com.dotmarketing.portlets.htmlpages.model.HTMLPageVersionInfo>
  <com.dotmarketing.portlets.htmlpages.model.HTMLPageVersionInfo>
    <identifier>c6da18ef-487a-4c9f-9827-5dd60796fcee</identifier>
    <liveInode>9116206c-5e9e-4bff-856c-f061bd75d0b9</liveInode>
    <workingInode>9116206c-5e9e-4bff-856c-f061bd75d0b9</workingInode>
    <lockedOn class="sql-timestamp">2012-06-12 00:00:00.0</lockedOn>
    <deleted>false</deleted>
    <versionTs class="sql-timestamp">2012-06-12 11:59:34.218</versionTs>
  </com.dotmarketing.portlets.htmlpages.model.HTMLPageVersionInfo>
  <com.dotmarketing.portlets.htmlpages.model.HTMLPageVersionInfo>
    <identifier>ca55a959-18bb-4c7d-956d-4478315ae6b1</identifier>
    <liveInode>e49a2a92-ad3e-477f-adbb-1ab1ee703190</liveInode>
    <workingInode>e49a2a92-ad3e-477f-adbb-1ab1ee703190</workingInode>
    <lockedOn class="sql-timestamp">2012-03-20 00:00:00.0</lockedOn>
    <deleted>false</deleted>
    <versionTs class="sql-timestamp">2012-05-04 13:38:28.321738</versionTs>
  </com.dotmarketing.portlets.htmlpages.model.HTMLPageVersionInfo>
  <com.dotmarketing.portlets.htmlpages.model.HTMLPageVersionInfo>
    <identifier>ca8723a1-ce2d-4ae7-88cc-ac010d5405f5</identifier>
    <liveInode>b0169f54-13c0-4f1d-9f48-fe1fc83e57aa</liveInode>
    <workingInode>b0169f54-13c0-4f1d-9f48-fe1fc83e57aa</workingInode>
    <lockedOn class="sql-timestamp">2012-03-13 00:00:00.0</lockedOn>
    <deleted>false</deleted>
    <versionTs class="sql-timestamp">2012-05-04 13:38:28.321738</versionTs>
  </com.dotmarketing.portlets.htmlpages.model.HTMLPageVersionInfo>
  <com.dotmarketing.portlets.htmlpages.model.HTMLPageVersionInfo>
    <identifier>cebbdee0-82f8-4fe0-a08d-9326542c1651</identifier>
    <liveInode>0f1aa45b-f22b-4615-bd97-0a8c4aa5d750</liveInode>
    <workingInode>0f1aa45b-f22b-4615-bd97-0a8c4aa5d750</workingInode>
    <lockedOn class="sql-timestamp">2012-06-12 00:00:00.0</lockedOn>
    <deleted>false</deleted>
    <versionTs class="sql-timestamp">2012-06-12 11:59:40.173</versionTs>
  </com.dotmarketing.portlets.htmlpages.model.HTMLPageVersionInfo>
  <com.dotmarketing.portlets.htmlpages.model.HTMLPageVersionInfo>
    <identifier>d2f7edd9-5dcf-4125-9a2a-1a3464066994</identifier>
    <liveInode>89fbc883-ff3f-405d-8d32-92884b63bd56</liveInode>
    <workingInode>89fbc883-ff3f-405d-8d32-92884b63bd56</workingInode>
    <lockedOn class="sql-timestamp">2012-03-05 00:00:00.0</lockedOn>
    <deleted>false</deleted>
    <versionTs class="sql-timestamp">2012-06-11 17:29:57.244</versionTs>
  </com.dotmarketing.portlets.htmlpages.model.HTMLPageVersionInfo>
  <com.dotmarketing.portlets.htmlpages.model.HTMLPageVersionInfo>
    <identifier>d45026fa-dcd9-4a93-a243-c15e5f9fb9f7</identifier>
    <liveInode>467145ac-09c5-4ffe-ae63-77fe34a5816b</liveInode>
    <workingInode>467145ac-09c5-4ffe-ae63-77fe34a5816b</workingInode>
    <lockedOn class="sql-timestamp">2012-06-11 00:00:00.0</lockedOn>
    <deleted>false</deleted>
    <versionTs class="sql-timestamp">2012-06-11 17:31:42.132</versionTs>
  </com.dotmarketing.portlets.htmlpages.model.HTMLPageVersionInfo>
  <com.dotmarketing.portlets.htmlpages.model.HTMLPageVersionInfo>
    <identifier>d732dd28-0716-4a09-bdc7-486e97437396</identifier>
    <liveInode>c563c188-905b-4f4d-877a-261f42deb029</liveInode>
    <workingInode>c563c188-905b-4f4d-877a-261f42deb029</workingInode>
    <lockedOn class="sql-timestamp">2012-02-01 00:00:00.0</lockedOn>
    <deleted>false</deleted>
    <versionTs class="sql-timestamp">2012-05-04 13:38:28.321738</versionTs>
  </com.dotmarketing.portlets.htmlpages.model.HTMLPageVersionInfo>
  <com.dotmarketing.portlets.htmlpages.model.HTMLPageVersionInfo>
    <identifier>d7c4b69f-7675-4678-9eb6-a0e953c2f871</identifier>
    <liveInode>d83b1129-1938-4429-a286-b65099890999</liveInode>
    <workingInode>d83b1129-1938-4429-a286-b65099890999</workingInode>
    <lockedOn class="sql-timestamp">2012-03-23 00:00:00.0</lockedOn>
    <deleted>false</deleted>
    <versionTs class="sql-timestamp">2012-05-04 13:38:28.321738</versionTs>
  </com.dotmarketing.portlets.htmlpages.model.HTMLPageVersionInfo>
  <com.dotmarketing.portlets.htmlpages.model.HTMLPageVersionInfo>
    <identifier>d9f12ac9-e37a-46ba-930d-bdd41d46ab22</identifier>
    <liveInode>a30a6e1f-2493-46af-b222-07e3afdec843</liveInode>
    <workingInode>a30a6e1f-2493-46af-b222-07e3afdec843</workingInode>
    <lockedOn class="sql-timestamp">2012-03-05 00:00:00.0</lockedOn>
    <deleted>false</deleted>
    <versionTs class="sql-timestamp">2012-05-04 13:38:28.321738</versionTs>
  </com.dotmarketing.portlets.htmlpages.model.HTMLPageVersionInfo>
  <com.dotmarketing.portlets.htmlpages.model.HTMLPageVersionInfo>
    <identifier>dc9d1fcc-a499-44d8-a7f2-397f3da360b6</identifier>
    <liveInode>2d1a3d82-70bf-48bc-983e-4d2aa70565fe</liveInode>
    <workingInode>2d1a3d82-70bf-48bc-983e-4d2aa70565fe</workingInode>
    <lockedOn class="sql-timestamp">2012-06-26 16:28:00.885</lockedOn>
    <deleted>false</deleted>
    <versionTs class="sql-timestamp">2012-06-26 16:28:00.886</versionTs>
  </com.dotmarketing.portlets.htmlpages.model.HTMLPageVersionInfo>
  <com.dotmarketing.portlets.htmlpages.model.HTMLPageVersionInfo>
    <identifier>de2bd63b-4f34-415a-b2fc-5e9fa7020b45</identifier>
    <liveInode>80942b35-830d-4a38-a420-893f36e111dd</liveInode>
    <workingInode>80942b35-830d-4a38-a420-893f36e111dd</workingInode>
    <lockedOn class="sql-timestamp">2012-03-20 00:00:00.0</lockedOn>
    <deleted>false</deleted>
    <versionTs class="sql-timestamp">2012-05-04 13:38:28.321738</versionTs>
  </com.dotmarketing.portlets.htmlpages.model.HTMLPageVersionInfo>
  <com.dotmarketing.portlets.htmlpages.model.HTMLPageVersionInfo>
    <identifier>e33153ff-d668-4afe-b055-afc176a51787</identifier>
    <liveInode>ffbc78a8-5009-42c6-b1ed-6ef5249f2101</liveInode>
    <workingInode>ffbc78a8-5009-42c6-b1ed-6ef5249f2101</workingInode>
    <lockedOn class="sql-timestamp">2012-03-01 00:00:00.0</lockedOn>
    <deleted>false</deleted>
    <versionTs class="sql-timestamp">2012-05-04 13:38:28.321738</versionTs>
  </com.dotmarketing.portlets.htmlpages.model.HTMLPageVersionInfo>
  <com.dotmarketing.portlets.htmlpages.model.HTMLPageVersionInfo>
    <identifier>e476a7f6-d252-4a47-be8a-6de4c5d4cc4b</identifier>
    <liveInode>200641b0-3d21-46f7-bd95-0bf2cbaa7401</liveInode>
    <workingInode>200641b0-3d21-46f7-bd95-0bf2cbaa7401</workingInode>
    <lockedOn class="sql-timestamp">2012-03-20 00:00:00.0</lockedOn>
    <deleted>false</deleted>
    <versionTs class="sql-timestamp">2012-05-04 13:38:28.321738</versionTs>
  </com.dotmarketing.portlets.htmlpages.model.HTMLPageVersionInfo>
  <com.dotmarketing.portlets.htmlpages.model.HTMLPageVersionInfo>
    <identifier>e6908634-4747-47f5-b1c6-038473f982a3</identifier>
    <workingInode>727cb975-ee11-4abe-9a31-810b3f4e1933</workingInode>
    <lockedOn class="sql-timestamp">2012-03-01 00:00:00.0</lockedOn>
    <deleted>true</deleted>
    <versionTs class="sql-timestamp">2012-05-04 13:38:28.321738</versionTs>
  </com.dotmarketing.portlets.htmlpages.model.HTMLPageVersionInfo>
  <com.dotmarketing.portlets.htmlpages.model.HTMLPageVersionInfo>
    <identifier>ebc05a98-d211-494f-afb0-582ce6386e24</identifier>
    <liveInode>4825841b-4c11-483b-a5ae-40c8f1ce3e4f</liveInode>
    <workingInode>4825841b-4c11-483b-a5ae-40c8f1ce3e4f</workingInode>
    <lockedOn class="sql-timestamp">2012-03-05 00:00:00.0</lockedOn>
    <deleted>false</deleted>
    <versionTs class="sql-timestamp">2012-05-04 13:38:28.321738</versionTs>
  </com.dotmarketing.portlets.htmlpages.model.HTMLPageVersionInfo>
  <com.dotmarketing.portlets.htmlpages.model.HTMLPageVersionInfo>
    <identifier>ed2bfdcc-436a-40fe-be5b-c847c942f34a</identifier>
    <liveInode>bfc542c4-6f34-4940-b97e-84ba091aa841</liveInode>
    <workingInode>bfc542c4-6f34-4940-b97e-84ba091aa841</workingInode>
    <lockedOn class="sql-timestamp">2012-03-19 00:00:00.0</lockedOn>
    <deleted>false</deleted>
    <versionTs class="sql-timestamp">2012-07-06 09:24:31.72</versionTs>
  </com.dotmarketing.portlets.htmlpages.model.HTMLPageVersionInfo>
  <com.dotmarketing.portlets.htmlpages.model.HTMLPageVersionInfo>
    <identifier>ee2a42c9-0845-4b87-b516-2519a87c69a6</identifier>
    <liveInode>d287d6e0-9c87-42a1-8244-e74279356275</liveInode>
    <workingInode>d287d6e0-9c87-42a1-8244-e74279356275</workingInode>
    <lockedOn class="sql-timestamp">2012-03-19 00:00:00.0</lockedOn>
    <deleted>false</deleted>
    <versionTs class="sql-timestamp">2012-05-04 13:38:28.321738</versionTs>
  </com.dotmarketing.portlets.htmlpages.model.HTMLPageVersionInfo>
  <com.dotmarketing.portlets.htmlpages.model.HTMLPageVersionInfo>
    <identifier>ef223c47-b99c-4e50-9dbd-39cc7b68e527</identifier>
    <liveInode>7c421bee-c23f-4a6e-9384-bb6216b6b8cf</liveInode>
    <workingInode>7c421bee-c23f-4a6e-9384-bb6216b6b8cf</workingInode>
    <lockedOn class="sql-timestamp">2011-12-15 00:00:00.0</lockedOn>
    <deleted>false</deleted>
    <versionTs class="sql-timestamp">2012-05-04 13:38:28.321738</versionTs>
  </com.dotmarketing.portlets.htmlpages.model.HTMLPageVersionInfo>
  <com.dotmarketing.portlets.htmlpages.model.HTMLPageVersionInfo>
    <identifier>f9fc55e7-557a-4047-a8be-15e5ca69fa62</identifier>
    <liveInode>9d5003a8-7c18-4ef2-8791-84f99082f530</liveInode>
    <workingInode>9d5003a8-7c18-4ef2-8791-84f99082f530</workingInode>
    <lockedOn class="sql-timestamp">2012-03-13 00:00:00.0</lockedOn>
    <deleted>false</deleted>
    <versionTs class="sql-timestamp">2012-05-04 13:38:28.321738</versionTs>
  </com.dotmarketing.portlets.htmlpages.model.HTMLPageVersionInfo>
  <com.dotmarketing.portlets.htmlpages.model.HTMLPageVersionInfo>
    <identifier>fd4c5695-2f23-42de-8dd5-25d8e856b6ce</identifier>
    <liveInode>e452272c-d826-4ea1-b8c8-d21635154b14</liveInode>
    <workingInode>e452272c-d826-4ea1-b8c8-d21635154b14</workingInode>
    <lockedOn class="sql-timestamp">2012-03-06 00:00:00.0</lockedOn>
    <deleted>false</deleted>
    <versionTs class="sql-timestamp">2012-05-04 13:38:28.321738</versionTs>
  </com.dotmarketing.portlets.htmlpages.model.HTMLPageVersionInfo>
  <com.dotmarketing.portlets.htmlpages.model.HTMLPageVersionInfo>
    <identifier>fdeb07ff-6fc3-4237-91d9-728109bc621d</identifier>
    <liveInode>eee5764a-089b-4787-985e-f3102660bafc</liveInode>
    <workingInode>eee5764a-089b-4787-985e-f3102660bafc</workingInode>
    <lockedOn class="sql-timestamp">2011-12-15 00:00:00.0</lockedOn>
    <deleted>false</deleted>
    <versionTs class="sql-timestamp">2012-05-04 13:38:28.321738</versionTs>
  </com.dotmarketing.portlets.htmlpages.model.HTMLPageVersionInfo>
  <com.dotmarketing.portlets.htmlpages.model.HTMLPageVersionInfo>
    <identifier>fe50e1fc-689b-4ba4-b109-9351a8fd2c54</identifier>
    <liveInode>90262d3d-f081-49d2-88c0-f61994468a70</liveInode>
    <workingInode>90262d3d-f081-49d2-88c0-f61994468a70</workingInode>
    <lockedOn class="sql-timestamp">2012-03-23 00:00:00.0</lockedOn>
    <deleted>false</deleted>
    <versionTs class="sql-timestamp">2012-05-04 13:38:28.321738</versionTs>
  </com.dotmarketing.portlets.htmlpages.model.HTMLPageVersionInfo>
</list>