<list>
  <com.dotmarketing.portlets.containers.model.Container>
    <iDate class="sql-timestamp">2013-05-06 18:56:56.318</iDate>
    <type>containers</type>
    <owner></owner>
    <inode>4af66827-e465-4783-8345-7f01c04ae67c</inode>
    <identifier>685132f6-12a6-45d0-a4e4-99f14ebce429</identifier>
    <title>Advanced Template - Top Nav</title>
    <friendlyName>Primary navigation and site tools</friendlyName>
    <modDate class="sql-timestamp">2013-05-06 19:13:11.484</modDate>
    <modUser>dotcms.org.1</modUser>
    <sortOrder>0</sortOrder>
    <showOnMenu>false</showOnMenu>
    <code>&lt;header&gt;&#xd;
  &lt;div class=&quot;container&quot;&gt;&#xd;
    &lt;div class=&quot;navbar navbar-inverse&quot;&gt;&#xd;
      &lt;div class=&quot;navbar-inner&quot;&gt;&#xd;
        &lt;button type=&quot;button&quot; class=&quot;btn btn-navbar&quot; data-toggle=&quot;collapse&quot; data-target=&quot;.nav-collapse&quot;&gt;&#xd;
          &lt;span class=&quot;icon-bar&quot;&gt;&lt;/span&gt;&#xd;
          &lt;span class=&quot;icon-bar&quot;&gt;&lt;/span&gt;&#xd;
          &lt;span class=&quot;icon-bar&quot;&gt;&lt;/span&gt;&#xd;
        &lt;/button&gt;&#xd;
        &lt;a class=&quot;brand&quot; href=&quot;#&quot;&gt;Bootstrap&lt;/a&gt;&#xd;
        &lt;div class=&quot;nav-collapse collapse pull-right&quot;&gt;&#xd;
          &lt;ul class=&quot;nav&quot;&gt;&#xd;
            #set($list = $navtool.getNav(&quot;/&quot;))&#xd;
            #foreach($n in $list)&#xd;
              #set($children = $n.children)&#xd;
              #if($children &amp;&amp; $children.size() &gt; 0)&#xd;
                &lt;li class=&quot;dropdown #if($n.active) active #end&quot;&gt;&#xd;
                  &lt;a href=&quot;#&quot; class=&quot;dropdown-toggle&quot; data-toggle=&quot;dropdown&quot;&gt;${n.title} &lt;b class=&quot;caret&quot;&gt;&lt;/b&gt;&lt;/a&gt;&#xd;
                  &lt;ul class=&quot;dropdown-menu&quot;&gt;&#xd;
                    #foreach($ch in $children)&#xd;
                      &lt;li #if($ch.active) class=&quot;active&quot; #end&gt;&lt;a href=&apos;${ch.href}&apos;&gt;${ch.title}&lt;/a&gt;&lt;/li&gt;&#xd;
                    #end&#xd;
                  &lt;/ul&gt;&#xd;
                &lt;/li&gt;&#xd;
              #else&#xd;
                &lt;li class=&quot;#if($n.active) active #end&quot;&gt;&lt;a href=&apos;${n.href}&apos;&gt;${n.title}&lt;/a&gt;&lt;/li&gt;&#xd;
              #end&#xd;
            #end&#xd;
          &lt;/ul&gt; &lt;!-- /.nav --&gt;&#xd;
        &lt;/div&gt; &lt;!-- /.nav-collapse --&gt;&#xd;
      &lt;/div&gt; &lt;!-- / .navbar-inner --&gt;&#xd;
    &lt;/div&gt; &lt;!-- / .navbar --&gt;&#xd;
  &lt;/div&gt; &lt;!-- /.container --&gt;&#xd;
&lt;/header&gt;</code>
    <maxContentlets>0</maxContentlets>
    <useDiv>false</useDiv>
    <sortContentletsBy></sortContentletsBy>
    <preLoop></preLoop>
    <postLoop></postLoop>
    <staticify>false</staticify>
    <luceneQuery></luceneQuery>
    <notes></notes>
  </com.dotmarketing.portlets.containers.model.Container>
  <com.dotmarketing.portlets.containers.model.Container>
    <iDate class="sql-timestamp">2013-05-06 18:54:30.312</iDate>
    <type>containers</type>
    <owner></owner>
    <inode>97b67789-453c-487b-858c-82c9e09623bd</inode>
    <identifier>56bd55ea-b04b-480d-9e37-5d6f9217dcc3</identifier>
    <title>Default 1 (Page Content)</title>
    <friendlyName>Displays Page Content</friendlyName>
    <modDate class="sql-timestamp">2013-05-06 18:54:30.337</modDate>
    <modUser>dotcms.org.1</modUser>
    <sortOrder>0</sortOrder>
    <showOnMenu>false</showOnMenu>
    <code></code>
    <maxContentlets>25</maxContentlets>
    <useDiv>false</useDiv>
    <sortContentletsBy></sortContentletsBy>
    <preLoop></preLoop>
    <postLoop></postLoop>
    <staticify>false</staticify>
    <luceneQuery></luceneQuery>
    <notes>This container display the body field of the content type Page Content.</notes>
  </com.dotmarketing.portlets.containers.model.Container>
  <com.dotmarketing.portlets.containers.model.Container>
    <iDate class="sql-timestamp">2013-05-06 18:54:25.953</iDate>
    <type>containers</type>
    <owner></owner>
    <inode>a7445635-14a4-47fc-a9ae-5ff4c80acffe</inode>
    <identifier>5eb11b21-6b13-4fb8-a823-1de20bba56c0</identifier>
    <title>Default 2 (Page Content)</title>
    <friendlyName>Displays Page Content</friendlyName>
    <modDate class="sql-timestamp">2013-05-06 18:54:25.976</modDate>
    <modUser>dotcms.org.1</modUser>
    <sortOrder>0</sortOrder>
    <showOnMenu>false</showOnMenu>
    <code></code>
    <maxContentlets>25</maxContentlets>
    <useDiv>false</useDiv>
    <sortContentletsBy></sortContentletsBy>
    <preLoop></preLoop>
    <postLoop></postLoop>
    <staticify>false</staticify>
    <luceneQuery></luceneQuery>
    <notes>This container display the body field of the content type Page Content.</notes>
  </com.dotmarketing.portlets.containers.model.Container>
  <com.dotmarketing.portlets.containers.model.Container>
    <iDate class="sql-timestamp">2013-05-06 18:54:21.324</iDate>
    <type>containers</type>
    <owner></owner>
    <inode>3efc001e-db68-408a-ac50-1284c1afe533</inode>
    <identifier>f1ba7688-453c-4c0d-a214-e5ac802b8034</identifier>
    <title>Default 3 (Page Content)</title>
    <friendlyName>Displays Page Content</friendlyName>
    <modDate class="sql-timestamp">2013-05-06 18:54:21.35</modDate>
    <modUser>dotcms.org.1</modUser>
    <sortOrder>0</sortOrder>
    <showOnMenu>false</showOnMenu>
    <code></code>
    <maxContentlets>25</maxContentlets>
    <useDiv>false</useDiv>
    <sortContentletsBy></sortContentletsBy>
    <preLoop></preLoop>
    <postLoop></postLoop>
    <staticify>false</staticify>
    <luceneQuery></luceneQuery>
    <notes>This container display the body field of the content type Page Content.</notes>
  </com.dotmarketing.portlets.containers.model.Container>
  <com.dotmarketing.portlets.containers.model.Container>
    <iDate class="sql-timestamp">2013-05-06 18:54:14.855</iDate>
    <type>containers</type>
    <owner></owner>
    <inode>8cbcb97e-8e04-4691-8555-da82c3dc4a91</inode>
    <identifier>a6e9652b-8183-4c09-b775-26196b09a300</identifier>
    <title>Default 4 (Page Content)</title>
    <friendlyName>Displays Page Content</friendlyName>
    <modDate class="sql-timestamp">2013-05-06 18:54:14.875</modDate>
    <modUser>dotcms.org.1</modUser>
    <sortOrder>0</sortOrder>
    <showOnMenu>false</showOnMenu>
    <code></code>
    <maxContentlets>25</maxContentlets>
    <useDiv>false</useDiv>
    <sortContentletsBy></sortContentletsBy>
    <preLoop></preLoop>
    <postLoop></postLoop>
    <staticify>false</staticify>
    <luceneQuery></luceneQuery>
    <notes>This container display the body field of the content type Page Content.</notes>
  </com.dotmarketing.portlets.containers.model.Container>
  <com.dotmarketing.portlets.containers.model.Container>
    <iDate class="sql-timestamp">2013-05-06 18:54:09.355</iDate>
    <type>containers</type>
    <owner></owner>
    <inode>72256815-2fe1-4b02-87fc-f75c6c3eef4d</inode>
    <identifier>8f17696b-4e25-46b6-94b1-66c849a28bbe</identifier>
    <title>Default 5 (Page Content)</title>
    <friendlyName>Default 5</friendlyName>
    <modDate class="sql-timestamp">2013-05-06 18:54:09.376</modDate>
    <modUser>dotcms.org.1</modUser>
    <sortOrder>0</sortOrder>
    <showOnMenu>false</showOnMenu>
    <code></code>
    <maxContentlets>25</maxContentlets>
    <useDiv>false</useDiv>
    <sortContentletsBy></sortContentletsBy>
    <preLoop></preLoop>
    <postLoop></postLoop>
    <staticify>false</staticify>
    <luceneQuery></luceneQuery>
    <notes>This container display the body field of the content type Page Content.</notes>
  </com.dotmarketing.portlets.containers.model.Container>
  <com.dotmarketing.portlets.containers.model.Container>
    <iDate class="sql-timestamp">2013-05-06 18:53:33.338</iDate>
    <type>containers</type>
    <owner></owner>
    <inode>e8958209-e9b1-46ad-89a3-73d12246c960</inode>
    <identifier>18b44489-f942-40ed-90d9-f20dbdfe689e</identifier>
    <title> Advanced Templates - Footer</title>
    <friendlyName>Defult page footer</friendlyName>
    <modDate class="sql-timestamp">2013-05-06 19:13:07.334</modDate>
    <modUser>dotcms.org.1</modUser>
    <sortOrder>0</sortOrder>
    <showOnMenu>false</showOnMenu>
    <code>&lt;footer&gt;&#xd;
  &lt;div class=&quot;container&quot;&gt;&#xd;
    &lt;div class=&quot;row footerRow1 hidden-phone&quot;&gt;&#xd;
        &lt;div class=&quot;span2&quot;&gt;&#xd;
          &lt;h6&gt;Our Company&lt;/h6&gt;&#xd;
          &lt;ul&gt;&#xd;
            &lt;li&gt;&lt;a href=&quot;/about-us/&quot;&gt;About Us&lt;/a&gt;&lt;/li&gt;&#xd;
            &lt;li&gt;&lt;a href=&quot;/about-us/our-team/&quot;&gt;Our Team&lt;/a&gt;&lt;/li&gt;&#xd;
            &lt;li&gt;&lt;a href=&quot;/about-us/locations/&quot;&gt;Locations&lt;/a&gt;&lt;/li&gt;&#xd;
            &lt;li&gt;&lt;a href=&quot;/contact-us/&quot;&gt;Contact Us&lt;/a&gt;&lt;/li&gt;&#xd;
          &lt;/ul&gt;&#xd;
        &lt;/div&gt;&#xd;
      &#xd;
        &lt;div class=&quot;span2&quot;&gt;&#xd;
          &lt;h6&gt;News &amp;amp; Events&lt;/h6&gt;&#xd;
          &lt;ul&gt;&#xd;
            &lt;li&gt;&lt;a href=&quot;/news-events/news/&quot;&gt;Recent News&lt;/a&gt;&lt;/li&gt;&#xd;
            &lt;li&gt;&lt;a href=&quot;/news-events/events/&quot;&gt;Upcoming Events&lt;/a&gt;&lt;/li&gt;&#xd;
            &lt;li&gt;&lt;a href=&quot;/blogs/index.html&quot;&gt;Insight Blog&lt;/a&gt;&lt;/li&gt;&#xd;
          &lt;/ul&gt;&#xd;
        &lt;/div&gt;&#xd;
      &#xd;
        &lt;div class=&quot;span2&quot;&gt;&#xd;
          &lt;h6&gt;For Clients&lt;/h6&gt;&#xd;
          &lt;ul&gt;&#xd;
            &lt;li&gt;&lt;a href=&quot;/dotCMS/login?referrer=/intranet/&quot;&gt;Intranet&lt;/a&gt;&lt;/li&gt;&#xd;
            &lt;li&gt;&lt;a href=&quot;/resources/&quot;&gt;Resources&lt;/a&gt;&lt;/li&gt;&#xd;
            &lt;li&gt;&lt;a href=&quot;/resources/videos.html&quot;&gt;Videos&lt;/a&gt;&lt;/li&gt;&#xd;
            &lt;li&gt;&lt;a href=&quot;http://m.demo.dotcms.com?iframe=true&quot; class=&quot;mobileSite&quot;&gt;Mobile Site&lt;/a&gt;&lt;/li&gt;&#xd;
          &lt;/ul&gt;&#xd;
        &lt;/div&gt;&#xd;
      &#xd;
        &lt;div class=&quot;span5 offset1&quot;&gt;&#xd;
          &lt;h6&gt;Newsletter Sign Up&lt;/h6&gt;&#xd;
          &lt;form id=&quot;newsletter-form&quot; method=&quot;post&quot; action=&quot;http://visitor.r20.constantcontact.com/manage/optin/ea?v=0014YAKv_Pymb9rFwL2BMSlaMcAXEwuIDzDQX9RGoGjK5rLzQoHHlEMPfpgvdUwnRjS&quot;&gt;&#xd;
            &lt;div&gt;&#xd;
              &lt;input type=&quot;hidden&quot; name=&quot;ref&quot; value=&quot;http://dotcms.com/&quot;/&gt;&#xd;
              &lt;input id=&quot;emailAddr&quot; name=&quot;emailAddr&quot; type=&quot;text&quot;&gt;&lt;a class=&quot;button&quot; onclick=&quot;document.getElementById(&apos;newsletter-form&apos;).submit()&quot;&gt;Subscribe&lt;/a&gt;&lt;/div&gt;&#xd;
              &lt;a href=&quot;#&quot; onclick=&quot;document.getElementById(&apos;newsletter-form&apos;).submit()&quot; class=&quot;unsubscribe&quot;&gt;Unsubscribe&lt;/a&gt;&#xd;
          &lt;/form&gt;&#xd;
        &lt;/div&gt;&#xd;
    &lt;/div&gt;&#xd;
    &#xd;
    &lt;div class=&quot;row footerRow2&quot;&gt;&#xd;
      &lt;div class=&quot;span6&quot;&gt;&#xd;
        &lt;a href=&quot;http://www.htmlcms.org&quot; target=&quot;_blank&quot;&gt;dotCMS Starter Site&lt;/a&gt; &amp;copy; $date.get(&apos;yyyy&apos;)  All rights reserved.&#xd;
      &lt;/div&gt;&#xd;
      &#xd;
      &lt;div class=&quot;span5 offset1&quot;&gt;&#xd;
    &#xd;
        &lt;!--====================AddThis Buttons======================--&gt;&#xd;
        &lt;div class=&quot;addThis social-button&quot;&gt;&#xd;
          &lt;a class=&quot;rss&quot; href=&quot;http://dotcms.com/community/rss-feeds.html&quot; target=&quot;_blank&quot;&gt;RSS Feed&lt;/a&gt;&#xd;
          &lt;a class=&quot;twitter&quot; href=&quot;http://twitter.com/#!/dotcms&quot; target=&quot;_blank&quot;&gt;Follow us on Twitter&lt;/a&gt;&#xd;
          &lt;a class=&quot;facebook&quot; href=&quot;http://www.facebook.com/dotCMS&quot; target=&quot;_blank&quot;&gt;Follow us on Facebook&lt;/a&gt;&#xd;
          &lt;a class=&quot;addthis_button_email&quot; href=&quot;http://www.addthis.com/bookmark.php&quot;&gt;Send to a Friend&lt;/a&gt;&#xd;
          &lt;a class=&quot;addthis_button&quot; href=&quot;http://www.addthis.com/bookmark.php&quot;&gt;Add This&lt;/a&gt;&#xd;
              &lt;script type=&quot;text/javascript&quot;&gt;&#xd;
                var addthis_config = {     &#xd;
                  data_track_clickback: true,&#xd;
                  services_expanded: &apos;bebo,misterwong,netvibes&apos;,&#xd;
                  ui_click: true,&#xd;
                  ui_offset_top: 0,&#xd;
                  ui_offset_left: 40&#xd;
                };&#xd;
              &lt;/script&gt;&#xd;
              &lt;script type=&quot;text/javascript&quot; src=&quot;http://s7.addthis.com/js/250/addthis_widget.js#pubid=$!{host.addThis}&quot;&gt;&lt;/script&gt;&#xd;
        &lt;/div&gt;&#xd;
      &lt;/div&gt;&#xd;
    &lt;/div&gt;&#xd;
  &lt;/div&gt;&#xd;
&lt;/footer&gt;&#xd;
&#xd;
&#xd;
&lt;!--====================User Info Tab Flyout======================--&gt;&#xd;
&lt;div id=&quot;userInfo&quot; class=&quot;visible-desktop&quot;&gt;&#xd;
  &lt;span class=&quot;trigger&quot;&gt;&lt;/span&gt;&#xd;
  &lt;span id=&quot;userInfoData&quot;&gt;&lt;/span&gt;&#xd;
&lt;/div&gt;&#xd;
&#xd;
&lt;!--=====================Google Analytics=========================--&gt;&#xd;
#if ($UtilMethods.isSet($host.googleAnalytics))&#xd;
  &lt;script type=&quot;text/javascript&quot;&gt;&#xd;
    var _gaq = _gaq || [];&#xd;
    _gaq.push([&apos;_setAccount&apos;, &apos;${host.googleAnalytics}&apos;]);&#xd;
    _gaq.push([&apos;_trackPageview&apos;]);&#xd;
  &#xd;
    (function() {&#xd;
      var ga = document.createElement(&apos;script&apos;); ga.type = &apos;text/javascript&apos;; ga.async = true;&#xd;
      ga.src = (&apos;https:&apos; == document.location.protocol ? &apos;https://ssl&apos; : &apos;http://www&apos;) + &apos;.google-analytics.com/ga.js&apos;;&#xd;
      var s = document.getElementsByTagName(&apos;script&apos;)[0]; s.parentNode.insertBefore(ga, s);&#xd;
    })();&#xd;
  &lt;/script&gt;&#xd;
#end&#xd;
        &#xd;
&lt;!-- Placed at the end of the document so the pages load faster --&gt;&#xd;
&lt;script src=&quot;/js/bootstrap.min.js&quot;&gt;&lt;/script&gt;&#xd;
&lt;script src=&quot;/js/bootstrap-collapse.js&quot;&gt;&lt;/script&gt;&#xd;
&lt;script src=&quot;/js/jquery.flexslider.min.js&quot;&gt;&lt;/script&gt;&#xd;
&lt;script src=&quot;/js/jquery.atooltip.js&quot;&gt;&lt;/script&gt;&#xd;
&lt;script src=&quot;/js/jquery.prettyPhoto.js&quot;&gt;&lt;/script&gt;&#xd;
&lt;script src=&quot;/js/jquery.easing.1.3.js&quot;&gt;&lt;/script&gt;&#xd;
&lt;script src=&quot;/js/jquery.tablesorter.min.js&quot;&gt;&lt;/script&gt;&#xd;
&lt;script src=&quot;/js/jflickrfeed.min.js&quot;&gt;&lt;/script&gt;&#xd;
&lt;script src=&quot;/js/chosen.jquery.js&quot;&gt;&lt;/script&gt;&#xd;
&lt;script src=&quot;/js/script.js?v=10012012&quot;&gt;&lt;/script&gt;&#xd;
</code>
    <maxContentlets>0</maxContentlets>
    <useDiv>false</useDiv>
    <sortContentletsBy></sortContentletsBy>
    <preLoop></preLoop>
    <postLoop></postLoop>
    <staticify>false</staticify>
    <luceneQuery></luceneQuery>
    <notes></notes>
  </com.dotmarketing.portlets.containers.model.Container>
  <com.dotmarketing.portlets.containers.model.Container>
    <iDate class="sql-timestamp">2013-05-06 18:52:28.418</iDate>
    <type>containers</type>
    <owner></owner>
    <inode>bd3c22f3-5b72-4fed-86c8-c508091ae4ee</inode>
    <identifier>0c845391-2c66-40a4-b9c3-6cadf5b08304</identifier>
    <title>Advanced Templates - HTML Head</title>
    <friendlyName>Used for Advanced Templates Only</friendlyName>
    <modDate class="sql-timestamp">2013-05-06 19:13:03.441</modDate>
    <modUser>dotcms.org.1</modUser>
    <sortOrder>0</sortOrder>
    <showOnMenu>false</showOnMenu>
    <code>&lt;meta charset=&quot;utf-8&quot;&gt;&#xd;
&lt;title&gt;&#xd;
  #if($UtilMethods.isSet($URLMapContent.title))&#xd;
    $URLMapContent.title&#xd;
  #elseif($UtilMethods.isSet($URLMapContent.name))&#xd;
    $URLMapContent.name&#xd;
  #else&#xd;
    $!{pageTitle}&#xd;
  #end&#xd;
&lt;/title&gt;&#xd;
&lt;meta name=&quot;viewport&quot; content=&quot;width=device-width, initial-scale=1.0&quot;&gt;&#xd;
&lt;meta name=&quot;description&quot; content=&quot;$!{HTMLPAGE_DESCRIPTION}&quot;&gt;&#xd;
&lt;meta name=&quot;keywords&quot; content=&quot;$!{HTMLPAGE_KEYWORDS}&quot;&gt;&#xd;
&lt;meta name=&quot;author&quot; content=&quot;$!{HTMLPAGE_META}&quot;&gt;&#xd;
&#xd;
&lt;link rel=&quot;stylesheet&quot; href=&quot;/application/themes/quest/css/bootstrap.min.css&quot;&gt;&#xd;
&lt;link rel=&quot;stylesheet&quot; href=&quot;/application/themes/quest/css/bootstrap-responsive.min.css&quot;&gt;&#xd;
&lt;link rel=&quot;stylesheet&quot; href=&quot;/application/themes/quest/css/theme.css&quot;&gt;&#xd;
&#xd;
&lt;script src=&quot;/application/themes/quest/js/jquery-1.8.2.min.js&quot;&gt;&lt;/script&gt;&#xd;
&lt;script src=&quot;/application/themes/quest/js/bootstrap.min.js&quot;&gt;&lt;/script&gt;&#xd;
&#xd;
&lt;!--[if lt IE 7]&gt;&#xd;
  &lt;div style=&apos; clear: both; text-align:center; position: relative;&apos;&gt; &lt;a href=&quot;http://www.microsoft.com/windows/internet-explorer/default.aspx?ocid=ie6_countdown_bannercode&quot;&gt;&lt;img src=&quot;http://www.theie6countdown.com/images/upgrade.jpg&quot; border=&quot;0&quot; alt=&quot;&quot; /&gt;&lt;/a&gt;&lt;/div&gt;  &#xd;
&lt;![endif]--&gt;&#xd;
&#xd;
&lt;!--[if lt IE 9]&gt;&#xd;
  &lt;script src=&quot;http://html5shim.googlecode.com/svn/trunk/html5.js&quot;&gt;&lt;/script&gt;&#xd;
&lt;![endif]--&gt;</code>
    <maxContentlets>0</maxContentlets>
    <useDiv>false</useDiv>
    <sortContentletsBy></sortContentletsBy>
    <preLoop></preLoop>
    <postLoop></postLoop>
    <staticify>false</staticify>
    <luceneQuery></luceneQuery>
    <notes></notes>
  </com.dotmarketing.portlets.containers.model.Container>
  <com.dotmarketing.portlets.containers.model.Container>
    <iDate class="sql-timestamp">2013-02-27 21:03:11.359</iDate>
    <type>containers</type>
    <owner></owner>
    <inode>9ba56bdf-8992-425b-9c48-cca823fc49cd</inode>
    <identifier>6a12bbda-0ae2-4121-a98b-ad8069eaff3a</identifier>
    <title>Banner (Homepage)</title>
    <friendlyName>Large banner homepage banner</friendlyName>
    <modDate class="sql-timestamp">2013-02-27 21:03:11.467</modDate>
    <modUser>dotcms.org.1</modUser>
    <sortOrder>0</sortOrder>
    <showOnMenu>false</showOnMenu>
    <code></code>
    <maxContentlets>4</maxContentlets>
    <useDiv>false</useDiv>
    <sortContentletsBy></sortContentletsBy>
    <preLoop>&lt;script src=&quot;/js/jquery.flexslider.min.js&quot;&gt;&lt;/script&gt;&#xd;
&lt;script&gt;&#xd;
  $(document).ready(function() {&#xd;
    if ($(&quot;.flexslider&quot;).length) {&#xd;
      $(window).load(function() {&#xd;
        $(&apos;.flexslider&apos;).flexslider({&#xd;
          animation: &quot;slide&quot;&#xd;
        });&#xd;
      });&#xd;
    }&#xd;
});&#xd;
&lt;/script&gt;&#xd;
&#xd;
#if($EDIT_MODE)&#xd;
   &lt;div id=&quot;banner-editmode&quot;&gt;&#xd;
#else   &#xd;
   &lt;div class=&quot;flex-container hidden-phone&quot;&gt;&#xd;
     &lt;div class=&quot;flexslider&quot;&gt;&#xd;
       &lt;ul class=&quot;slides&quot;&gt;&#xd;
#end</preLoop>
    <postLoop>#if($EDIT_MODE)&#xd;
      &lt;div class=&quot;clear&quot;&gt;&lt;/div&gt;&#xd;
   &lt;/div&gt;&#xd;
#else&#xd;
         &lt;/ul&gt;&#xd;
      &lt;/div&gt;&#xd;
      &lt;div class=&quot;shadow-edge&quot;&gt;&lt;/div&gt;&#xd;
   &lt;/div&gt;&#xd;
#end</postLoop>
    <staticify>false</staticify>
    <luceneQuery></luceneQuery>
    <notes></notes>
  </com.dotmarketing.portlets.containers.model.Container>
  <com.dotmarketing.portlets.containers.model.Container>
    <iDate class="sql-timestamp">2013-01-14 15:49:06.319</iDate>
    <type>containers</type>
    <owner></owner>
    <inode>c7a83540-5ffe-4613-94c3-7299c28635c1</inode>
    <identifier>afc45ad4-ee91-43a8-9562-3f9f7060e362</identifier>
    <title>Head Tag</title>
    <friendlyName>Default page &lt;head&gt;</friendlyName>
    <modDate class="sql-timestamp">2013-05-06 19:12:58.998</modDate>
    <modUser>dotcms.org.1</modUser>
    <sortOrder>0</sortOrder>
    <showOnMenu>false</showOnMenu>
    <code>#if($UtilMethods.isSet($user) &amp;&amp; $cmsuser.isUserRole($user, &quot;Intranet&quot;))&#xd;
    #if(!($EDIT_MODE))&#xd;
        #if(!${request.getParameter(&quot;showHome&quot;)})&#xd;
      #if($request.getRequestURI() == &quot;/&quot; || $request.getRequestURI() == &quot;/home/&quot; || $request.getRequestURI() == &quot;/home/index.html&quot;)&#xd;
              $response.sendRedirect(&quot;/intranet/?showHome=false&quot;)&#xd;
            #end&#xd;
        #end&#xd;
    #end&#xd;
#end&#xd;
&#xd;
#set($_myPageTitle =$!{HTMLPAGE_TITLE})&#xd;
#if($UtilMethods.isSet($!URLMapContent) &amp;&amp; $UtilMethods.isSet($!URLMapContent.title))&#xd;
  #set($_myPageTitle =$URLMapContent.title)&#xd;
#end&#xd;
&#xd;
&lt;title&gt;$_myPageTitle - Quest Financial&lt;/title&gt;&#xd;
&lt;meta charset=&quot;utf-8&quot;&gt;&#xd;
&lt;meta name=&quot;description&quot; content=&quot;$!{HTMLPAGE_DESCRIPTION}&quot;&gt;&#xd;
&#xd;
#if($URLMapContent &amp;&amp; $URLMapContent.tags)&#xd;
  #set($strKeywords=&quot;&quot;)&#xd;
  #foreach($keyword in $URLMapContent.tags)&#xd;
    #set($strKeywords=&quot;$strKeywords$keyword,&quot;)&#xd;
  #end&#xd;
  &lt;meta name=&quot;keywords&quot; content=&quot;$strKeywords&quot;&gt;  &#xd;
#else&#xd;
  &lt;meta name=&quot;keywords&quot; content=&quot;$!{HTMLPAGE_KEYWORDS}&quot;&gt;&#xd;
#end&#xd;
&lt;meta name=&quot;author&quot; content=&quot;$!{HTMLPAGE_META}&quot;&gt;&#xd;
&lt;meta name=&quot;viewport&quot; content=&quot;width=device-width, initial-scale=1.0&quot;&gt;&#xd;
&#xd;
&lt;link rel=&quot;shortcut icon&quot; href=&quot;http://www.htmlcms.org/global/favicon.ico&quot;&gt;&#xd;
&lt;link rel=&quot;stylesheet&quot; href=&quot;/application/themes/quest/css/style.css?v=103110012012&quot;&gt;&#xd;
&#xd;
#if($UtilMethods.isSet($!user) &amp;&amp; $cmsuser.isUserRole($user, &quot;Intranet&quot;))&#xd;
  #if(!($EDIT_MODE))&#xd;
    &lt;link rel=&quot;stylesheet&quot; href=&quot;/application/themes/quest/css/intranet.css&quot;&gt;&#xd;
  #end&#xd;
#end&#xd;
&#xd;
&lt;!--[if lt IE 7]&gt;&#xd;
  &lt;div style=&apos; clear: both; text-align:center; position: relative;&apos;&gt; &lt;a href=&quot;http://www.microsoft.com/windows/internet-explorer/default.aspx?ocid=ie6_countdown_bannercode&quot;&gt;&lt;img src=&quot;http://www.theie6countdown.com/images/upgrade.jpg&quot; border=&quot;0&quot; alt=&quot;&quot; /&gt;&lt;/a&gt;&lt;/div&gt;  &#xd;
&lt;![endif]--&gt;&#xd;
&#xd;
&lt;!--[if lt IE 9]&gt;&#xd;
  &lt;script src=&quot;http://html5shim.googlecode.com/svn/trunk/html5.js&quot;&gt;&lt;/script&gt;&#xd;
&lt;![endif]--&gt;&#xd;
</code>
    <maxContentlets>0</maxContentlets>
    <useDiv>false</useDiv>
    <sortContentletsBy></sortContentletsBy>
    <preLoop></preLoop>
    <postLoop></postLoop>
    <staticify>false</staticify>
    <luceneQuery></luceneQuery>
    <notes></notes>
  </com.dotmarketing.portlets.containers.model.Container>
  <com.dotmarketing.portlets.containers.model.Container>
    <iDate class="sql-timestamp">2012-11-30 17:54:31.195</iDate>
    <type>containers</type>
    <owner></owner>
    <inode>9945d699-3294-4d43-96c4-09ffa8420835</inode>
    <identifier>214d7269-242b-4cf5-a3d7-59052d81e540</identifier>
    <title>Featured Video</title>
    <friendlyName>Featured Video</friendlyName>
    <modDate class="sql-timestamp">2012-11-30 17:54:31.213</modDate>
    <modUser>dotcms.org.1</modUser>
    <sortOrder>0</sortOrder>
    <showOnMenu>false</showOnMenu>
    <code></code>
    <maxContentlets>1</maxContentlets>
    <useDiv>false</useDiv>
    <sortContentletsBy></sortContentletsBy>
    <preLoop>&#xd;
</preLoop>
    <postLoop>&#xd;
</postLoop>
    <staticify>false</staticify>
    <luceneQuery></luceneQuery>
    <notes></notes>
  </com.dotmarketing.portlets.containers.model.Container>
  <com.dotmarketing.portlets.containers.model.Container>
    <iDate class="sql-timestamp">2012-11-15 16:41:37.219</iDate>
    <type>containers</type>
    <owner></owner>
    <inode>46f892a3-0cdf-4293-a454-e90e991bf6d4</inode>
    <identifier>3f0255e8-b45d-46ea-8bb7-eb6597db4c1e</identifier>
    <title>Promotions (Homepage)</title>
    <friendlyName>Displays promtions and ads</friendlyName>
    <modDate class="sql-timestamp">2012-11-15 16:41:37.25</modDate>
    <modUser>dotcms.org.1</modUser>
    <sortOrder>0</sortOrder>
    <showOnMenu>false</showOnMenu>
    <code></code>
    <maxContentlets>4</maxContentlets>
    <useDiv>false</useDiv>
    <sortContentletsBy></sortContentletsBy>
    <preLoop>#if($EDIT_MODE)&#xd;
  &lt;div class=&quot;blocks&quot;&gt;&#xd;
#end&#xd;
</preLoop>
    <postLoop>#if($EDIT_MODE)&#xd;
   &lt;/div&gt;&#xd;
#end</postLoop>
    <staticify>false</staticify>
    <luceneQuery></luceneQuery>
    <notes></notes>
  </com.dotmarketing.portlets.containers.model.Container>
  <com.dotmarketing.portlets.containers.model.Container>
    <iDate class="sql-timestamp">2012-11-02 12:42:45.906</iDate>
    <type>containers</type>
    <owner></owner>
    <inode>f035ce8e-9669-4850-936c-8519124a232b</inode>
    <identifier>b590d738-8bf9-42b0-a8dd-5787a4e20962</identifier>
    <title>Sidebar Menu</title>
    <friendlyName>Side menu</friendlyName>
    <modDate class="sql-timestamp">2012-11-02 12:42:45.97</modDate>
    <modUser>dotcms.org.1</modUser>
    <sortOrder>0</sortOrder>
    <showOnMenu>false</showOnMenu>
    <code>&lt;nav class=&quot;side-menu hidden-phone&quot;&gt;&#xd;
   #set($openAllLevels=false)&#xd;
   #navigation(2,2)&#xd;
&lt;/nav&gt;</code>
    <maxContentlets>0</maxContentlets>
    <useDiv>false</useDiv>
    <sortContentletsBy></sortContentletsBy>
    <preLoop></preLoop>
    <postLoop></postLoop>
    <staticify>false</staticify>
    <luceneQuery></luceneQuery>
    <notes></notes>
  </com.dotmarketing.portlets.containers.model.Container>
  <com.dotmarketing.portlets.containers.model.Container>
    <iDate class="sql-timestamp">2012-07-27 15:37:32.338</iDate>
    <type>containers</type>
    <owner></owner>
    <inode>ed3e62f8-6d49-4f00-84c5-4bf53ed48eea</inode>
    <identifier>5d40ab00-33c0-429f-9d97-9608236cf22f</identifier>
    <title>Mobile Footer</title>
    <friendlyName>Footer container for mobile site</friendlyName>
    <modDate class="sql-timestamp">2012-07-27 15:37:32.375</modDate>
    <modUser>dotcms.org.1</modUser>
    <sortOrder>0</sortOrder>
    <showOnMenu>false</showOnMenu>
    <code>&lt;!-- start footer --&gt;&#xd;
&lt;div class=&quot;footer&quot;&gt;&#xd;
  &lt;a href=&quot;http://demo.dotcms.com?backToFullSite=true&quot; rel=&quot;external&quot;&gt;View Full Site&lt;/a&gt;&amp;nbsp;&amp;nbsp;&amp;nbsp;|&amp;nbsp;&amp;nbsp;&amp;nbsp;&lt;a href=&quot;#&quot; rel=&quot;external&quot; target=&quot;_blank&quot;&gt;Visitor Agreement&lt;/a&gt;&#xd;
  &lt;div class=&quot;copyright&quot;&gt;dotCMS &amp;copy;2012 All rights reserved.&lt;/div&gt;&#xd;
&lt;/div&gt;&#xd;
&lt;!-- end footer --&gt;&#xd;
</code>
    <maxContentlets>0</maxContentlets>
    <useDiv>false</useDiv>
    <sortContentletsBy></sortContentletsBy>
    <preLoop></preLoop>
    <postLoop></postLoop>
    <staticify>false</staticify>
    <luceneQuery></luceneQuery>
    <notes></notes>
  </com.dotmarketing.portlets.containers.model.Container>
  <com.dotmarketing.portlets.containers.model.Container>
    <iDate class="sql-timestamp">2012-07-27 15:05:41.094</iDate>
    <type>containers</type>
    <owner></owner>
    <inode>45fecbf4-505e-4719-aaf4-0218435745d5</inode>
    <identifier>c7776bbb-d38a-43a1-af3b-6cfa36ba9747</identifier>
    <title>Mobile Default</title>
    <friendlyName>Default container for mobile site</friendlyName>
    <modDate class="sql-timestamp">2012-07-27 15:05:41.13</modDate>
    <modUser>dotcms.org.1</modUser>
    <sortOrder>0</sortOrder>
    <showOnMenu>false</showOnMenu>
    <code></code>
    <maxContentlets>10</maxContentlets>
    <useDiv>false</useDiv>
    <sortContentletsBy></sortContentletsBy>
    <preLoop></preLoop>
    <postLoop></postLoop>
    <staticify>false</staticify>
    <luceneQuery></luceneQuery>
    <notes></notes>
  </com.dotmarketing.portlets.containers.model.Container>
  <com.dotmarketing.portlets.containers.model.Container>
    <iDate class="sql-timestamp">2012-03-27 19:36:53.605</iDate>
    <type>containers</type>
    <owner></owner>
    <inode>acccf8de-ff53-425f-b687-57904b770a64</inode>
    <identifier>55aca12f-0d1c-4733-aae3-28b96cf36895</identifier>
    <title>Mobile - Promotions</title>
    <friendlyName>Homepage Promotions for Mobile Site</friendlyName>
    <modDate class="sql-timestamp">2012-03-28 21:33:22.284</modDate>
    <modUser>dotcms.org.1</modUser>
    <sortOrder>0</sortOrder>
    <showOnMenu>false</showOnMenu>
    <code></code>
    <maxContentlets>4</maxContentlets>
    <useDiv>false</useDiv>
    <sortContentletsBy></sortContentletsBy>
    <preLoop>&lt;div class=&quot;container_12 landing-services&quot;&gt;</preLoop>
    <postLoop>&lt;/div&gt;</postLoop>
    <staticify>false</staticify>
    <luceneQuery></luceneQuery>
    <notes></notes>
  </com.dotmarketing.portlets.containers.model.Container>
  <com.dotmarketing.portlets.containers.model.Container>
    <iDate class="sql-timestamp">2012-03-02 14:45:44.443</iDate>
    <type>containers</type>
    <owner></owner>
    <inode>56bed26b-f4a5-4bce-8fcb-fd88377cd1e6</inode>
    <identifier>ab7d4317-68da-45ea-addc-9a57c69b8a24</identifier>
    <title>Media</title>
    <friendlyName>Displays media content</friendlyName>
    <modDate class="sql-timestamp">2012-03-02 14:45:44.534</modDate>
    <modUser>dotcms.org.1</modUser>
    <sortOrder>0</sortOrder>
    <showOnMenu>false</showOnMenu>
    <code></code>
    <maxContentlets>5</maxContentlets>
    <useDiv>false</useDiv>
    <sortContentletsBy></sortContentletsBy>
    <preLoop>&#xd;
</preLoop>
    <postLoop>&#xd;
</postLoop>
    <staticify>false</staticify>
    <luceneQuery></luceneQuery>
    <notes></notes>
  </com.dotmarketing.portlets.containers.model.Container>
</list>