<list>
  <com.dotmarketing.portlets.links.model.LinkVersionInfo>
    <identifier>14343a01-11c1-4d98-a2a1-2fc8cfcd92ea</identifier>
    <liveInode>42401fdc-90bd-4354-9db6-3ed7148c8a3c</liveInode>
    <workingInode>42401fdc-90bd-4354-9db6-3ed7148c8a3c</workingInode>
    <lockedOn class="sql-timestamp">2011-12-16 00:00:00.0</lockedOn>
    <deleted>false</deleted>
    <versionTs class="sql-timestamp">2012-06-22 15:02:39.801</versionTs>
  </com.dotmarketing.portlets.links.model.LinkVersionInfo>
  <com.dotmarketing.portlets.links.model.LinkVersionInfo>
    <identifier>2ee83bb2-df4c-45f8-b06e-285a152527a7</identifier>
    <workingInode>2342362c-838a-4ac5-9af2-c634a6abb2a8</workingInode>
    <lockedOn class="sql-timestamp">2012-07-02 16:42:15.411</lockedOn>
    <deleted>false</deleted>
    <versionTs class="sql-timestamp">2012-07-02 16:42:15.411</versionTs>
  </com.dotmarketing.portlets.links.model.LinkVersionInfo>
  <com.dotmarketing.portlets.links.model.LinkVersionInfo>
    <identifier>622820fe-1b31-4498-b0f2-b7af238a8c8d</identifier>
    <liveInode>3e9956a6-5350-448e-8c05-21319e49b2f7</liveInode>
    <workingInode>3e9956a6-5350-448e-8c05-21319e49b2f7</workingInode>
    <lockedOn class="sql-timestamp">2012-01-20 00:00:00.0</lockedOn>
    <deleted>false</deleted>
    <versionTs class="sql-timestamp">2012-05-04 13:38:28.388751</versionTs>
  </com.dotmarketing.portlets.links.model.LinkVersionInfo>
</list>