<list>
  <com.dotmarketing.tag.model.Tag>
    <userId></userId>
    <tagName>Small-cap</tagName>
    <tagId>00e13d26-ebcd-41c6-a84a-c156081f2f09</tagId>
    <hostId>SYSTEM_HOST</hostId>
  </com.dotmarketing.tag.model.Tag>
  <com.dotmarketing.tag.model.Tag>
    <userId></userId>
    <tagName>Jewelry Stores</tagName>
    <tagId>04567f02-f1d7-447e-b501-b8fb6570cf4b</tagId>
    <hostId>SYSTEM_HOST</hostId>
  </com.dotmarketing.tag.model.Tag>
  <com.dotmarketing.tag.model.Tag>
    <userId></userId>
    <tagName>ecommerce</tagName>
    <tagId>0561d5c7-0308-45ce-afe5-18748522e118</tagId>
    <hostId>SYSTEM_HOST</hostId>
  </com.dotmarketing.tag.model.Tag>
  <com.dotmarketing.tag.model.Tag>
    <userId></userId>
    <tagName>Consumer Goods</tagName>
    <tagId>060f7f95-ea94-4422-bbbd-f5d1317b9169</tagId>
    <hostId>SYSTEM_HOST</hostId>
  </com.dotmarketing.tag.model.Tag>
  <com.dotmarketing.tag.model.Tag>
    <userId></userId>
    <tagName>Short-Term</tagName>
    <tagId>07cea875-17df-4e29-afaa-e5c4bf344a97</tagId>
    <hostId>SYSTEM_HOST</hostId>
  </com.dotmarketing.tag.model.Tag>
  <com.dotmarketing.tag.model.Tag>
    <userId></userId>
    <tagName>Long Ideas</tagName>
    <tagId>091bf775-a962-4bc1-b1ab-2b994f0ee590</tagId>
    <hostId>SYSTEM_HOST</hostId>
  </com.dotmarketing.tag.model.Tag>
  <com.dotmarketing.tag.model.Tag>
    <userId></userId>
    <tagName>google</tagName>
    <tagId>0b8ef3e5-e5a8-4804-a09e-3124e6ab4251</tagId>
    <hostId>SYSTEM_HOST</hostId>
  </com.dotmarketing.tag.model.Tag>
  <com.dotmarketing.tag.model.Tag>
    <userId></userId>
    <tagName>supercar</tagName>
    <tagId>0c6f3728-cc6d-482e-8895-7760bf4c71f7</tagId>
    <hostId>SYSTEM_HOST</hostId>
  </com.dotmarketing.tag.model.Tag>
  <com.dotmarketing.tag.model.Tag>
    <userId></userId>
    <tagName>Customer Service</tagName>
    <tagId>107ca82e-79b2-477b-81a7-690c980e21b7</tagId>
    <hostId>SYSTEM_HOST</hostId>
  </com.dotmarketing.tag.model.Tag>
  <com.dotmarketing.tag.model.Tag>
    <userId></userId>
    <tagName>Fund</tagName>
    <tagId>135aec12-468c-406b-9071-4af58f2ff8fd</tagId>
    <hostId>SYSTEM_HOST</hostId>
  </com.dotmarketing.tag.model.Tag>
  <com.dotmarketing.tag.model.Tag>
    <userId></userId>
    <tagName>athletics</tagName>
    <tagId>197b02f8-4224-4ab7-af74-aeb3df2e019f</tagId>
    <hostId>SYSTEM_HOST</hostId>
  </com.dotmarketing.tag.model.Tag>
  <com.dotmarketing.tag.model.Tag>
    <userId></userId>
    <tagName>blog dotCMS</tagName>
    <tagId>1c74e504-b15d-4297-8255-344da75e6847</tagId>
    <hostId>SYSTEM_HOST</hostId>
  </com.dotmarketing.tag.model.Tag>
  <com.dotmarketing.tag.model.Tag>
    <userId></userId>
    <tagName>apache</tagName>
    <tagId>1e511b75-eb30-4f83-b632-e7f25a6aef5f</tagId>
    <hostId>SYSTEM_HOST</hostId>
  </com.dotmarketing.tag.model.Tag>
  <com.dotmarketing.tag.model.Tag>
    <userId></userId>
    <tagName>blog entry test</tagName>
    <tagId>2332701d-67c4-4d9c-955a-9a6840d2d162</tagId>
    <hostId>SYSTEM_HOST</hostId>
  </com.dotmarketing.tag.model.Tag>
  <com.dotmarketing.tag.model.Tag>
    <userId></userId>
    <tagName>Earnings</tagName>
    <tagId>249304aa-89e5-4bb8-996b-55f1ad62a569</tagId>
    <hostId>SYSTEM_HOST</hostId>
  </com.dotmarketing.tag.model.Tag>
  <com.dotmarketing.tag.model.Tag>
    <userId></userId>
    <tagName>safety</tagName>
    <tagId>258f2876-9af5-4f69-8ba7-98556945f41b</tagId>
    <hostId>SYSTEM_HOST</hostId>
  </com.dotmarketing.tag.model.Tag>
  <com.dotmarketing.tag.model.Tag>
    <userId></userId>
    <tagName>KonaKart</tagName>
    <tagId>2630b42b-3894-4809-9051-6a2b0b0f7cbf</tagId>
    <hostId>SYSTEM_HOST</hostId>
  </com.dotmarketing.tag.model.Tag>
  <com.dotmarketing.tag.model.Tag>
    <userId></userId>
    <tagName>Bond</tagName>
    <tagId>26352b8a-e080-4c83-bfb9-30ffcf106977</tagId>
    <hostId>SYSTEM_HOST</hostId>
  </com.dotmarketing.tag.model.Tag>
  <com.dotmarketing.tag.model.Tag>
    <userId></userId>
    <tagName>training</tagName>
    <tagId>2764078f-2ef8-49b2-8a72-24d735967edc</tagId>
    <hostId>SYSTEM_HOST</hostId>
  </com.dotmarketing.tag.model.Tag>
  <com.dotmarketing.tag.model.Tag>
    <userId></userId>
    <tagName>Long-Term</tagName>
    <tagId>2846409f-1cc8-48ac-8e5d-7e9f0c5f03b9</tagId>
    <hostId>SYSTEM_HOST</hostId>
  </com.dotmarketing.tag.model.Tag>
  <com.dotmarketing.tag.model.Tag>
    <userId></userId>
    <tagName>conference</tagName>
    <tagId>291f5f0e-e30f-4f8a-a94c-0aea5f19f5b2</tagId>
    <hostId>SYSTEM_HOST</hostId>
  </com.dotmarketing.tag.model.Tag>
  <com.dotmarketing.tag.model.Tag>
    <userId></userId>
    <tagName>Services</tagName>
    <tagId>2bf48fd1-2272-420e-a04c-1ec6fbbc8743</tagId>
    <hostId>SYSTEM_HOST</hostId>
  </com.dotmarketing.tag.model.Tag>
  <com.dotmarketing.tag.model.Tag>
    <userId></userId>
    <tagName>Balanced</tagName>
    <tagId>2e7c545b-a9c1-444d-923f-097a2566f51a</tagId>
    <hostId>SYSTEM_HOST</hostId>
  </com.dotmarketing.tag.model.Tag>
  <com.dotmarketing.tag.model.Tag>
    <userId></userId>
    <tagName>Tax-Exempt</tagName>
    <tagId>2f55ddf9-199e-41b6-ba48-82580aeb3359</tagId>
    <hostId>SYSTEM_HOST</hostId>
  </com.dotmarketing.tag.model.Tag>
  <com.dotmarketing.tag.model.Tag>
    <userId></userId>
    <tagName>Dividens</tagName>
    <tagId>30bf1c19-c763-458e-a5d4-35246f253213</tagId>
    <hostId>SYSTEM_HOST</hostId>
  </com.dotmarketing.tag.model.Tag>
  <com.dotmarketing.tag.model.Tag>
    <userId></userId>
    <tagName>test</tagName>
    <tagId>30f960be-da72-4ab1-b60e-ed9725d7a32a</tagId>
    <hostId>SYSTEM_HOST</hostId>
  </com.dotmarketing.tag.model.Tag>
  <com.dotmarketing.tag.model.Tag>
    <userId></userId>
    <tagName>Architecture</tagName>
    <tagId>311cc9b0-87c0-4332-a28a-6f3ab5cde1aa</tagId>
    <hostId>SYSTEM_HOST</hostId>
  </com.dotmarketing.tag.model.Tag>
  <com.dotmarketing.tag.model.Tag>
    <userId></userId>
    <tagName>prices</tagName>
    <tagId>369a9c1a-ce05-4126-9185-01fdf401494f</tagId>
    <hostId>SYSTEM_HOST</hostId>
  </com.dotmarketing.tag.model.Tag>
  <com.dotmarketing.tag.model.Tag>
    <userId></userId>
    <tagName>db</tagName>
    <tagId>385102b6-c9cb-4b13-abdd-e77d2bd9514e</tagId>
    <hostId>SYSTEM_HOST</hostId>
  </com.dotmarketing.tag.model.Tag>
  <com.dotmarketing.tag.model.Tag>
    <userId></userId>
    <tagName>website</tagName>
    <tagId>385978f2-f52b-42e2-ab82-0277ac136dde</tagId>
    <hostId>SYSTEM_HOST</hostId>
  </com.dotmarketing.tag.model.Tag>
  <com.dotmarketing.tag.model.Tag>
    <userId></userId>
    <tagName>Interaction Development</tagName>
    <tagId>3c7f560c-88c0-4d62-9b06-4cd5c5285865</tagId>
    <hostId>SYSTEM_HOST</hostId>
  </com.dotmarketing.tag.model.Tag>
  <com.dotmarketing.tag.model.Tag>
    <userId></userId>
    <tagName>Asset Allocation</tagName>
    <tagId>3c8cf6b5-2dac-40e0-9fe1-6430f9c4d1fc</tagId>
    <hostId>SYSTEM_HOST</hostId>
  </com.dotmarketing.tag.model.Tag>
  <com.dotmarketing.tag.model.Tag>
    <userId></userId>
    <tagName>ipad</tagName>
    <tagId>3d6a1df2-4f90-46e9-af9e-972030024505</tagId>
    <hostId>SYSTEM_HOST</hostId>
  </com.dotmarketing.tag.model.Tag>
  <com.dotmarketing.tag.model.Tag>
    <userId></userId>
    <tagName>gas</tagName>
    <tagId>3e1b5d1e-bede-466d-bfbc-dd4538393189</tagId>
    <hostId>SYSTEM_HOST</hostId>
  </com.dotmarketing.tag.model.Tag>
  <com.dotmarketing.tag.model.Tag>
    <userId></userId>
    <tagName>Web site</tagName>
    <tagId>43c0ea52-bc1e-4931-b65c-7ce666e92db2</tagId>
    <hostId>SYSTEM_HOST</hostId>
  </com.dotmarketing.tag.model.Tag>
  <com.dotmarketing.tag.model.Tag>
    <userId></userId>
    <tagName>Multi-tenant</tagName>
    <tagId>4614eb6a-7e13-49d7-8995-7bb69d1fa599</tagId>
    <hostId>SYSTEM_HOST</hostId>
  </com.dotmarketing.tag.model.Tag>
  <com.dotmarketing.tag.model.Tag>
    <userId></userId>
    <tagName>internet</tagName>
    <tagId>482f69b3-849f-4843-8f20-14684e95ad6e</tagId>
    <hostId>SYSTEM_HOST</hostId>
  </com.dotmarketing.tag.model.Tag>
  <com.dotmarketing.tag.model.Tag>
    <userId></userId>
    <tagName>Dividents</tagName>
    <tagId>4a661909-800a-413a-b8d7-0d9133176cfd</tagId>
    <hostId>SYSTEM_HOST</hostId>
  </com.dotmarketing.tag.model.Tag>
  <com.dotmarketing.tag.model.Tag>
    <userId></userId>
    <tagName>Airlines</tagName>
    <tagId>4d1e1449-b89f-4200-902c-6bb02ffd9112</tagId>
    <hostId>SYSTEM_HOST</hostId>
  </com.dotmarketing.tag.model.Tag>
  <com.dotmarketing.tag.model.Tag>
    <userId></userId>
    <tagName>Index</tagName>
    <tagId>4efc7e29-0614-4d3a-b624-f2cc32e64173</tagId>
    <hostId>SYSTEM_HOST</hostId>
  </com.dotmarketing.tag.model.Tag>
  <com.dotmarketing.tag.model.Tag>
    <userId></userId>
    <tagName>Miami</tagName>
    <tagId>50428508-6cf1-4055-b9d1-7633005295ce</tagId>
    <hostId>SYSTEM_HOST</hostId>
  </com.dotmarketing.tag.model.Tag>
  <com.dotmarketing.tag.model.Tag>
    <userId></userId>
    <tagName>Mac</tagName>
    <tagId>531e56c9-aff6-4ac7-819a-ed771fe43c03</tagId>
    <hostId>SYSTEM_HOST</hostId>
  </com.dotmarketing.tag.model.Tag>
  <com.dotmarketing.tag.model.Tag>
    <userId></userId>
    <tagName>Refere</tagName>
    <tagId>5370dfb0-7a90-4cba-aa76-ecc0da11c04c</tagId>
    <hostId>SYSTEM_HOST</hostId>
  </com.dotmarketing.tag.model.Tag>
  <com.dotmarketing.tag.model.Tag>
    <userId></userId>
    <tagName>Quick Picks &amp; Lists</tagName>
    <tagId>53a8533b-67ad-4a36-b36d-52b1be64d0d0</tagId>
    <hostId>SYSTEM_HOST</hostId>
  </com.dotmarketing.tag.model.Tag>
  <com.dotmarketing.tag.model.Tag>
    <userId></userId>
    <tagName>farming</tagName>
    <tagId>53e68fc9-f8e3-4b78-9ce7-b7db0c4889c9</tagId>
    <hostId>SYSTEM_HOST</hostId>
  </com.dotmarketing.tag.model.Tag>
  <com.dotmarketing.tag.model.Tag>
    <userId></userId>
    <tagName>Support Engineer</tagName>
    <tagId>5a152782-a2f5-4052-a35e-088acc6090b9</tagId>
    <hostId>SYSTEM_HOST</hostId>
  </com.dotmarketing.tag.model.Tag>
  <com.dotmarketing.tag.model.Tag>
    <userId></userId>
    <tagName>enterprise</tagName>
    <tagId>5f8bdb36-b20f-4de7-bca3-ef05134b586d</tagId>
    <hostId>SYSTEM_HOST</hostId>
  </com.dotmarketing.tag.model.Tag>
  <com.dotmarketing.tag.model.Tag>
    <userId></userId>
    <tagName>dotcms 2.0</tagName>
    <tagId>60ca119c-ac0f-4626-999c-ba140b1bfef2</tagId>
    <hostId>SYSTEM_HOST</hostId>
  </com.dotmarketing.tag.model.Tag>
  <com.dotmarketing.tag.model.Tag>
    <userId></userId>
    <tagName>spam</tagName>
    <tagId>6502a23a-1f18-4831-9583-f8f5084f18bc</tagId>
    <hostId>SYSTEM_HOST</hostId>
  </com.dotmarketing.tag.model.Tag>
  <com.dotmarketing.tag.model.Tag>
    <userId></userId>
    <tagName>Validation</tagName>
    <tagId>66f60411-0b76-4181-b437-2a49bcd8ab49</tagId>
    <hostId>SYSTEM_HOST</hostId>
  </com.dotmarketing.tag.model.Tag>
  <com.dotmarketing.tag.model.Tag>
    <userId></userId>
    <tagName>Corporate Event</tagName>
    <tagId>684acf38-a541-4de3-9b63-51b5ebe30b32</tagId>
    <hostId>SYSTEM_HOST</hostId>
  </com.dotmarketing.tag.model.Tag>
  <com.dotmarketing.tag.model.Tag>
    <userId></userId>
    <tagName>android</tagName>
    <tagId>6965cf79-e0c7-4461-8364-05c556f88e2b</tagId>
    <hostId>SYSTEM_HOST</hostId>
  </com.dotmarketing.tag.model.Tag>
  <com.dotmarketing.tag.model.Tag>
    <userId></userId>
    <tagName>Long &amp; Short Ideas</tagName>
    <tagId>6999f0c4-04f5-4c98-b354-125c1a29c8b9</tagId>
    <hostId>SYSTEM_HOST</hostId>
  </com.dotmarketing.tag.model.Tag>
  <com.dotmarketing.tag.model.Tag>
    <userId></userId>
    <tagName>Programming</tagName>
    <tagId>6b60a2d3-baa0-4e91-9c75-17d64ecbee54</tagId>
    <hostId>SYSTEM_HOST</hostId>
  </com.dotmarketing.tag.model.Tag>
  <com.dotmarketing.tag.model.Tag>
    <userId></userId>
    <tagName>Extended</tagName>
    <tagId>76c659b5-3826-4a5f-b07f-a3ca809ebd50</tagId>
    <hostId>SYSTEM_HOST</hostId>
  </com.dotmarketing.tag.model.Tag>
  <com.dotmarketing.tag.model.Tag>
    <userId></userId>
    <tagName>database</tagName>
    <tagId>7951ee0d-a603-46ac-8b57-b6bd2fc84762</tagId>
    <hostId>SYSTEM_HOST</hostId>
  </com.dotmarketing.tag.model.Tag>
  <com.dotmarketing.tag.model.Tag>
    <userId></userId>
    <tagName>Equity</tagName>
    <tagId>7a316697-d009-4086-b8ce-2b452e4cefab</tagId>
    <hostId>SYSTEM_HOST</hostId>
  </com.dotmarketing.tag.model.Tag>
  <com.dotmarketing.tag.model.Tag>
    <userId></userId>
    <tagName>Java</tagName>
    <tagId>7aadbf39-053f-4a35-90af-85a76b07aefd</tagId>
    <hostId>SYSTEM_HOST</hostId>
  </com.dotmarketing.tag.model.Tag>
  <com.dotmarketing.tag.model.Tag>
    <userId></userId>
    <tagName>mail</tagName>
    <tagId>7c28078f-1984-4808-8c92-79f4d4a4b037</tagId>
    <hostId>SYSTEM_HOST</hostId>
  </com.dotmarketing.tag.model.Tag>
  <com.dotmarketing.tag.model.Tag>
    <userId></userId>
    <tagName>508</tagName>
    <tagId>7ffc7a6d-ec11-46a2-96c8-7a6c31d66b27</tagId>
    <hostId>SYSTEM_HOST</hostId>
  </com.dotmarketing.tag.model.Tag>
  <com.dotmarketing.tag.model.Tag>
    <userId></userId>
    <tagName>Large-cap</tagName>
    <tagId>826ed538-4f24-46eb-90f7-537b292d142b</tagId>
    <hostId>SYSTEM_HOST</hostId>
  </com.dotmarketing.tag.model.Tag>
  <com.dotmarketing.tag.model.Tag>
    <userId></userId>
    <tagName>permissions</tagName>
    <tagId>82837ecc-f0c4-4a28-ae17-e506c57b6e37</tagId>
    <hostId>SYSTEM_HOST</hostId>
  </com.dotmarketing.tag.model.Tag>
  <com.dotmarketing.tag.model.Tag>
    <userId></userId>
    <tagName></tagName>
    <tagId>86a89ce2-1d7a-4125-af44-f6aeb54f0ab0</tagId>
    <hostId>SYSTEM_HOST</hostId>
  </com.dotmarketing.tag.model.Tag>
  <com.dotmarketing.tag.model.Tag>
    <userId></userId>
    <tagName>iphone</tagName>
    <tagId>86d4cb7f-c639-461c-9d4a-75cd4108a9af</tagId>
    <hostId>SYSTEM_HOST</hostId>
  </com.dotmarketing.tag.model.Tag>
  <com.dotmarketing.tag.model.Tag>
    <userId></userId>
    <tagName>HTML</tagName>
    <tagId>875bdb4d-59ac-49ab-a7f6-ebef5d433011</tagId>
    <hostId>SYSTEM_HOST</hostId>
  </com.dotmarketing.tag.model.Tag>
  <com.dotmarketing.tag.model.Tag>
    <userId></userId>
    <tagName>Rome</tagName>
    <tagId>89034043-f5f3-4837-98e7-71385e8a6ab3</tagId>
    <hostId>SYSTEM_HOST</hostId>
  </com.dotmarketing.tag.model.Tag>
  <com.dotmarketing.tag.model.Tag>
    <userId></userId>
    <tagName>Charleston</tagName>
    <tagId>8c7e1a4b-94a4-45dd-92ec-95d8fc74c203</tagId>
    <hostId>SYSTEM_HOST</hostId>
  </com.dotmarketing.tag.model.Tag>
  <com.dotmarketing.tag.model.Tag>
    <userId></userId>
    <tagName>phones</tagName>
    <tagId>8d8fca78-be7b-44d7-a6fa-6a4c95c16041</tagId>
    <hostId>SYSTEM_HOST</hostId>
  </com.dotmarketing.tag.model.Tag>
  <com.dotmarketing.tag.model.Tag>
    <userId></userId>
    <tagName>Paris</tagName>
    <tagId>934fdd8f-c8d1-4343-8218-822b97669dfe</tagId>
    <hostId>SYSTEM_HOST</hostId>
  </com.dotmarketing.tag.model.Tag>
  <com.dotmarketing.tag.model.Tag>
    <userId></userId>
    <tagName>linux</tagName>
    <tagId>94dd2319-1e3b-4a8e-b5d1-5ed662071da9</tagId>
    <hostId>SYSTEM_HOST</hostId>
  </com.dotmarketing.tag.model.Tag>
  <com.dotmarketing.tag.model.Tag>
    <userId></userId>
    <tagName>investment</tagName>
    <tagId>9962fdd8-3991-4378-9405-2217525a8f83</tagId>
    <hostId>SYSTEM_HOST</hostId>
  </com.dotmarketing.tag.model.Tag>
  <com.dotmarketing.tag.model.Tag>
    <userId></userId>
    <tagName>United States</tagName>
    <tagId>99632676-0802-45b6-a443-01551f985a33</tagId>
    <hostId>SYSTEM_HOST</hostId>
  </com.dotmarketing.tag.model.Tag>
  <com.dotmarketing.tag.model.Tag>
    <userId></userId>
    <tagName>mobile</tagName>
    <tagId>9ac04bd5-429d-4958-a93d-2f366dca7f83</tagId>
    <hostId>SYSTEM_HOST</hostId>
  </com.dotmarketing.tag.model.Tag>
  <com.dotmarketing.tag.model.Tag>
    <userId></userId>
    <tagName>developer</tagName>
    <tagId>9bcc0a86-e90d-4e6e-b822-ee113c76ade7</tagId>
    <hostId>SYSTEM_HOST</hostId>
  </com.dotmarketing.tag.model.Tag>
  <com.dotmarketing.tag.model.Tag>
    <userId></userId>
    <tagName>healthcare</tagName>
    <tagId>9d347539-18e1-4cb1-86dd-dcb5624bfd96</tagId>
    <hostId>SYSTEM_HOST</hostId>
  </com.dotmarketing.tag.model.Tag>
  <com.dotmarketing.tag.model.Tag>
    <userId></userId>
    <tagName>dotcms</tagName>
    <tagId>a01f9db4-ee46-41fb-b087-361055285875</tagId>
    <hostId>SYSTEM_HOST</hostId>
  </com.dotmarketing.tag.model.Tag>
  <com.dotmarketing.tag.model.Tag>
    <userId></userId>
    <tagName>Private Banking</tagName>
    <tagId>a04aa858-3b25-4934-b929-f2ef8c1313ab</tagId>
    <hostId>SYSTEM_HOST</hostId>
  </com.dotmarketing.tag.model.Tag>
  <com.dotmarketing.tag.model.Tag>
    <userId></userId>
    <tagName>users conference</tagName>
    <tagId>a644f622-dbc0-45f5-b5ab-87732a6563c9</tagId>
    <hostId>SYSTEM_HOST</hostId>
  </com.dotmarketing.tag.model.Tag>
  <com.dotmarketing.tag.model.Tag>
    <userId></userId>
    <tagName>macro</tagName>
    <tagId>ab7c7568-1656-4acc-b997-a621cd6f69a3</tagId>
    <hostId>SYSTEM_HOST</hostId>
  </com.dotmarketing.tag.model.Tag>
  <com.dotmarketing.tag.model.Tag>
    <userId></userId>
    <tagName>smartphone</tagName>
    <tagId>ae833b43-4e53-4a72-b73a-b876a82690ec</tagId>
    <hostId>SYSTEM_HOST</hostId>
  </com.dotmarketing.tag.model.Tag>
  <com.dotmarketing.tag.model.Tag>
    <userId></userId>
    <tagName>googleio</tagName>
    <tagId>b25be4aa-29f0-4a93-936b-22b41a8cb757</tagId>
    <hostId>SYSTEM_HOST</hostId>
  </com.dotmarketing.tag.model.Tag>
  <com.dotmarketing.tag.model.Tag>
    <userId></userId>
    <tagName>wealth</tagName>
    <tagId>b5f78679-4837-4af1-9e7a-7dafe332c726</tagId>
    <hostId>SYSTEM_HOST</hostId>
  </com.dotmarketing.tag.model.Tag>
  <com.dotmarketing.tag.model.Tag>
    <userId></userId>
    <tagName>vanguard</tagName>
    <tagId>b63497b4-d336-4898-8157-e51aba31e672</tagId>
    <hostId>SYSTEM_HOST</hostId>
  </com.dotmarketing.tag.model.Tag>
  <com.dotmarketing.tag.model.Tag>
    <userId></userId>
    <tagName>Mid-cap</tagName>
    <tagId>bcfdad03-38cc-4287-ba07-a549e7ec0c1f</tagId>
    <hostId>SYSTEM_HOST</hostId>
  </com.dotmarketing.tag.model.Tag>
  <com.dotmarketing.tag.model.Tag>
    <userId></userId>
    <tagName>Europe</tagName>
    <tagId>bdb48772-71f9-4d71-a42f-620c637ab51f</tagId>
    <hostId>SYSTEM_HOST</hostId>
  </com.dotmarketing.tag.model.Tag>
  <com.dotmarketing.tag.model.Tag>
    <userId></userId>
    <tagName>testing</tagName>
    <tagId>bf8e4b34-2151-4494-be98-b2c40ed18099</tagId>
    <hostId>SYSTEM_HOST</hostId>
  </com.dotmarketing.tag.model.Tag>
  <com.dotmarketing.tag.model.Tag>
    <userId></userId>
    <tagName>tractor</tagName>
    <tagId>bff9a07f-c5e5-47d9-b1b9-ad4ad97528f1</tagId>
    <hostId>SYSTEM_HOST</hostId>
  </com.dotmarketing.tag.model.Tag>
  <com.dotmarketing.tag.model.Tag>
    <userId></userId>
    <tagName>dotcms 1.9</tagName>
    <tagId>c70f9d43-9c6c-40af-8e29-73bff1d84ae7</tagId>
    <hostId>SYSTEM_HOST</hostId>
  </com.dotmarketing.tag.model.Tag>
  <com.dotmarketing.tag.model.Tag>
    <userId></userId>
    <tagName>Debt</tagName>
    <tagId>c7e3ccea-c76c-428f-a229-e8c70f0d1216</tagId>
    <hostId>SYSTEM_HOST</hostId>
  </com.dotmarketing.tag.model.Tag>
  <com.dotmarketing.tag.model.Tag>
    <userId></userId>
    <tagName>Wealth Management</tagName>
    <tagId>caa01cad-1b07-41b6-a3c5-6e91bbe47b97</tagId>
    <hostId>SYSTEM_HOST</hostId>
  </com.dotmarketing.tag.model.Tag>
  <com.dotmarketing.tag.model.Tag>
    <userId></userId>
    <tagName>Money Market</tagName>
    <tagId>cd1c7314-038d-4d88-9000-65d5b53be375</tagId>
    <hostId>SYSTEM_HOST</hostId>
  </com.dotmarketing.tag.model.Tag>
  <com.dotmarketing.tag.model.Tag>
    <userId></userId>
    <tagName>certification</tagName>
    <tagId>cd8a7bd3-7a8d-4244-b690-48b25c4fabbd</tagId>
    <hostId>SYSTEM_HOST</hostId>
  </com.dotmarketing.tag.model.Tag>
  <com.dotmarketing.tag.model.Tag>
    <userId></userId>
    <tagName>crm dotCMS macro</tagName>
    <tagId>ce13b332-2b73-44ef-9d1d-152101963832</tagId>
    <hostId>SYSTEM_HOST</hostId>
  </com.dotmarketing.tag.model.Tag>
  <com.dotmarketing.tag.model.Tag>
    <userId></userId>
    <tagName>Investment Banking</tagName>
    <tagId>d10d1a84-6158-4ae9-aaf6-a574123d3193</tagId>
    <hostId>SYSTEM_HOST</hostId>
  </com.dotmarketing.tag.model.Tag>
  <com.dotmarketing.tag.model.Tag>
    <userId></userId>
    <tagName>community</tagName>
    <tagId>d112951f-adb6-48b9-8498-bb6a0dbf868f</tagId>
    <hostId>SYSTEM_HOST</hostId>
  </com.dotmarketing.tag.model.Tag>
  <com.dotmarketing.tag.model.Tag>
    <userId></userId>
    <tagName>dividends</tagName>
    <tagId>d7fcf077-57fd-40fb-841f-01e4bd322cf6</tagId>
    <hostId>SYSTEM_HOST</hostId>
  </com.dotmarketing.tag.model.Tag>
  <com.dotmarketing.tag.model.Tag>
    <userId></userId>
    <tagName>kona kart</tagName>
    <tagId>d885936f-4294-4e6f-8242-5a532075fddc</tagId>
    <hostId>SYSTEM_HOST</hostId>
  </com.dotmarketing.tag.model.Tag>
  <com.dotmarketing.tag.model.Tag>
    <userId></userId>
    <tagName>Boston</tagName>
    <tagId>db4d4f2f-cca9-4daa-b8cd-9316e7a9f223</tagId>
    <hostId>SYSTEM_HOST</hostId>
  </com.dotmarketing.tag.model.Tag>
  <com.dotmarketing.tag.model.Tag>
    <userId></userId>
    <tagName>dotCMS dotmarketing</tagName>
    <tagId>dfac97d3-d889-46f7-951a-076dade8a57e</tagId>
    <hostId>SYSTEM_HOST</hostId>
  </com.dotmarketing.tag.model.Tag>
  <com.dotmarketing.tag.model.Tag>
    <userId></userId>
    <tagName>CSS</tagName>
    <tagId>e235808a-106b-4f6d-8ae5-24cac3b3128d</tagId>
    <hostId>SYSTEM_HOST</hostId>
  </com.dotmarketing.tag.model.Tag>
  <com.dotmarketing.tag.model.Tag>
    <userId></userId>
    <tagName>Denmark</tagName>
    <tagId>e27dedf7-0b86-4a86-aa8a-a1f84007ef80</tagId>
    <hostId>SYSTEM_HOST</hostId>
  </com.dotmarketing.tag.model.Tag>
  <com.dotmarketing.tag.model.Tag>
    <userId></userId>
    <tagName>Multisite</tagName>
    <tagId>e2ac5577-a28d-43e6-8bec-62793d9a6bc2</tagId>
    <hostId>SYSTEM_HOST</hostId>
  </com.dotmarketing.tag.model.Tag>
  <com.dotmarketing.tag.model.Tag>
    <userId></userId>
    <tagName>news</tagName>
    <tagId>e390b4af-d4b6-492d-bab8-f65fbf85b054</tagId>
    <hostId>SYSTEM_HOST</hostId>
  </com.dotmarketing.tag.model.Tag>
  <com.dotmarketing.tag.model.Tag>
    <userId></userId>
    <tagName>oil</tagName>
    <tagId>e55a1c8e-5dcd-4d8d-9728-e97f64f58280</tagId>
    <hostId>SYSTEM_HOST</hostId>
  </com.dotmarketing.tag.model.Tag>
  <com.dotmarketing.tag.model.Tag>
    <userId></userId>
    <tagName>GDP</tagName>
    <tagId>ee7d5701-8fa2-4991-a453-9b5cb25dfda1</tagId>
    <hostId>SYSTEM_HOST</hostId>
  </com.dotmarketing.tag.model.Tag>
  <com.dotmarketing.tag.model.Tag>
    <userId></userId>
    <tagName>Cheat sheet</tagName>
    <tagId>f13b0ce5-44c1-485e-af54-508dd9b623af</tagId>
    <hostId>SYSTEM_HOST</hostId>
  </com.dotmarketing.tag.model.Tag>
  <com.dotmarketing.tag.model.Tag>
    <userId></userId>
    <tagName>Fund Holdings</tagName>
    <tagId>f410ddb8-2cad-4746-8da3-2042d956cf5c</tagId>
    <hostId>SYSTEM_HOST</hostId>
  </com.dotmarketing.tag.model.Tag>
  <com.dotmarketing.tag.model.Tag>
    <userId></userId>
    <tagName>operations</tagName>
    <tagId>f6d7b482-3bad-4a65-802b-a5182bd426ca</tagId>
    <hostId>SYSTEM_HOST</hostId>
  </com.dotmarketing.tag.model.Tag>
  <com.dotmarketing.tag.model.Tag>
    <userId></userId>
    <tagName>Meeting</tagName>
    <tagId>f7bdc773-2ef3-4f3d-b1ad-4ff1218a970a</tagId>
    <hostId>SYSTEM_HOST</hostId>
  </com.dotmarketing.tag.model.Tag>
  <com.dotmarketing.tag.model.Tag>
    <userId></userId>
    <tagName>alumni</tagName>
    <tagId>fa6fdcc8-f0bf-4681-965d-c0facf505c0f</tagId>
    <hostId>SYSTEM_HOST</hostId>
  </com.dotmarketing.tag.model.Tag>
  <com.dotmarketing.tag.model.Tag>
    <userId></userId>
    <tagName>Research</tagName>
    <tagId>fdad1064-59b2-4dbe-8981-870afdbf0366</tagId>
    <hostId>SYSTEM_HOST</hostId>
  </com.dotmarketing.tag.model.Tag>
</list>