<list>
  <com.dotmarketing.beans.TemplateContainers>
    <id>00c496e3-2dce-4e9b-9b68-f1a9d0f7cc98</id>
    <templateId>460b0d3b-9b90-4b8a-a041-1f01b7edbbbc</templateId>
    <containerId>685132f6-12a6-45d0-a4e4-99f14ebce429</containerId>
  </com.dotmarketing.beans.TemplateContainers>
  <com.dotmarketing.beans.TemplateContainers>
    <id>01c7c1e2-cd5b-4906-b10f-799e28e218d2</id>
    <templateId>fc07eac0-c1a5-4835-bd6b-981315b2e8a2</templateId>
    <containerId>ab7d4317-68da-45ea-addc-9a57c69b8a24</containerId>
  </com.dotmarketing.beans.TemplateContainers>
  <com.dotmarketing.beans.TemplateContainers>
    <id>08162a70-0fc8-4dea-95b2-567f96ac21cd</id>
    <templateId>0a1cf815-ac9a-4619-9100-19631b739776</templateId>
    <containerId>55aca12f-0d1c-4733-aae3-28b96cf36895</containerId>
  </com.dotmarketing.beans.TemplateContainers>
  <com.dotmarketing.beans.TemplateContainers>
    <id>0f126537-5adf-4e43-988a-d68365030fc6</id>
    <templateId>f7bc93f9-6527-4c42-a120-bb19124c6e4f</templateId>
    <containerId>18b44489-f942-40ed-90d9-f20dbdfe689e</containerId>
  </com.dotmarketing.beans.TemplateContainers>
  <com.dotmarketing.beans.TemplateContainers>
    <id>16f0ba5b-f6b3-4aed-85f2-ac5b667a479e</id>
    <templateId>3141ca88-71f9-4e1d-9721-849dce6362ed</templateId>
    <containerId>5eb11b21-6b13-4fb8-a823-1de20bba56c0</containerId>
  </com.dotmarketing.beans.TemplateContainers>
  <com.dotmarketing.beans.TemplateContainers>
    <id>230bdd81-f6da-4ec9-9209-4eac72b3881a</id>
    <templateId>fc07eac0-c1a5-4835-bd6b-981315b2e8a2</templateId>
    <containerId>6a12bbda-0ae2-4121-a98b-ad8069eaff3a</containerId>
  </com.dotmarketing.beans.TemplateContainers>
  <com.dotmarketing.beans.TemplateContainers>
    <id>23337ccb-c24b-41d5-9144-34e8b3a7ab65</id>
    <templateId>fc07eac0-c1a5-4835-bd6b-981315b2e8a2</templateId>
    <containerId>a6e9652b-8183-4c09-b775-26196b09a300</containerId>
  </com.dotmarketing.beans.TemplateContainers>
  <com.dotmarketing.beans.TemplateContainers>
    <id>2718d9a1-cd85-4c29-bc08-028861a5aff3</id>
    <templateId>0a1cf815-ac9a-4619-9100-19631b739776</templateId>
    <containerId>c7776bbb-d38a-43a1-af3b-6cfa36ba9747</containerId>
  </com.dotmarketing.beans.TemplateContainers>
  <com.dotmarketing.beans.TemplateContainers>
    <id>31e61260-f965-435b-a036-9557b4fa8d6e</id>
    <templateId>460b0d3b-9b90-4b8a-a041-1f01b7edbbbc</templateId>
    <containerId>5eb11b21-6b13-4fb8-a823-1de20bba56c0</containerId>
  </com.dotmarketing.beans.TemplateContainers>
  <com.dotmarketing.beans.TemplateContainers>
    <id>40b9c6bd-ef88-4aa2-88c4-2ff785039e19</id>
    <templateId>003d08f4-e0c9-4bc7-9949-b686301338ba</templateId>
    <containerId>685132f6-12a6-45d0-a4e4-99f14ebce429</containerId>
  </com.dotmarketing.beans.TemplateContainers>
  <com.dotmarketing.beans.TemplateContainers>
    <id>41157791-62aa-4ac0-8c1e-f97143a1c1e9</id>
    <templateId>fc07eac0-c1a5-4835-bd6b-981315b2e8a2</templateId>
    <containerId>3f0255e8-b45d-46ea-8bb7-eb6597db4c1e</containerId>
  </com.dotmarketing.beans.TemplateContainers>
  <com.dotmarketing.beans.TemplateContainers>
    <id>42113ea0-1a32-44fd-b5d6-2dc63dcad0d7</id>
    <templateId>206ab018-77e2-47dd-ab3c-e8dc6feceab3</templateId>
    <containerId>f1ba7688-453c-4c0d-a214-e5ac802b8034</containerId>
  </com.dotmarketing.beans.TemplateContainers>
  <com.dotmarketing.beans.TemplateContainers>
    <id>43baa83b-89c8-42b3-a9d2-bd9439a97e1c</id>
    <templateId>fc07eac0-c1a5-4835-bd6b-981315b2e8a2</templateId>
    <containerId>f1ba7688-453c-4c0d-a214-e5ac802b8034</containerId>
  </com.dotmarketing.beans.TemplateContainers>
  <com.dotmarketing.beans.TemplateContainers>
    <id>5130299f-d25a-47d6-a564-58f3302212f9</id>
    <templateId>fc07eac0-c1a5-4835-bd6b-981315b2e8a2</templateId>
    <containerId>afc45ad4-ee91-43a8-9562-3f9f7060e362</containerId>
  </com.dotmarketing.beans.TemplateContainers>
  <com.dotmarketing.beans.TemplateContainers>
    <id>5574eb8a-64d8-4171-b653-6c81e0714cde</id>
    <templateId>f7bc93f9-6527-4c42-a120-bb19124c6e4f</templateId>
    <containerId>685132f6-12a6-45d0-a4e4-99f14ebce429</containerId>
  </com.dotmarketing.beans.TemplateContainers>
  <com.dotmarketing.beans.TemplateContainers>
    <id>561aa92e-aaf9-4057-b5fc-597896cefb36</id>
    <templateId>fc07eac0-c1a5-4835-bd6b-981315b2e8a2</templateId>
    <containerId>18b44489-f942-40ed-90d9-f20dbdfe689e</containerId>
  </com.dotmarketing.beans.TemplateContainers>
  <com.dotmarketing.beans.TemplateContainers>
    <id>62050cbe-41c3-433b-bd1d-e608a2bf0325</id>
    <templateId>206ab018-77e2-47dd-ab3c-e8dc6feceab3</templateId>
    <containerId>afc45ad4-ee91-43a8-9562-3f9f7060e362</containerId>
  </com.dotmarketing.beans.TemplateContainers>
  <com.dotmarketing.beans.TemplateContainers>
    <id>63db821f-3716-425c-b77f-f721e3418ce3</id>
    <templateId>a0ead91b-fd4c-4182-abc8-a6d173a07ab4</templateId>
    <containerId>56bd55ea-b04b-480d-9e37-5d6f9217dcc3</containerId>
  </com.dotmarketing.beans.TemplateContainers>
  <com.dotmarketing.beans.TemplateContainers>
    <id>64bf72eb-8946-45af-ad96-a94d6a43c55f</id>
    <templateId>a0ead91b-fd4c-4182-abc8-a6d173a07ab4</templateId>
    <containerId>afc45ad4-ee91-43a8-9562-3f9f7060e362</containerId>
  </com.dotmarketing.beans.TemplateContainers>
  <com.dotmarketing.beans.TemplateContainers>
    <id>67ea823f-0112-4259-aad9-a95ca0d7d6af</id>
    <templateId>f7bc93f9-6527-4c42-a120-bb19124c6e4f</templateId>
    <containerId>56bd55ea-b04b-480d-9e37-5d6f9217dcc3</containerId>
  </com.dotmarketing.beans.TemplateContainers>
  <com.dotmarketing.beans.TemplateContainers>
    <id>68da798e-d0f0-446c-a44b-43a9896a2947</id>
    <templateId>460b0d3b-9b90-4b8a-a041-1f01b7edbbbc</templateId>
    <containerId>18b44489-f942-40ed-90d9-f20dbdfe689e</containerId>
  </com.dotmarketing.beans.TemplateContainers>
  <com.dotmarketing.beans.TemplateContainers>
    <id>6be4e927-bfe2-4fd5-87d7-3468c3a8ee53</id>
    <templateId>3141ca88-71f9-4e1d-9721-849dce6362ed</templateId>
    <containerId>685132f6-12a6-45d0-a4e4-99f14ebce429</containerId>
  </com.dotmarketing.beans.TemplateContainers>
  <com.dotmarketing.beans.TemplateContainers>
    <id>7155f43c-14e1-4cf1-bc6f-b840c65b0c63</id>
    <templateId>fc07eac0-c1a5-4835-bd6b-981315b2e8a2</templateId>
    <containerId>685132f6-12a6-45d0-a4e4-99f14ebce429</containerId>
  </com.dotmarketing.beans.TemplateContainers>
  <com.dotmarketing.beans.TemplateContainers>
    <id>74966f7d-fd5d-4eea-a508-635ad27743c6</id>
    <templateId>50b64032-20cd-4169-8063-b023e53f572a</templateId>
    <containerId>18b44489-f942-40ed-90d9-f20dbdfe689e</containerId>
  </com.dotmarketing.beans.TemplateContainers>
  <com.dotmarketing.beans.TemplateContainers>
    <id>7498328b-dde6-4cdf-9897-d625998717dd</id>
    <templateId>fc07eac0-c1a5-4835-bd6b-981315b2e8a2</templateId>
    <containerId>56bd55ea-b04b-480d-9e37-5d6f9217dcc3</containerId>
  </com.dotmarketing.beans.TemplateContainers>
  <com.dotmarketing.beans.TemplateContainers>
    <id>75a8e413-6119-4a85-a764-21609c18b7f7</id>
    <templateId>9341b41d-e4d8-4ac3-bcca-5ac241db4f5d</templateId>
    <containerId>c7776bbb-d38a-43a1-af3b-6cfa36ba9747</containerId>
  </com.dotmarketing.beans.TemplateContainers>
  <com.dotmarketing.beans.TemplateContainers>
    <id>7aad42c3-4779-49ae-9742-84bd9f433412</id>
    <templateId>a0ead91b-fd4c-4182-abc8-a6d173a07ab4</templateId>
    <containerId>18b44489-f942-40ed-90d9-f20dbdfe689e</containerId>
  </com.dotmarketing.beans.TemplateContainers>
  <com.dotmarketing.beans.TemplateContainers>
    <id>7ab9aae3-f77e-4a00-a421-5562024ae408</id>
    <templateId>fc07eac0-c1a5-4835-bd6b-981315b2e8a2</templateId>
    <containerId>5eb11b21-6b13-4fb8-a823-1de20bba56c0</containerId>
  </com.dotmarketing.beans.TemplateContainers>
  <com.dotmarketing.beans.TemplateContainers>
    <id>7b7e0c82-2e1c-460a-b2f0-d4a0ee4c1749</id>
    <templateId>3141ca88-71f9-4e1d-9721-849dce6362ed</templateId>
    <containerId>18b44489-f942-40ed-90d9-f20dbdfe689e</containerId>
  </com.dotmarketing.beans.TemplateContainers>
  <com.dotmarketing.beans.TemplateContainers>
    <id>7f1275cf-ad8c-4ff3-8ac4-3be43ed8fabb</id>
    <templateId>50b64032-20cd-4169-8063-b023e53f572a</templateId>
    <containerId>214d7269-242b-4cf5-a3d7-59052d81e540</containerId>
  </com.dotmarketing.beans.TemplateContainers>
  <com.dotmarketing.beans.TemplateContainers>
    <id>82bb069b-a6c6-4fbb-ae98-84ac667a3cac</id>
    <templateId>993d1322-b209-4720-b4c7-a0f816c49df8</templateId>
    <containerId>5d40ab00-33c0-429f-9d97-9608236cf22f</containerId>
  </com.dotmarketing.beans.TemplateContainers>
  <com.dotmarketing.beans.TemplateContainers>
    <id>85a95cb5-ab66-445e-bae5-f32e4e62448f</id>
    <templateId>a0ead91b-fd4c-4182-abc8-a6d173a07ab4</templateId>
    <containerId>5eb11b21-6b13-4fb8-a823-1de20bba56c0</containerId>
  </com.dotmarketing.beans.TemplateContainers>
  <com.dotmarketing.beans.TemplateContainers>
    <id>8632de61-b4dd-4dc6-9a37-22a270e311e7</id>
    <templateId>50b64032-20cd-4169-8063-b023e53f572a</templateId>
    <containerId>685132f6-12a6-45d0-a4e4-99f14ebce429</containerId>
  </com.dotmarketing.beans.TemplateContainers>
  <com.dotmarketing.beans.TemplateContainers>
    <id>86de52a8-d22b-4c5a-a6a3-33cf8ada4f6b</id>
    <templateId>003d08f4-e0c9-4bc7-9949-b686301338ba</templateId>
    <containerId>56bd55ea-b04b-480d-9e37-5d6f9217dcc3</containerId>
  </com.dotmarketing.beans.TemplateContainers>
  <com.dotmarketing.beans.TemplateContainers>
    <id>885b2aa6-ed92-42ca-b865-855dd3de5033</id>
    <templateId>3141ca88-71f9-4e1d-9721-849dce6362ed</templateId>
    <containerId>afc45ad4-ee91-43a8-9562-3f9f7060e362</containerId>
  </com.dotmarketing.beans.TemplateContainers>
  <com.dotmarketing.beans.TemplateContainers>
    <id>94f47e67-c1f2-460b-8e3a-25dbedde0fc9</id>
    <templateId>f7bc93f9-6527-4c42-a120-bb19124c6e4f</templateId>
    <containerId>afc45ad4-ee91-43a8-9562-3f9f7060e362</containerId>
  </com.dotmarketing.beans.TemplateContainers>
  <com.dotmarketing.beans.TemplateContainers>
    <id>98bdaa76-1936-4908-bd93-83e92571032b</id>
    <templateId>50b64032-20cd-4169-8063-b023e53f572a</templateId>
    <containerId>afc45ad4-ee91-43a8-9562-3f9f7060e362</containerId>
  </com.dotmarketing.beans.TemplateContainers>
  <com.dotmarketing.beans.TemplateContainers>
    <id>9a8b8a31-1b76-4ba3-8b50-1701941bc75f</id>
    <templateId>206ab018-77e2-47dd-ab3c-e8dc6feceab3</templateId>
    <containerId>56bd55ea-b04b-480d-9e37-5d6f9217dcc3</containerId>
  </com.dotmarketing.beans.TemplateContainers>
  <com.dotmarketing.beans.TemplateContainers>
    <id>9d82b966-3a71-40c2-8690-61057c06542d</id>
    <templateId>460b0d3b-9b90-4b8a-a041-1f01b7edbbbc</templateId>
    <containerId>56bd55ea-b04b-480d-9e37-5d6f9217dcc3</containerId>
  </com.dotmarketing.beans.TemplateContainers>
  <com.dotmarketing.beans.TemplateContainers>
    <id>a6599e28-3108-490e-a3f7-14fb725a3c82</id>
    <templateId>3141ca88-71f9-4e1d-9721-849dce6362ed</templateId>
    <containerId>8f17696b-4e25-46b6-94b1-66c849a28bbe</containerId>
  </com.dotmarketing.beans.TemplateContainers>
  <com.dotmarketing.beans.TemplateContainers>
    <id>a9830a2b-76a7-4798-b9f2-90de343ac631</id>
    <templateId>003d08f4-e0c9-4bc7-9949-b686301338ba</templateId>
    <containerId>afc45ad4-ee91-43a8-9562-3f9f7060e362</containerId>
  </com.dotmarketing.beans.TemplateContainers>
  <com.dotmarketing.beans.TemplateContainers>
    <id>abab1c94-d2b5-4e3b-b002-3a0421d3df8f</id>
    <templateId>460b0d3b-9b90-4b8a-a041-1f01b7edbbbc</templateId>
    <containerId>afc45ad4-ee91-43a8-9562-3f9f7060e362</containerId>
  </com.dotmarketing.beans.TemplateContainers>
  <com.dotmarketing.beans.TemplateContainers>
    <id>abefebb9-7ee7-4dc4-9b0e-8aef320e54db</id>
    <templateId>3141ca88-71f9-4e1d-9721-849dce6362ed</templateId>
    <containerId>56bd55ea-b04b-480d-9e37-5d6f9217dcc3</containerId>
  </com.dotmarketing.beans.TemplateContainers>
  <com.dotmarketing.beans.TemplateContainers>
    <id>ad88aed8-2b54-46e8-8453-de22a1ba212e</id>
    <templateId>4cb76166-6763-44ca-ab22-e9eb50885430</templateId>
    <containerId>afc45ad4-ee91-43a8-9562-3f9f7060e362</containerId>
  </com.dotmarketing.beans.TemplateContainers>
  <com.dotmarketing.beans.TemplateContainers>
    <id>b47ced9e-ed8a-43bb-9c88-8af617455441</id>
    <templateId>003d08f4-e0c9-4bc7-9949-b686301338ba</templateId>
    <containerId>18b44489-f942-40ed-90d9-f20dbdfe689e</containerId>
  </com.dotmarketing.beans.TemplateContainers>
  <com.dotmarketing.beans.TemplateContainers>
    <id>b4938c5f-a504-4fd5-a7c9-1eb8c2bda02f</id>
    <templateId>7623ea3e-c0e6-46d8-8db6-9070f7bfc342</templateId>
    <containerId>56bd55ea-b04b-480d-9e37-5d6f9217dcc3</containerId>
  </com.dotmarketing.beans.TemplateContainers>
  <com.dotmarketing.beans.TemplateContainers>
    <id>b99390b8-bd9c-4eed-9a08-bf1b3a0313af</id>
    <templateId>0f2d2e2d-ecdd-4b6a-9692-1f511b81af5e</templateId>
    <containerId>c7776bbb-d38a-43a1-af3b-6cfa36ba9747</containerId>
  </com.dotmarketing.beans.TemplateContainers>
  <com.dotmarketing.beans.TemplateContainers>
    <id>c823231d-ce63-4e72-a111-7319aae7049c</id>
    <templateId>9341b41d-e4d8-4ac3-bcca-5ac241db4f5d</templateId>
    <containerId>5d40ab00-33c0-429f-9d97-9608236cf22f</containerId>
  </com.dotmarketing.beans.TemplateContainers>
  <com.dotmarketing.beans.TemplateContainers>
    <id>d102e09f-c502-4c3a-8cba-390c44166f37</id>
    <templateId>0a1cf815-ac9a-4619-9100-19631b739776</templateId>
    <containerId>5d40ab00-33c0-429f-9d97-9608236cf22f</containerId>
  </com.dotmarketing.beans.TemplateContainers>
  <com.dotmarketing.beans.TemplateContainers>
    <id>d42c89bc-491e-4350-bb0f-3990c60ec50d</id>
    <templateId>993d1322-b209-4720-b4c7-a0f816c49df8</templateId>
    <containerId>c7776bbb-d38a-43a1-af3b-6cfa36ba9747</containerId>
  </com.dotmarketing.beans.TemplateContainers>
  <com.dotmarketing.beans.TemplateContainers>
    <id>d4f19e70-45f6-4c34-9d87-6a7be112b883</id>
    <templateId>4cb76166-6763-44ca-ab22-e9eb50885430</templateId>
    <containerId>56bd55ea-b04b-480d-9e37-5d6f9217dcc3</containerId>
  </com.dotmarketing.beans.TemplateContainers>
  <com.dotmarketing.beans.TemplateContainers>
    <id>d6fa8172-684b-4e27-99d5-7c0c9b28d785</id>
    <templateId>206ab018-77e2-47dd-ab3c-e8dc6feceab3</templateId>
    <containerId>685132f6-12a6-45d0-a4e4-99f14ebce429</containerId>
  </com.dotmarketing.beans.TemplateContainers>
  <com.dotmarketing.beans.TemplateContainers>
    <id>d784af12-81d6-4794-a061-dee9eb8afd13</id>
    <templateId>0f2d2e2d-ecdd-4b6a-9692-1f511b81af5e</templateId>
    <containerId>5d40ab00-33c0-429f-9d97-9608236cf22f</containerId>
  </com.dotmarketing.beans.TemplateContainers>
  <com.dotmarketing.beans.TemplateContainers>
    <id>e4d7fc32-3277-4bc3-9c9e-cd26e3f630c2</id>
    <templateId>206ab018-77e2-47dd-ab3c-e8dc6feceab3</templateId>
    <containerId>18b44489-f942-40ed-90d9-f20dbdfe689e</containerId>
  </com.dotmarketing.beans.TemplateContainers>
  <com.dotmarketing.beans.TemplateContainers>
    <id>eb0faea6-6cbe-49e1-9c57-688632d91074</id>
    <templateId>206ab018-77e2-47dd-ab3c-e8dc6feceab3</templateId>
    <containerId>5eb11b21-6b13-4fb8-a823-1de20bba56c0</containerId>
  </com.dotmarketing.beans.TemplateContainers>
  <com.dotmarketing.beans.TemplateContainers>
    <id>f5061e42-9829-47a3-9eb0-700b4abeb93e</id>
    <templateId>a0ead91b-fd4c-4182-abc8-a6d173a07ab4</templateId>
    <containerId>685132f6-12a6-45d0-a4e4-99f14ebce429</containerId>
  </com.dotmarketing.beans.TemplateContainers>
  <com.dotmarketing.beans.TemplateContainers>
    <id>f638a5c4-b042-4470-a799-6104e5b90f3f</id>
    <templateId>f7bc93f9-6527-4c42-a120-bb19124c6e4f</templateId>
    <containerId>5eb11b21-6b13-4fb8-a823-1de20bba56c0</containerId>
  </com.dotmarketing.beans.TemplateContainers>
  <com.dotmarketing.beans.TemplateContainers>
    <id>f9f7ca9e-be5f-4ba2-b92a-2c19e8b5abcd</id>
    <templateId>4cb76166-6763-44ca-ab22-e9eb50885430</templateId>
    <containerId>685132f6-12a6-45d0-a4e4-99f14ebce429</containerId>
  </com.dotmarketing.beans.TemplateContainers>
  <com.dotmarketing.beans.TemplateContainers>
    <id>fac5f387-30e7-4120-a4a1-c5e1a1b4d8f0</id>
    <templateId>50b64032-20cd-4169-8063-b023e53f572a</templateId>
    <containerId>56bd55ea-b04b-480d-9e37-5d6f9217dcc3</containerId>
  </com.dotmarketing.beans.TemplateContainers>
  <com.dotmarketing.beans.TemplateContainers>
    <id>fd8b611b-565e-444a-b5d4-50d418c9db18</id>
    <templateId>4cb76166-6763-44ca-ab22-e9eb50885430</templateId>
    <containerId>18b44489-f942-40ed-90d9-f20dbdfe689e</containerId>
  </com.dotmarketing.beans.TemplateContainers>
</list>