<list>
  <com.dotmarketing.beans.Rating>
    <sessionId>81D9B21EACA763E34C35C4D2B4D39721</sessionId>
    <identifier>e10e2efb-20d7-498f-b019-a48ca614d3cb</identifier>
    <id>8</id>
    <ratingDate class="sql-timestamp">2011-11-28 11:43:01.306</ratingDate>
    <rating>4.0</rating>
    <longLiveCookiesId>b1d203fe-6c3b-f429-5da0-ff10d8bb47d9</longLiveCookiesId>
    <userIP>186.4.22.184</userIP>
    <ratingMaxValue>5</ratingMaxValue>
  </com.dotmarketing.beans.Rating>
  <com.dotmarketing.beans.Rating>
    <sessionId>81D9B21EACA763E34C35C4D2B4D39721</sessionId>
    <identifier>9b81a298-9e18-4f83-9197-9abe0fa4bae1</identifier>
    <id>9</id>
    <ratingDate class="sql-timestamp">2011-11-28 11:43:05.447</ratingDate>
    <rating>3.0</rating>
    <longLiveCookiesId>b1d203fe-6c3b-f429-5da0-ff10d8bb47d9</longLiveCookiesId>
    <userIP>186.4.22.184</userIP>
    <ratingMaxValue>5</ratingMaxValue>
  </com.dotmarketing.beans.Rating>
</list>