<list>
  <com.dotmarketing.portlets.htmlpages.model.HTMLPageVersionInfo>
    <identifier>026a6d1a-5eeb-449a-9465-8a3ecc719571</identifier>
    <liveInode>f3bdd94c-e9df-4e9e-ac5f-4d6b1096b88b</liveInode>
    <workingInode>f3bdd94c-e9df-4e9e-ac5f-4d6b1096b88b</workingInode>
    <lockedOn class="sql-timestamp">2012-11-08 14:30:37.192</lockedOn>
    <deleted>false</deleted>
    <versionTs class="sql-timestamp">2012-11-08 14:30:37.194</versionTs>
  </com.dotmarketing.portlets.htmlpages.model.HTMLPageVersionInfo>
  <com.dotmarketing.portlets.htmlpages.model.HTMLPageVersionInfo>
    <identifier>04d5585e-6fae-46d6-b542-8e74cdc51a80</identifier>
    <liveInode>08c1a683-5481-4882-b5e6-5028493e6650</liveInode>
    <workingInode>08c1a683-5481-4882-b5e6-5028493e6650</workingInode>
    <lockedOn class="sql-timestamp">2012-01-19 00:00:00.0</lockedOn>
    <deleted>false</deleted>
    <versionTs class="sql-timestamp">2012-05-04 13:38:28.321738</versionTs>
  </com.dotmarketing.portlets.htmlpages.model.HTMLPageVersionInfo>
  <com.dotmarketing.portlets.htmlpages.model.HTMLPageVersionInfo>
    <identifier>0572b59b-340f-4085-a023-bb25f512041a</identifier>
    <liveInode>507f1057-5e75-4746-91f0-728c6f9ca569</liveInode>
    <workingInode>507f1057-5e75-4746-91f0-728c6f9ca569</workingInode>
    <lockedOn class="sql-timestamp">2012-11-08 13:47:48.983</lockedOn>
    <deleted>false</deleted>
    <versionTs class="sql-timestamp">2012-11-08 13:47:48.992</versionTs>
  </com.dotmarketing.portlets.htmlpages.model.HTMLPageVersionInfo>
  <com.dotmarketing.portlets.htmlpages.model.HTMLPageVersionInfo>
    <identifier>1aeb328b-57b5-46e8-9eec-2cb2b4c24953</identifier>
    <liveInode>975964f8-ef1f-451a-aa23-10a44c39ce98</liveInode>
    <workingInode>975964f8-ef1f-451a-aa23-10a44c39ce98</workingInode>
    <lockedOn class="sql-timestamp">2012-03-05 00:00:00.0</lockedOn>
    <deleted>false</deleted>
    <versionTs class="sql-timestamp">2012-05-04 13:38:28.321738</versionTs>
  </com.dotmarketing.portlets.htmlpages.model.HTMLPageVersionInfo>
  <com.dotmarketing.portlets.htmlpages.model.HTMLPageVersionInfo>
    <identifier>1b074c9c-6da4-4f0c-aba2-33052f325ed7</identifier>
    <liveInode>63c3385c-921d-485e-aceb-f7a84b78075c</liveInode>
    <workingInode>63c3385c-921d-485e-aceb-f7a84b78075c</workingInode>
    <lockedOn class="sql-timestamp">2012-11-08 13:53:52.779</lockedOn>
    <deleted>false</deleted>
    <versionTs class="sql-timestamp">2012-11-08 13:53:52.78</versionTs>
  </com.dotmarketing.portlets.htmlpages.model.HTMLPageVersionInfo>
  <com.dotmarketing.portlets.htmlpages.model.HTMLPageVersionInfo>
    <identifier>1edc9ffe-cfdf-42a7-9b90-18cf090ddeba</identifier>
    <liveInode>59317e7e-d9d2-4a99-b35e-5292891333d6</liveInode>
    <workingInode>59317e7e-d9d2-4a99-b35e-5292891333d6</workingInode>
    <lockedOn class="sql-timestamp">2012-11-08 13:50:01.472</lockedOn>
    <deleted>false</deleted>
    <versionTs class="sql-timestamp">2012-11-08 13:50:01.48</versionTs>
  </com.dotmarketing.portlets.htmlpages.model.HTMLPageVersionInfo>
  <com.dotmarketing.portlets.htmlpages.model.HTMLPageVersionInfo>
    <identifier>1f5559e3-df40-4032-887e-b1aa02d59021</identifier>
    <liveInode>f29a5c05-2a93-46bc-8624-f4afaf62285d</liveInode>
    <workingInode>f29a5c05-2a93-46bc-8624-f4afaf62285d</workingInode>
    <lockedOn class="sql-timestamp">2012-11-08 12:52:59.564</lockedOn>
    <deleted>false</deleted>
    <versionTs class="sql-timestamp">2012-11-08 12:52:59.573</versionTs>
  </com.dotmarketing.portlets.htmlpages.model.HTMLPageVersionInfo>
  <com.dotmarketing.portlets.htmlpages.model.HTMLPageVersionInfo>
    <identifier>2c86ef5a-fcfe-441e-990f-20a87cd85aa2</identifier>
    <liveInode>c3648875-dfd1-46be-bd2a-f2ebe1c2436e</liveInode>
    <workingInode>c3648875-dfd1-46be-bd2a-f2ebe1c2436e</workingInode>
    <lockedOn class="sql-timestamp">2012-11-14 11:38:13.203</lockedOn>
    <deleted>false</deleted>
    <versionTs class="sql-timestamp">2012-11-14 11:59:07.763</versionTs>
  </com.dotmarketing.portlets.htmlpages.model.HTMLPageVersionInfo>
  <com.dotmarketing.portlets.htmlpages.model.HTMLPageVersionInfo>
    <identifier>3b6bebd0-145f-48a9-8736-ae5d657f3550</identifier>
    <liveInode>23237d83-de7e-4d3f-b155-a6afe0177946</liveInode>
    <workingInode>23237d83-de7e-4d3f-b155-a6afe0177946</workingInode>
    <lockedOn class="sql-timestamp">2012-11-08 13:04:29.723</lockedOn>
    <deleted>false</deleted>
    <versionTs class="sql-timestamp">2012-11-08 13:04:29.731</versionTs>
  </com.dotmarketing.portlets.htmlpages.model.HTMLPageVersionInfo>
  <com.dotmarketing.portlets.htmlpages.model.HTMLPageVersionInfo>
    <identifier>422b78b6-5b2f-4c40-9c1e-eccc70e37413</identifier>
    <liveInode>a92e9cc3-8470-4ce6-bf1f-9bf4264e3609</liveInode>
    <workingInode>a92e9cc3-8470-4ce6-bf1f-9bf4264e3609</workingInode>
    <lockedOn class="sql-timestamp">2012-02-14 00:00:00.0</lockedOn>
    <deleted>false</deleted>
    <versionTs class="sql-timestamp">2012-05-04 13:38:28.321738</versionTs>
  </com.dotmarketing.portlets.htmlpages.model.HTMLPageVersionInfo>
  <com.dotmarketing.portlets.htmlpages.model.HTMLPageVersionInfo>
    <identifier>47e72441-654d-4cf1-9d44-97fe9d5ecef5</identifier>
    <liveInode>386e2ec9-e266-467e-a5f8-9f0ed14bdb1c</liveInode>
    <workingInode>386e2ec9-e266-467e-a5f8-9f0ed14bdb1c</workingInode>
    <lockedOn class="sql-timestamp">2012-07-06 14:28:05.836</lockedOn>
    <deleted>false</deleted>
    <versionTs class="sql-timestamp">2012-07-06 14:28:05.863</versionTs>
  </com.dotmarketing.portlets.htmlpages.model.HTMLPageVersionInfo>
  <com.dotmarketing.portlets.htmlpages.model.HTMLPageVersionInfo>
    <identifier>495ddd83-0238-41f5-bf75-80137ea747fc</identifier>
    <workingInode>c77b850b-6b58-406e-aa68-fbc7921559ba</workingInode>
    <lockedOn class="sql-timestamp">2012-03-05 00:00:00.0</lockedOn>
    <deleted>true</deleted>
    <versionTs class="sql-timestamp">2012-05-04 13:38:28.321738</versionTs>
  </com.dotmarketing.portlets.htmlpages.model.HTMLPageVersionInfo>
  <com.dotmarketing.portlets.htmlpages.model.HTMLPageVersionInfo>
    <identifier>4b64a746-9df0-4e32-bae2-1cb9b7e6dea7</identifier>
    <liveInode>af71cc7f-7881-4f4d-bd29-a35cbe74a8fd</liveInode>
    <workingInode>af71cc7f-7881-4f4d-bd29-a35cbe74a8fd</workingInode>
    <lockedOn class="sql-timestamp">2012-11-08 14:18:04.958</lockedOn>
    <deleted>false</deleted>
    <versionTs class="sql-timestamp">2012-11-08 14:18:04.971</versionTs>
  </com.dotmarketing.portlets.htmlpages.model.HTMLPageVersionInfo>
  <com.dotmarketing.portlets.htmlpages.model.HTMLPageVersionInfo>
    <identifier>5072e590-e88a-463a-b38c-e4217d41d0b5</identifier>
    <liveInode>468f0da7-eef4-41eb-90fc-1f587a3b145c</liveInode>
    <workingInode>468f0da7-eef4-41eb-90fc-1f587a3b145c</workingInode>
    <lockedOn class="sql-timestamp">2012-01-19 00:00:00.0</lockedOn>
    <deleted>false</deleted>
    <versionTs class="sql-timestamp">2012-05-04 13:38:28.321738</versionTs>
  </com.dotmarketing.portlets.htmlpages.model.HTMLPageVersionInfo>
  <com.dotmarketing.portlets.htmlpages.model.HTMLPageVersionInfo>
    <identifier>593e803f-90e4-4077-be1e-172ba44e32e4</identifier>
    <liveInode>5bdf95b9-aaef-4e21-acbd-8bd4c94ed3c3</liveInode>
    <workingInode>5bdf95b9-aaef-4e21-acbd-8bd4c94ed3c3</workingInode>
    <lockedOn class="sql-timestamp">2012-02-14 00:00:00.0</lockedOn>
    <deleted>false</deleted>
    <versionTs class="sql-timestamp">2012-05-04 13:38:28.321738</versionTs>
  </com.dotmarketing.portlets.htmlpages.model.HTMLPageVersionInfo>
  <com.dotmarketing.portlets.htmlpages.model.HTMLPageVersionInfo>
    <identifier>5aaf726e-efe1-45ac-be67-22d7a8b8ea8f</identifier>
    <liveInode>910d8673-1772-416a-bedb-c3f94f06b0a1</liveInode>
    <workingInode>910d8673-1772-416a-bedb-c3f94f06b0a1</workingInode>
    <lockedOn class="sql-timestamp">2012-11-08 13:51:05.171</lockedOn>
    <deleted>false</deleted>
    <versionTs class="sql-timestamp">2012-11-08 13:51:05.176</versionTs>
  </com.dotmarketing.portlets.htmlpages.model.HTMLPageVersionInfo>
  <com.dotmarketing.portlets.htmlpages.model.HTMLPageVersionInfo>
    <identifier>6247c3b2-f5bf-40c6-9b07-ae06d56a1b7c</identifier>
    <liveInode>48b84126-c67f-4256-b7e5-7494ec57ea7e</liveInode>
    <workingInode>48b84126-c67f-4256-b7e5-7494ec57ea7e</workingInode>
    <lockedOn class="sql-timestamp">2012-11-08 13:45:00.581</lockedOn>
    <deleted>false</deleted>
    <versionTs class="sql-timestamp">2012-11-08 13:45:00.594</versionTs>
  </com.dotmarketing.portlets.htmlpages.model.HTMLPageVersionInfo>
  <com.dotmarketing.portlets.htmlpages.model.HTMLPageVersionInfo>
    <identifier>62e39701-ccf0-47b4-a118-a0d9c288758d</identifier>
    <liveInode>845a396c-1911-4224-97f5-13c3cff8751b</liveInode>
    <workingInode>845a396c-1911-4224-97f5-13c3cff8751b</workingInode>
    <lockedOn class="sql-timestamp">2012-06-25 15:33:05.963</lockedOn>
    <deleted>false</deleted>
    <versionTs class="sql-timestamp">2012-06-25 15:33:05.992</versionTs>
  </com.dotmarketing.portlets.htmlpages.model.HTMLPageVersionInfo>
  <com.dotmarketing.portlets.htmlpages.model.HTMLPageVersionInfo>
    <identifier>63d655b2-ae21-4461-85a0-4993f450cfa7</identifier>
    <liveInode>3d9098d5-ec15-40d9-907f-f2cb0bd4bf63</liveInode>
    <workingInode>3d9098d5-ec15-40d9-907f-f2cb0bd4bf63</workingInode>
    <lockedOn class="sql-timestamp">2012-06-27 10:33:02.654</lockedOn>
    <deleted>false</deleted>
    <versionTs class="sql-timestamp">2012-06-27 10:33:02.68</versionTs>
  </com.dotmarketing.portlets.htmlpages.model.HTMLPageVersionInfo>
  <com.dotmarketing.portlets.htmlpages.model.HTMLPageVersionInfo>
    <identifier>69bd8ab7-861c-4eba-826b-19adec1d7ec8</identifier>
    <liveInode>ffecf99d-8fbc-468e-9ab4-2d04db588d8a</liveInode>
    <workingInode>ffecf99d-8fbc-468e-9ab4-2d04db588d8a</workingInode>
    <lockedOn class="sql-timestamp">2012-12-04 13:01:07.099</lockedOn>
    <deleted>false</deleted>
    <versionTs class="sql-timestamp">2012-12-11 10:00:06.388</versionTs>
  </com.dotmarketing.portlets.htmlpages.model.HTMLPageVersionInfo>
  <com.dotmarketing.portlets.htmlpages.model.HTMLPageVersionInfo>
    <identifier>69dcec4a-4364-445e-8d88-98e96d6ef5de</identifier>
    <liveInode>4c391f70-4e24-48f4-b9bf-2701afd81d71</liveInode>
    <workingInode>4c391f70-4e24-48f4-b9bf-2701afd81d71</workingInode>
    <lockedOn class="sql-timestamp">2012-11-08 14:16:40.4</lockedOn>
    <deleted>false</deleted>
    <versionTs class="sql-timestamp">2012-11-08 14:16:40.408</versionTs>
  </com.dotmarketing.portlets.htmlpages.model.HTMLPageVersionInfo>
  <com.dotmarketing.portlets.htmlpages.model.HTMLPageVersionInfo>
    <identifier>7621ce00-9b72-476d-b201-3b195f92a66f</identifier>
    <liveInode>e17d8bc8-c09c-441c-b82e-84e7ca50fb1f</liveInode>
    <workingInode>e17d8bc8-c09c-441c-b82e-84e7ca50fb1f</workingInode>
    <lockedOn class="sql-timestamp">2012-11-08 13:14:32.983</lockedOn>
    <deleted>false</deleted>
    <versionTs class="sql-timestamp">2012-11-08 13:14:32.993</versionTs>
  </com.dotmarketing.portlets.htmlpages.model.HTMLPageVersionInfo>
  <com.dotmarketing.portlets.htmlpages.model.HTMLPageVersionInfo>
    <identifier>7cfa54eb-1612-401f-96b3-3e04fa14c52d</identifier>
    <liveInode>757ea9c6-287d-4580-82dc-4cd6526914b2</liveInode>
    <workingInode>757ea9c6-287d-4580-82dc-4cd6526914b2</workingInode>
    <lockedOn class="sql-timestamp">2012-11-08 14:34:57.377</lockedOn>
    <deleted>false</deleted>
    <versionTs class="sql-timestamp">2012-11-08 14:34:57.386</versionTs>
  </com.dotmarketing.portlets.htmlpages.model.HTMLPageVersionInfo>
  <com.dotmarketing.portlets.htmlpages.model.HTMLPageVersionInfo>
    <identifier>813b1cef-465f-455d-920f-063718cdd6f9</identifier>
    <liveInode>dd9f6fb7-0c87-4b48-836a-12383e186c51</liveInode>
    <workingInode>dd9f6fb7-0c87-4b48-836a-12383e186c51</workingInode>
    <lockedOn class="sql-timestamp">2012-11-08 13:53:04.884</lockedOn>
    <deleted>false</deleted>
    <versionTs class="sql-timestamp">2012-11-08 13:53:04.894</versionTs>
  </com.dotmarketing.portlets.htmlpages.model.HTMLPageVersionInfo>
  <com.dotmarketing.portlets.htmlpages.model.HTMLPageVersionInfo>
    <identifier>84a50687-8027-4d27-a8b9-b18db7d5450d</identifier>
    <liveInode>03a0eb77-fe0d-4cb3-92b9-4b8ace303c85</liveInode>
    <workingInode>03a0eb77-fe0d-4cb3-92b9-4b8ace303c85</workingInode>
    <lockedOn class="sql-timestamp">2012-11-08 13:48:35.9</lockedOn>
    <deleted>false</deleted>
    <versionTs class="sql-timestamp">2012-11-08 13:48:35.919</versionTs>
  </com.dotmarketing.portlets.htmlpages.model.HTMLPageVersionInfo>
  <com.dotmarketing.portlets.htmlpages.model.HTMLPageVersionInfo>
    <identifier>88b2b481-6a88-4022-b71f-518aa7335ea0</identifier>
    <liveInode>5c77f1cc-120d-4bcc-b8c6-32667356b234</liveInode>
    <workingInode>5c77f1cc-120d-4bcc-b8c6-32667356b234</workingInode>
    <lockedOn class="sql-timestamp">2012-11-08 14:33:51.588</lockedOn>
    <deleted>false</deleted>
    <versionTs class="sql-timestamp">2012-11-08 14:33:51.594</versionTs>
  </com.dotmarketing.portlets.htmlpages.model.HTMLPageVersionInfo>
  <com.dotmarketing.portlets.htmlpages.model.HTMLPageVersionInfo>
    <identifier>8aff34ed-d163-4311-9712-9b74e51e0044</identifier>
    <liveInode>e9032b8d-5aaa-455b-9685-4b2359428e7e</liveInode>
    <workingInode>e9032b8d-5aaa-455b-9685-4b2359428e7e</workingInode>
    <lockedOn class="sql-timestamp">2012-11-08 13:16:27.05</lockedOn>
    <deleted>false</deleted>
    <versionTs class="sql-timestamp">2012-11-08 13:16:27.06</versionTs>
  </com.dotmarketing.portlets.htmlpages.model.HTMLPageVersionInfo>
  <com.dotmarketing.portlets.htmlpages.model.HTMLPageVersionInfo>
    <identifier>8cf68df5-7cb3-4b6d-aed9-2d27fc00c5bb</identifier>
    <liveInode>1dc48946-0e6a-4a55-9422-fc15eeeebac6</liveInode>
    <workingInode>1dc48946-0e6a-4a55-9422-fc15eeeebac6</workingInode>
    <lockedOn class="sql-timestamp">2012-02-16 00:00:00.0</lockedOn>
    <deleted>false</deleted>
    <versionTs class="sql-timestamp">2012-05-04 13:38:28.321738</versionTs>
  </com.dotmarketing.portlets.htmlpages.model.HTMLPageVersionInfo>
  <com.dotmarketing.portlets.htmlpages.model.HTMLPageVersionInfo>
    <identifier>8dac83a5-4a32-4786-bbe4-f09192a1ad77</identifier>
    <liveInode>8d67c41a-c051-482b-ba0f-f1f4d220bba3</liveInode>
    <workingInode>8d67c41a-c051-482b-ba0f-f1f4d220bba3</workingInode>
    <lockedOn class="sql-timestamp">2012-11-08 14:12:08.691</lockedOn>
    <deleted>false</deleted>
    <versionTs class="sql-timestamp">2012-11-08 14:12:08.692</versionTs>
  </com.dotmarketing.portlets.htmlpages.model.HTMLPageVersionInfo>
  <com.dotmarketing.portlets.htmlpages.model.HTMLPageVersionInfo>
    <identifier>8e7dccc5-928e-4c13-9044-cca0566ada23</identifier>
    <liveInode>272ef951-bbd6-49c8-9a5c-83c947c0ed22</liveInode>
    <workingInode>272ef951-bbd6-49c8-9a5c-83c947c0ed22</workingInode>
    <lockedOn class="sql-timestamp">2012-11-14 15:36:50.396</lockedOn>
    <deleted>false</deleted>
    <versionTs class="sql-timestamp">2012-11-14 15:36:50.405</versionTs>
  </com.dotmarketing.portlets.htmlpages.model.HTMLPageVersionInfo>
  <com.dotmarketing.portlets.htmlpages.model.HTMLPageVersionInfo>
    <identifier>8f9892b8-de32-439a-b496-5c6620ac317a</identifier>
    <liveInode>1d0343b0-9f60-4e2e-bee5-450a71dbc2ea</liveInode>
    <workingInode>1d0343b0-9f60-4e2e-bee5-450a71dbc2ea</workingInode>
    <lockedOn class="sql-timestamp">2012-11-08 13:06:39.5</lockedOn>
    <deleted>false</deleted>
    <versionTs class="sql-timestamp">2012-11-08 13:06:39.508</versionTs>
  </com.dotmarketing.portlets.htmlpages.model.HTMLPageVersionInfo>
  <com.dotmarketing.portlets.htmlpages.model.HTMLPageVersionInfo>
    <identifier>951e63e3-8e3f-4ce4-92ef-ff9d7f66480e</identifier>
    <liveInode>7f2c7642-a282-4c86-9d27-1bc9724967ed</liveInode>
    <workingInode>7f2c7642-a282-4c86-9d27-1bc9724967ed</workingInode>
    <lockedOn class="sql-timestamp">2012-11-08 13:12:23.164</lockedOn>
    <deleted>false</deleted>
    <versionTs class="sql-timestamp">2012-11-08 13:12:23.174</versionTs>
  </com.dotmarketing.portlets.htmlpages.model.HTMLPageVersionInfo>
  <com.dotmarketing.portlets.htmlpages.model.HTMLPageVersionInfo>
    <identifier>97914806-c0cd-488d-9214-364e1d5721fa</identifier>
    <liveInode>54ad55d2-2ac9-4d9a-b743-6e229108ace0</liveInode>
    <workingInode>54ad55d2-2ac9-4d9a-b743-6e229108ace0</workingInode>
    <lockedOn class="sql-timestamp">2012-01-19 00:00:00.0</lockedOn>
    <deleted>false</deleted>
    <versionTs class="sql-timestamp">2012-05-04 13:38:28.321738</versionTs>
  </com.dotmarketing.portlets.htmlpages.model.HTMLPageVersionInfo>
  <com.dotmarketing.portlets.htmlpages.model.HTMLPageVersionInfo>
    <identifier>9c5f42da-31b1-4935-9df6-153f5de1bdf2</identifier>
    <liveInode>f199343b-4e22-4bf1-bc8e-a15b6a3e032f</liveInode>
    <workingInode>f199343b-4e22-4bf1-bc8e-a15b6a3e032f</workingInode>
    <lockedOn class="sql-timestamp">2012-11-08 13:07:05.031</lockedOn>
    <deleted>false</deleted>
    <versionTs class="sql-timestamp">2012-11-08 13:07:05.042</versionTs>
  </com.dotmarketing.portlets.htmlpages.model.HTMLPageVersionInfo>
  <com.dotmarketing.portlets.htmlpages.model.HTMLPageVersionInfo>
    <identifier>9e4e90b2-7f66-42e1-8146-c6328f5a5fb1</identifier>
    <liveInode>a6856f37-c977-448c-935d-230c9ccb0ac4</liveInode>
    <workingInode>a6856f37-c977-448c-935d-230c9ccb0ac4</workingInode>
    <lockedOn class="sql-timestamp">2012-02-14 00:00:00.0</lockedOn>
    <deleted>false</deleted>
    <versionTs class="sql-timestamp">2012-05-04 13:38:28.321738</versionTs>
  </com.dotmarketing.portlets.htmlpages.model.HTMLPageVersionInfo>
  <com.dotmarketing.portlets.htmlpages.model.HTMLPageVersionInfo>
    <identifier>a088b172-e621-4870-8389-a1c5f284e7d9</identifier>
    <liveInode>198879fd-8c9f-4717-904d-cae1a17c3a65</liveInode>
    <workingInode>198879fd-8c9f-4717-904d-cae1a17c3a65</workingInode>
    <lockedOn class="sql-timestamp">2012-11-08 13:50:29.902</lockedOn>
    <deleted>false</deleted>
    <versionTs class="sql-timestamp">2012-11-08 13:50:29.906</versionTs>
  </com.dotmarketing.portlets.htmlpages.model.HTMLPageVersionInfo>
  <com.dotmarketing.portlets.htmlpages.model.HTMLPageVersionInfo>
    <identifier>a0c4d65f-c55c-4360-93a4-b3a8c06190e1</identifier>
    <liveInode>af47c6e6-d88e-42a0-9329-32b63b9cabfd</liveInode>
    <workingInode>af47c6e6-d88e-42a0-9329-32b63b9cabfd</workingInode>
    <lockedOn class="sql-timestamp">2012-03-13 00:00:00.0</lockedOn>
    <deleted>false</deleted>
    <versionTs class="sql-timestamp">2012-05-04 13:38:28.321738</versionTs>
  </com.dotmarketing.portlets.htmlpages.model.HTMLPageVersionInfo>
  <com.dotmarketing.portlets.htmlpages.model.HTMLPageVersionInfo>
    <identifier>a199aa48-db48-463b-a8b0-5a4ac30b90a3</identifier>
    <liveInode>dc3e2bfc-5be0-4363-aed7-0861e16c632b</liveInode>
    <workingInode>dc3e2bfc-5be0-4363-aed7-0861e16c632b</workingInode>
    <lockedOn class="sql-timestamp">2012-07-10 15:36:50.867</lockedOn>
    <deleted>false</deleted>
    <versionTs class="sql-timestamp">2012-07-10 15:36:50.868</versionTs>
  </com.dotmarketing.portlets.htmlpages.model.HTMLPageVersionInfo>
  <com.dotmarketing.portlets.htmlpages.model.HTMLPageVersionInfo>
    <identifier>a3230fc8-5fbb-43a2-9d58-bf352f0971cc</identifier>
    <liveInode>e7d168a5-ee8f-401b-b0f2-a70e0ddce5a0</liveInode>
    <workingInode>e7d168a5-ee8f-401b-b0f2-a70e0ddce5a0</workingInode>
    <lockedOn class="sql-timestamp">2012-11-08 13:46:42.833</lockedOn>
    <deleted>false</deleted>
    <versionTs class="sql-timestamp">2012-11-08 13:46:42.841</versionTs>
  </com.dotmarketing.portlets.htmlpages.model.HTMLPageVersionInfo>
  <com.dotmarketing.portlets.htmlpages.model.HTMLPageVersionInfo>
    <identifier>a882178f-0433-4404-881e-c30634362517</identifier>
    <liveInode>29f64cd6-5abe-4307-b105-fcbeed13e621</liveInode>
    <workingInode>29f64cd6-5abe-4307-b105-fcbeed13e621</workingInode>
    <lockedOn class="sql-timestamp">2012-11-08 14:37:38.045</lockedOn>
    <deleted>false</deleted>
    <versionTs class="sql-timestamp">2012-11-08 14:37:38.051</versionTs>
  </com.dotmarketing.portlets.htmlpages.model.HTMLPageVersionInfo>
  <com.dotmarketing.portlets.htmlpages.model.HTMLPageVersionInfo>
    <identifier>a9aaca31-e460-45f3-a150-2c709796362d</identifier>
    <liveInode>dcc0e72d-a793-4749-a61d-5f464672baf0</liveInode>
    <workingInode>dcc0e72d-a793-4749-a61d-5f464672baf0</workingInode>
    <lockedOn class="sql-timestamp">2012-11-15 13:39:09.639</lockedOn>
    <deleted>false</deleted>
    <versionTs class="sql-timestamp">2012-11-15 13:39:09.641</versionTs>
  </com.dotmarketing.portlets.htmlpages.model.HTMLPageVersionInfo>
  <com.dotmarketing.portlets.htmlpages.model.HTMLPageVersionInfo>
    <identifier>b0175d07-aca0-43be-9fc1-2e4ad637c00a</identifier>
    <liveInode>9c0f6772-d74e-4938-9393-e197c1b5310e</liveInode>
    <workingInode>9c0f6772-d74e-4938-9393-e197c1b5310e</workingInode>
    <lockedOn class="sql-timestamp">2012-01-19 00:00:00.0</lockedOn>
    <deleted>false</deleted>
    <versionTs class="sql-timestamp">2012-05-04 13:38:28.321738</versionTs>
  </com.dotmarketing.portlets.htmlpages.model.HTMLPageVersionInfo>
  <com.dotmarketing.portlets.htmlpages.model.HTMLPageVersionInfo>
    <identifier>baf137d7-961a-494d-bd4d-786b0a60bac8</identifier>
    <liveInode>ccc56729-6c53-41eb-9cf6-0d9f8b2b0058</liveInode>
    <workingInode>ccc56729-6c53-41eb-9cf6-0d9f8b2b0058</workingInode>
    <lockedOn class="sql-timestamp">2012-01-20 00:00:00.0</lockedOn>
    <deleted>false</deleted>
    <versionTs class="sql-timestamp">2012-05-04 13:38:28.321738</versionTs>
  </com.dotmarketing.portlets.htmlpages.model.HTMLPageVersionInfo>
  <com.dotmarketing.portlets.htmlpages.model.HTMLPageVersionInfo>
    <identifier>c09cdd1c-3740-409d-bc6b-dfdcb52ca070</identifier>
    <liveInode>356f4ff8-e053-491d-9902-b4481f990a29</liveInode>
    <workingInode>356f4ff8-e053-491d-9902-b4481f990a29</workingInode>
    <lockedOn class="sql-timestamp">2012-03-28 00:00:00.0</lockedOn>
    <deleted>false</deleted>
    <versionTs class="sql-timestamp">2012-07-27 11:39:37.44</versionTs>
  </com.dotmarketing.portlets.htmlpages.model.HTMLPageVersionInfo>
  <com.dotmarketing.portlets.htmlpages.model.HTMLPageVersionInfo>
    <identifier>c0d0ba73-0c45-49d5-86df-2f1dd793a8bd</identifier>
    <liveInode>f2cfd0f5-308a-45d3-a1b5-f6e8745cd269</liveInode>
    <workingInode>f2cfd0f5-308a-45d3-a1b5-f6e8745cd269</workingInode>
    <lockedOn class="sql-timestamp">2012-03-28 00:00:00.0</lockedOn>
    <deleted>false</deleted>
    <versionTs class="sql-timestamp">2012-05-04 13:38:28.321738</versionTs>
  </com.dotmarketing.portlets.htmlpages.model.HTMLPageVersionInfo>
  <com.dotmarketing.portlets.htmlpages.model.HTMLPageVersionInfo>
    <identifier>c12fe7e6-d338-49d5-973b-2d974d57015b</identifier>
    <liveInode>a080e706-95d0-4740-922b-ee707c4e9162</liveInode>
    <workingInode>a080e706-95d0-4740-922b-ee707c4e9162</workingInode>
    <lockedOn class="sql-timestamp">2012-11-14 13:32:34.077</lockedOn>
    <deleted>false</deleted>
    <versionTs class="sql-timestamp">2012-11-14 13:32:34.084</versionTs>
  </com.dotmarketing.portlets.htmlpages.model.HTMLPageVersionInfo>
  <com.dotmarketing.portlets.htmlpages.model.HTMLPageVersionInfo>
    <identifier>c308f4bb-77d0-4735-a84b-21d7af8d2604</identifier>
    <liveInode>d5e1d0eb-8b9a-4f80-adde-fdcbb6db5801</liveInode>
    <workingInode>d5e1d0eb-8b9a-4f80-adde-fdcbb6db5801</workingInode>
    <lockedOn class="sql-timestamp">2012-11-08 14:15:25.256</lockedOn>
    <deleted>false</deleted>
    <versionTs class="sql-timestamp">2012-11-08 14:15:25.264</versionTs>
  </com.dotmarketing.portlets.htmlpages.model.HTMLPageVersionInfo>
  <com.dotmarketing.portlets.htmlpages.model.HTMLPageVersionInfo>
    <identifier>c6da18ef-487a-4c9f-9827-5dd60796fcee</identifier>
    <liveInode>a6ab6d74-92fe-4f24-b4f6-0dd43d21f856</liveInode>
    <workingInode>a6ab6d74-92fe-4f24-b4f6-0dd43d21f856</workingInode>
    <lockedOn class="sql-timestamp">2012-11-08 14:34:17.737</lockedOn>
    <deleted>false</deleted>
    <versionTs class="sql-timestamp">2012-11-08 14:34:17.744</versionTs>
  </com.dotmarketing.portlets.htmlpages.model.HTMLPageVersionInfo>
  <com.dotmarketing.portlets.htmlpages.model.HTMLPageVersionInfo>
    <identifier>c9162a5c-6e6b-4e68-8bd7-4d46e8a929f4</identifier>
    <liveInode>f97f1f28-57d5-49ef-965a-e136dc0effa5</liveInode>
    <workingInode>f97f1f28-57d5-49ef-965a-e136dc0effa5</workingInode>
    <lockedOn class="sql-timestamp">2012-09-13 08:56:02.51</lockedOn>
    <deleted>false</deleted>
    <versionTs class="sql-timestamp">2012-09-13 08:56:02.559</versionTs>
  </com.dotmarketing.portlets.htmlpages.model.HTMLPageVersionInfo>
  <com.dotmarketing.portlets.htmlpages.model.HTMLPageVersionInfo>
    <identifier>c992f9e8-d432-46fd-8e8e-e377b8c5de60</identifier>
    <liveInode>49925346-be32-4282-865d-49813388eca2</liveInode>
    <workingInode>49925346-be32-4282-865d-49813388eca2</workingInode>
    <lockedOn class="sql-timestamp">2012-11-06 13:11:59.006</lockedOn>
    <deleted>false</deleted>
    <versionTs class="sql-timestamp">2012-11-06 14:07:22.552</versionTs>
  </com.dotmarketing.portlets.htmlpages.model.HTMLPageVersionInfo>
  <com.dotmarketing.portlets.htmlpages.model.HTMLPageVersionInfo>
    <identifier>ca55a959-18bb-4c7d-956d-4478315ae6b1</identifier>
    <liveInode>e49a2a92-ad3e-477f-adbb-1ab1ee703190</liveInode>
    <workingInode>e49a2a92-ad3e-477f-adbb-1ab1ee703190</workingInode>
    <lockedOn class="sql-timestamp">2012-03-20 00:00:00.0</lockedOn>
    <deleted>false</deleted>
    <versionTs class="sql-timestamp">2012-05-04 13:38:28.321738</versionTs>
  </com.dotmarketing.portlets.htmlpages.model.HTMLPageVersionInfo>
  <com.dotmarketing.portlets.htmlpages.model.HTMLPageVersionInfo>
    <identifier>ca8723a1-ce2d-4ae7-88cc-ac010d5405f5</identifier>
    <liveInode>87e5cd64-0329-4a9b-b812-95d9b9f194ac</liveInode>
    <workingInode>87e5cd64-0329-4a9b-b812-95d9b9f194ac</workingInode>
    <lockedOn class="sql-timestamp">2012-11-08 14:17:13.537</lockedOn>
    <deleted>false</deleted>
    <versionTs class="sql-timestamp">2012-11-08 14:17:13.545</versionTs>
  </com.dotmarketing.portlets.htmlpages.model.HTMLPageVersionInfo>
  <com.dotmarketing.portlets.htmlpages.model.HTMLPageVersionInfo>
    <identifier>cebbdee0-82f8-4fe0-a08d-9326542c1651</identifier>
    <liveInode>a34f0b3e-0dec-436f-bee3-5c7386c79b55</liveInode>
    <workingInode>a34f0b3e-0dec-436f-bee3-5c7386c79b55</workingInode>
    <lockedOn class="sql-timestamp">2012-11-08 14:33:29.319</lockedOn>
    <deleted>false</deleted>
    <versionTs class="sql-timestamp">2012-12-05 15:04:39.587</versionTs>
  </com.dotmarketing.portlets.htmlpages.model.HTMLPageVersionInfo>
  <com.dotmarketing.portlets.htmlpages.model.HTMLPageVersionInfo>
    <identifier>d2f7edd9-5dcf-4125-9a2a-1a3464066994</identifier>
    <liveInode>f76bc06d-066d-4fdc-9d53-a4bc989ec845</liveInode>
    <workingInode>f76bc06d-066d-4fdc-9d53-a4bc989ec845</workingInode>
    <lockedOn class="sql-timestamp">2012-11-14 15:47:18.355</lockedOn>
    <deleted>false</deleted>
    <versionTs class="sql-timestamp">2012-11-14 15:47:18.363</versionTs>
  </com.dotmarketing.portlets.htmlpages.model.HTMLPageVersionInfo>
  <com.dotmarketing.portlets.htmlpages.model.HTMLPageVersionInfo>
    <identifier>d732dd28-0716-4a09-bdc7-486e97437396</identifier>
    <liveInode>c563c188-905b-4f4d-877a-261f42deb029</liveInode>
    <workingInode>c563c188-905b-4f4d-877a-261f42deb029</workingInode>
    <lockedOn class="sql-timestamp">2012-02-01 00:00:00.0</lockedOn>
    <deleted>false</deleted>
    <versionTs class="sql-timestamp">2012-05-04 13:38:28.321738</versionTs>
  </com.dotmarketing.portlets.htmlpages.model.HTMLPageVersionInfo>
  <com.dotmarketing.portlets.htmlpages.model.HTMLPageVersionInfo>
    <identifier>d9f12ac9-e37a-46ba-930d-bdd41d46ab22</identifier>
    <liveInode>edcbd37a-7c89-41f3-b22e-f33283f87538</liveInode>
    <workingInode>edcbd37a-7c89-41f3-b22e-f33283f87538</workingInode>
    <lockedOn class="sql-timestamp">2012-11-08 13:49:24.777</lockedOn>
    <deleted>false</deleted>
    <versionTs class="sql-timestamp">2012-11-08 13:49:24.778</versionTs>
  </com.dotmarketing.portlets.htmlpages.model.HTMLPageVersionInfo>
  <com.dotmarketing.portlets.htmlpages.model.HTMLPageVersionInfo>
    <identifier>dc9d1fcc-a499-44d8-a7f2-397f3da360b6</identifier>
    <liveInode>c283033f-2e51-42e7-a2f1-0bf0d5a7e57b</liveInode>
    <workingInode>c283033f-2e51-42e7-a2f1-0bf0d5a7e57b</workingInode>
    <lockedOn class="sql-timestamp">2012-11-08 13:06:20.087</lockedOn>
    <deleted>false</deleted>
    <versionTs class="sql-timestamp">2012-11-08 13:06:20.089</versionTs>
  </com.dotmarketing.portlets.htmlpages.model.HTMLPageVersionInfo>
  <com.dotmarketing.portlets.htmlpages.model.HTMLPageVersionInfo>
    <identifier>de2bd63b-4f34-415a-b2fc-5e9fa7020b45</identifier>
    <liveInode>80942b35-830d-4a38-a420-893f36e111dd</liveInode>
    <workingInode>80942b35-830d-4a38-a420-893f36e111dd</workingInode>
    <lockedOn class="sql-timestamp">2012-03-20 00:00:00.0</lockedOn>
    <deleted>false</deleted>
    <versionTs class="sql-timestamp">2012-05-04 13:38:28.321738</versionTs>
  </com.dotmarketing.portlets.htmlpages.model.HTMLPageVersionInfo>
  <com.dotmarketing.portlets.htmlpages.model.HTMLPageVersionInfo>
    <identifier>e33153ff-d668-4afe-b055-afc176a51787</identifier>
    <liveInode>2babd376-73a1-4201-9736-9c97ce25dc69</liveInode>
    <workingInode>2babd376-73a1-4201-9736-9c97ce25dc69</workingInode>
    <lockedOn class="sql-timestamp">2012-11-08 13:49:01.924</lockedOn>
    <deleted>false</deleted>
    <versionTs class="sql-timestamp">2012-11-08 13:49:01.925</versionTs>
  </com.dotmarketing.portlets.htmlpages.model.HTMLPageVersionInfo>
  <com.dotmarketing.portlets.htmlpages.model.HTMLPageVersionInfo>
    <identifier>e476a7f6-d252-4a47-be8a-6de4c5d4cc4b</identifier>
    <liveInode>6e44d40b-bff9-40c7-8c03-22639cf7409b</liveInode>
    <workingInode>6e44d40b-bff9-40c7-8c03-22639cf7409b</workingInode>
    <lockedOn class="sql-timestamp">2012-11-08 13:55:21.894</lockedOn>
    <deleted>false</deleted>
    <versionTs class="sql-timestamp">2012-11-08 13:55:21.895</versionTs>
  </com.dotmarketing.portlets.htmlpages.model.HTMLPageVersionInfo>
  <com.dotmarketing.portlets.htmlpages.model.HTMLPageVersionInfo>
    <identifier>e6908634-4747-47f5-b1c6-038473f982a3</identifier>
    <workingInode>727cb975-ee11-4abe-9a31-810b3f4e1933</workingInode>
    <lockedOn class="sql-timestamp">2012-03-01 00:00:00.0</lockedOn>
    <deleted>true</deleted>
    <versionTs class="sql-timestamp">2012-05-04 13:38:28.321738</versionTs>
  </com.dotmarketing.portlets.htmlpages.model.HTMLPageVersionInfo>
  <com.dotmarketing.portlets.htmlpages.model.HTMLPageVersionInfo>
    <identifier>ebc05a98-d211-494f-afb0-582ce6386e24</identifier>
    <liveInode>8fead81f-02c4-453e-927f-67453a15d857</liveInode>
    <workingInode>8fead81f-02c4-453e-927f-67453a15d857</workingInode>
    <lockedOn class="sql-timestamp">2012-11-08 13:52:24.0</lockedOn>
    <deleted>false</deleted>
    <versionTs class="sql-timestamp">2012-11-08 13:52:24.001</versionTs>
  </com.dotmarketing.portlets.htmlpages.model.HTMLPageVersionInfo>
  <com.dotmarketing.portlets.htmlpages.model.HTMLPageVersionInfo>
    <identifier>ed2bfdcc-436a-40fe-be5b-c847c942f34a</identifier>
    <liveInode>bfc542c4-6f34-4940-b97e-84ba091aa841</liveInode>
    <workingInode>bfc542c4-6f34-4940-b97e-84ba091aa841</workingInode>
    <lockedOn class="sql-timestamp">2012-03-19 00:00:00.0</lockedOn>
    <deleted>false</deleted>
    <versionTs class="sql-timestamp">2012-07-06 09:24:31.72</versionTs>
  </com.dotmarketing.portlets.htmlpages.model.HTMLPageVersionInfo>
  <com.dotmarketing.portlets.htmlpages.model.HTMLPageVersionInfo>
    <identifier>ee2a42c9-0845-4b87-b516-2519a87c69a6</identifier>
    <liveInode>d287d6e0-9c87-42a1-8244-e74279356275</liveInode>
    <workingInode>d287d6e0-9c87-42a1-8244-e74279356275</workingInode>
    <lockedOn class="sql-timestamp">2012-03-19 00:00:00.0</lockedOn>
    <deleted>false</deleted>
    <versionTs class="sql-timestamp">2012-05-04 13:38:28.321738</versionTs>
  </com.dotmarketing.portlets.htmlpages.model.HTMLPageVersionInfo>
  <com.dotmarketing.portlets.htmlpages.model.HTMLPageVersionInfo>
    <identifier>ef223c47-b99c-4e50-9dbd-39cc7b68e527</identifier>
    <liveInode>dd20423b-f576-456c-a30c-468979677231</liveInode>
    <workingInode>dd20423b-f576-456c-a30c-468979677231</workingInode>
    <lockedOn class="sql-timestamp">2012-11-08 13:03:01.654</lockedOn>
    <deleted>false</deleted>
    <versionTs class="sql-timestamp">2012-11-08 13:03:01.656</versionTs>
  </com.dotmarketing.portlets.htmlpages.model.HTMLPageVersionInfo>
  <com.dotmarketing.portlets.htmlpages.model.HTMLPageVersionInfo>
    <identifier>f56cf085-247e-4c68-b316-30ad4e6fa2ca</identifier>
    <liveInode>a823cb26-c96f-41af-92e9-3c4bc3002360</liveInode>
    <workingInode>a823cb26-c96f-41af-92e9-3c4bc3002360</workingInode>
    <lockedOn class="sql-timestamp">2012-11-08 12:45:05.188</lockedOn>
    <deleted>false</deleted>
    <versionTs class="sql-timestamp">2012-11-08 12:45:05.189</versionTs>
  </com.dotmarketing.portlets.htmlpages.model.HTMLPageVersionInfo>
  <com.dotmarketing.portlets.htmlpages.model.HTMLPageVersionInfo>
    <identifier>f9fc55e7-557a-4047-a8be-15e5ca69fa62</identifier>
    <liveInode>01328249-cc8d-4d8b-86bf-f70ae9e952b8</liveInode>
    <workingInode>01328249-cc8d-4d8b-86bf-f70ae9e952b8</workingInode>
    <lockedOn class="sql-timestamp">2012-11-08 14:16:05.199</lockedOn>
    <deleted>false</deleted>
    <versionTs class="sql-timestamp">2012-11-08 14:16:05.201</versionTs>
  </com.dotmarketing.portlets.htmlpages.model.HTMLPageVersionInfo>
  <com.dotmarketing.portlets.htmlpages.model.HTMLPageVersionInfo>
    <identifier>fc4fb736-08fa-4277-a82b-44d7bae4d6a1</identifier>
    <liveInode>450eee25-0e63-4f48-aff4-ceb4df1ab6aa</liveInode>
    <workingInode>450eee25-0e63-4f48-aff4-ceb4df1ab6aa</workingInode>
    <lockedOn class="sql-timestamp">2013-02-25 14:58:15.176</lockedOn>
    <deleted>false</deleted>
    <versionTs class="sql-timestamp">2013-02-25 14:58:15.183</versionTs>
  </com.dotmarketing.portlets.htmlpages.model.HTMLPageVersionInfo>
  <com.dotmarketing.portlets.htmlpages.model.HTMLPageVersionInfo>
    <identifier>fd0ff222-bca0-4636-9dc6-29a7f78c74a4</identifier>
    <liveInode>2c0ea599-9bb6-4bcd-a6b6-4f988590d327</liveInode>
    <workingInode>2c0ea599-9bb6-4bcd-a6b6-4f988590d327</workingInode>
    <lockedOn class="sql-timestamp">2012-12-04 17:03:09.263</lockedOn>
    <deleted>false</deleted>
    <versionTs class="sql-timestamp">2012-12-04 17:03:09.265</versionTs>
  </com.dotmarketing.portlets.htmlpages.model.HTMLPageVersionInfo>
  <com.dotmarketing.portlets.htmlpages.model.HTMLPageVersionInfo>
    <identifier>fd4c5695-2f23-42de-8dd5-25d8e856b6ce</identifier>
    <liveInode>53eac4e7-5ec3-47db-83c8-fe83ba75775c</liveInode>
    <workingInode>53eac4e7-5ec3-47db-83c8-fe83ba75775c</workingInode>
    <lockedOn class="sql-timestamp">2012-11-08 13:47:07.082</lockedOn>
    <deleted>false</deleted>
    <versionTs class="sql-timestamp">2012-11-08 13:47:07.084</versionTs>
  </com.dotmarketing.portlets.htmlpages.model.HTMLPageVersionInfo>
  <com.dotmarketing.portlets.htmlpages.model.HTMLPageVersionInfo>
    <identifier>fdeb07ff-6fc3-4237-91d9-728109bc621d</identifier>
    <liveInode>497ec35d-5250-4b8c-af9c-d352f140f810</liveInode>
    <workingInode>497ec35d-5250-4b8c-af9c-d352f140f810</workingInode>
    <lockedOn class="sql-timestamp">2012-11-08 13:13:50.168</lockedOn>
    <deleted>false</deleted>
    <versionTs class="sql-timestamp">2012-11-08 13:13:50.169</versionTs>
  </com.dotmarketing.portlets.htmlpages.model.HTMLPageVersionInfo>
  <com.dotmarketing.portlets.htmlpages.model.HTMLPageVersionInfo>
    <identifier>fe50e1fc-689b-4ba4-b109-9351a8fd2c54</identifier>
    <liveInode>b4e44d44-83f9-4584-92d0-29519aa5314d</liveInode>
    <workingInode>b4e44d44-83f9-4584-92d0-29519aa5314d</workingInode>
    <lockedOn class="sql-timestamp">2013-02-13 08:57:31.122</lockedOn>
    <deleted>false</deleted>
    <versionTs class="sql-timestamp">2013-02-13 08:57:31.123</versionTs>
  </com.dotmarketing.portlets.htmlpages.model.HTMLPageVersionInfo>
</list>