<list>
  <com.dotmarketing.business.LayoutsRoles>
    <id>0074a8b8-e79f-454e-b876-b624725e5702</id>
    <layoutId>34885ddb-3537-4a79-a02c-0550c5087d5c</layoutId>
    <roleId>892ab105-f212-407f-8fb4-58ec59310a5e</roleId>
  </com.dotmarketing.business.LayoutsRoles>
  <com.dotmarketing.business.LayoutsRoles>
    <id>04ab2254-01b2-462b-bbe9-763e996fbfc4</id>
    <layoutId>81c3bb50-9f64-4a39-9027-46ee92192799</layoutId>
    <roleId>dbd027dc-9587-422f-a8be-c7c1ddd08691</roleId>
  </com.dotmarketing.business.LayoutsRoles>
  <com.dotmarketing.business.LayoutsRoles>
    <id>0e690462-4f37-4498-a95d-49b2bf7b1630</id>
    <layoutId>71b8a1ca-37b6-4b6e-a43b-c7482f28db6c</layoutId>
    <roleId>e36988eb-f206-4fd3-a06c-6a746d30a772</roleId>
  </com.dotmarketing.business.LayoutsRoles>
  <com.dotmarketing.business.LayoutsRoles>
    <id>0e8280f6-dbb0-40cc-9e6b-9406ab9f64f3</id>
    <layoutId>71b8a1ca-37b6-4b6e-a43b-c7482f28db6c</layoutId>
    <roleId>02ae46fa-cb67-4ed8-82d5-f1f9a5e1d744</roleId>
  </com.dotmarketing.business.LayoutsRoles>
  <com.dotmarketing.business.LayoutsRoles>
    <id>18599d26-cfe6-4151-a5fa-05ef68ff8a1f</id>
    <layoutId>81c3bb50-9f64-4a39-9027-46ee92192799</layoutId>
    <roleId>f8ac2f2c-d4db-451d-8c5c-165d8276b266</roleId>
  </com.dotmarketing.business.LayoutsRoles>
  <com.dotmarketing.business.LayoutsRoles>
    <id>25010dc1-1209-427a-8108-5555b2a14d9c</id>
    <layoutId>34885ddb-3537-4a79-a02c-0550c5087d5c</layoutId>
    <roleId>db0d2bca-5da5-4c18-b5d7-87f02ba58eb6</roleId>
  </com.dotmarketing.business.LayoutsRoles>
  <com.dotmarketing.business.LayoutsRoles>
    <id>27129375-8565-474e-bd57-3092edd556b6</id>
    <layoutId>56fedb43-dbbf-4ce2-8b77-41fb73bad015</layoutId>
    <roleId>892ab105-f212-407f-8fb4-58ec59310a5e</roleId>
  </com.dotmarketing.business.LayoutsRoles>
  <com.dotmarketing.business.LayoutsRoles>
    <id>27194d1e-b803-40c4-8917-5d96bd6d1862</id>
    <layoutId>71b8a1ca-37b6-4b6e-a43b-c7482f28db6c</layoutId>
    <roleId>1cddb9f9-2443-49f8-a51d-f24f1d7622ac</roleId>
  </com.dotmarketing.business.LayoutsRoles>
  <com.dotmarketing.business.LayoutsRoles>
    <id>52188fdc-ed3a-4dd4-8819-554179cc8384</id>
    <layoutId>34885ddb-3537-4a79-a02c-0550c5087d5c</layoutId>
    <roleId>02ae46fa-cb67-4ed8-82d5-f1f9a5e1d744</roleId>
  </com.dotmarketing.business.LayoutsRoles>
  <com.dotmarketing.business.LayoutsRoles>
    <id>5225f561-7bc0-4218-a96e-8c5151333692</id>
    <layoutId>b7ab5d3c-5ee0-4195-a17e-8f5579d718dd</layoutId>
    <roleId>892ab105-f212-407f-8fb4-58ec59310a5e</roleId>
  </com.dotmarketing.business.LayoutsRoles>
  <com.dotmarketing.business.LayoutsRoles>
    <id>5c867162-efff-442a-ba77-113d9b533a50</id>
    <layoutId>81c3bb50-9f64-4a39-9027-46ee92192799</layoutId>
    <roleId>1cddb9f9-2443-49f8-a51d-f24f1d7622ac</roleId>
  </com.dotmarketing.business.LayoutsRoles>
  <com.dotmarketing.business.LayoutsRoles>
    <id>73484d00-b8bb-4cd3-8f50-0c670ee5bcd5</id>
    <layoutId>b7ab5d3c-5ee0-4195-a17e-8f5579d718dd</layoutId>
    <roleId>02ae46fa-cb67-4ed8-82d5-f1f9a5e1d744</roleId>
  </com.dotmarketing.business.LayoutsRoles>
  <com.dotmarketing.business.LayoutsRoles>
    <id>8d600bce-7b38-490a-80ce-b9402a0cdcf5</id>
    <layoutId>56fedb43-dbbf-4ce2-8b77-41fb73bad015</layoutId>
    <roleId>02ae46fa-cb67-4ed8-82d5-f1f9a5e1d744</roleId>
  </com.dotmarketing.business.LayoutsRoles>
  <com.dotmarketing.business.LayoutsRoles>
    <id>aa3aa071-4ece-48dd-b748-eed5cda37186</id>
    <layoutId>81c3bb50-9f64-4a39-9027-46ee92192799</layoutId>
    <roleId>29e0af9e-0e60-48ee-b9f7-1453d94d9cb6</roleId>
  </com.dotmarketing.business.LayoutsRoles>
  <com.dotmarketing.business.LayoutsRoles>
    <id>ad56e7d3-5c78-4d5c-8cc1-541a1379bb97</id>
    <layoutId>a8e430e3-8010-40cf-ade1-5978e61241a8</layoutId>
    <roleId>892ab105-f212-407f-8fb4-58ec59310a5e</roleId>
  </com.dotmarketing.business.LayoutsRoles>
  <com.dotmarketing.business.LayoutsRoles>
    <id>b1c1eb87-8375-46e8-bed6-a3a22b157945</id>
    <layoutId>81c3bb50-9f64-4a39-9027-46ee92192799</layoutId>
    <roleId>d3e78673-044a-4e1e-a38a-56f48cc6d5a5</roleId>
  </com.dotmarketing.business.LayoutsRoles>
  <com.dotmarketing.business.LayoutsRoles>
    <id>b4500b68-e5a2-4b10-9abc-a32ba2e06c05</id>
    <layoutId>71b8a1ca-37b6-4b6e-a43b-c7482f28db6c</layoutId>
    <roleId>892ab105-f212-407f-8fb4-58ec59310a5e</roleId>
  </com.dotmarketing.business.LayoutsRoles>
  <com.dotmarketing.business.LayoutsRoles>
    <id>ca7c4a40-79de-4348-8dab-d7ceeb5de4e8</id>
    <layoutId>71b8a1ca-37b6-4b6e-a43b-c7482f28db6c</layoutId>
    <roleId>db0d2bca-5da5-4c18-b5d7-87f02ba58eb6</roleId>
  </com.dotmarketing.business.LayoutsRoles>
  <com.dotmarketing.business.LayoutsRoles>
    <id>d0772b07-60ba-44fc-8cbc-f6748750c08d</id>
    <layoutId>931f0b26-92c1-420b-8fbf-e48089040921</layoutId>
    <roleId>db0d2bca-5da5-4c18-b5d7-87f02ba58eb6</roleId>
  </com.dotmarketing.business.LayoutsRoles>
  <com.dotmarketing.business.LayoutsRoles>
    <id>de298a86-b012-4bc5-a514-02f5ea5256a5</id>
    <layoutId>34885ddb-3537-4a79-a02c-0550c5087d5c</layoutId>
    <roleId>e36988eb-f206-4fd3-a06c-6a746d30a772</roleId>
  </com.dotmarketing.business.LayoutsRoles>
  <com.dotmarketing.business.LayoutsRoles>
    <id>f069299b-4ae5-4204-ac93-327b5af064cf</id>
    <layoutId>d36bad18-63e1-4642-9a45-e7c69ba8d4a5</layoutId>
    <roleId>892ab105-f212-407f-8fb4-58ec59310a5e</roleId>
  </com.dotmarketing.business.LayoutsRoles>
  <com.dotmarketing.business.LayoutsRoles>
    <id>f5b8e0d6-b974-4220-b305-b72a6494d198</id>
    <layoutId>a2ba85b5-627a-43da-96c9-d59a0ec3d020</layoutId>
    <roleId>a2d88e69-d575-45ec-9b52-0dc3a51468ed</roleId>
  </com.dotmarketing.business.LayoutsRoles>
</list>