<list>
  <com.dotmarketing.portlets.dashboard.model.DashboardSummary>
    <id>1</id>
    <summaryPeriod>
      <id>1</id>
      <fullDate class="sql-timestamp">2010-12-15 05:00:00.0</fullDate>
      <day>15</day>
      <dayName>Wednesday</dayName>
      <week>3</week>
      <month>12</month>
      <monthName>December</monthName>
      <year>2010</year>
    </summaryPeriod>
    <hostId>48190c8c-42c4-46af-8d1a-0cd5db894797</hostId>
    <visits>2</visits>
    <pageViews>2</pageViews>
    <uniqueVisits>2</uniqueVisits>
    <newVisits>2</newVisits>
    <avgTimeOnSite class="sql-timestamp">1970-01-01 05:00:00.0</avgTimeOnSite>
    <bounceRate>100</bounceRate>
    <directTraffic>2</directTraffic>
    <referringSites>0</referringSites>
    <searchEngines>0</searchEngines>
  </com.dotmarketing.portlets.dashboard.model.DashboardSummary>
  <com.dotmarketing.portlets.dashboard.model.DashboardSummary>
    <id>2</id>
    <summaryPeriod>
      <id>2</id>
      <fullDate class="sql-timestamp">2010-12-16 05:00:00.0</fullDate>
      <day>16</day>
      <dayName>Thusday</dayName>
      <week>3</week>
      <month>12</month>
      <monthName>December</monthName>
      <year>2010</year>
    </summaryPeriod>
    <hostId>48190c8c-42c4-46af-8d1a-0cd5db894797</hostId>
    <visits>3</visits>
    <pageViews>7</pageViews>
    <uniqueVisits>2</uniqueVisits>
    <newVisits>1</newVisits>
    <avgTimeOnSite class="sql-timestamp">1970-01-01 05:01:25.0</avgTimeOnSite>
    <bounceRate>0</bounceRate>
    <directTraffic>3</directTraffic>
    <referringSites>0</referringSites>
    <searchEngines>0</searchEngines>
  </com.dotmarketing.portlets.dashboard.model.DashboardSummary>
  <com.dotmarketing.portlets.dashboard.model.DashboardSummary>
    <id>3</id>
    <summaryPeriod>
      <id>3</id>
      <fullDate class="sql-timestamp">2010-12-17 05:00:00.0</fullDate>
      <day>17</day>
      <dayName>Friday</dayName>
      <week>3</week>
      <month>12</month>
      <monthName>December</monthName>
      <year>2010</year>
    </summaryPeriod>
    <hostId>48190c8c-42c4-46af-8d1a-0cd5db894797</hostId>
    <visits>1</visits>
    <pageViews>1</pageViews>
    <uniqueVisits>1</uniqueVisits>
    <newVisits>0</newVisits>
    <avgTimeOnSite class="sql-timestamp">1970-01-01 05:00:00.0</avgTimeOnSite>
    <bounceRate>100</bounceRate>
    <directTraffic>1</directTraffic>
    <referringSites>0</referringSites>
    <searchEngines>0</searchEngines>
  </com.dotmarketing.portlets.dashboard.model.DashboardSummary>
  <com.dotmarketing.portlets.dashboard.model.DashboardSummary>
    <id>4</id>
    <summaryPeriod>
      <id>4</id>
      <fullDate class="sql-timestamp">2010-12-18 05:00:00.0</fullDate>
      <day>18</day>
      <dayName>Saturday</dayName>
      <week>3</week>
      <month>12</month>
      <monthName>December</monthName>
      <year>2010</year>
    </summaryPeriod>
    <hostId>48190c8c-42c4-46af-8d1a-0cd5db894797</hostId>
    <visits>1</visits>
    <pageViews>3</pageViews>
    <uniqueVisits>1</uniqueVisits>
    <newVisits>0</newVisits>
    <avgTimeOnSite class="sql-timestamp">1970-01-01 05:00:32.0</avgTimeOnSite>
    <bounceRate>0</bounceRate>
    <directTraffic>1</directTraffic>
    <referringSites>0</referringSites>
    <searchEngines>0</searchEngines>
  </com.dotmarketing.portlets.dashboard.model.DashboardSummary>
  <com.dotmarketing.portlets.dashboard.model.DashboardSummary>
    <id>5</id>
    <summaryPeriod>
      <id>5</id>
      <fullDate class="sql-timestamp">2010-12-21 05:00:00.0</fullDate>
      <day>21</day>
      <dayName>Tuesday</dayName>
      <week>4</week>
      <month>12</month>
      <monthName>December</monthName>
      <year>2010</year>
    </summaryPeriod>
    <hostId>48190c8c-42c4-46af-8d1a-0cd5db894797</hostId>
    <visits>3</visits>
    <pageViews>6</pageViews>
    <uniqueVisits>2</uniqueVisits>
    <newVisits>0</newVisits>
    <avgTimeOnSite class="sql-timestamp">1970-01-01 05:00:31.0</avgTimeOnSite>
    <bounceRate>33</bounceRate>
    <directTraffic>3</directTraffic>
    <referringSites>0</referringSites>
    <searchEngines>0</searchEngines>
  </com.dotmarketing.portlets.dashboard.model.DashboardSummary>
  <com.dotmarketing.portlets.dashboard.model.DashboardSummary>
    <id>6</id>
    <summaryPeriod>
      <id>6</id>
      <fullDate class="sql-timestamp">2010-12-28 05:00:00.0</fullDate>
      <day>28</day>
      <dayName>Tuesday</dayName>
      <week>5</week>
      <month>12</month>
      <monthName>December</monthName>
      <year>2010</year>
    </summaryPeriod>
    <hostId>48190c8c-42c4-46af-8d1a-0cd5db894797</hostId>
    <visits>2</visits>
    <pageViews>2</pageViews>
    <uniqueVisits>1</uniqueVisits>
    <newVisits>0</newVisits>
    <avgTimeOnSite class="sql-timestamp">1970-01-01 05:00:00.0</avgTimeOnSite>
    <bounceRate>100</bounceRate>
    <directTraffic>2</directTraffic>
    <referringSites>0</referringSites>
    <searchEngines>0</searchEngines>
  </com.dotmarketing.portlets.dashboard.model.DashboardSummary>
  <com.dotmarketing.portlets.dashboard.model.DashboardSummary>
    <id>7</id>
    <summaryPeriod>
      <id>7</id>
      <fullDate class="sql-timestamp">2013-07-24 04:00:00.0</fullDate>
      <day>24</day>
      <dayName>Wednesday</dayName>
      <week>4</week>
      <month>7</month>
      <monthName>July</monthName>
      <year>2013</year>
    </summaryPeriod>
    <hostId>48190c8c-42c4-46af-8d1a-0cd5db894797</hostId>
    <visits>1</visits>
    <pageViews>2</pageViews>
    <uniqueVisits>1</uniqueVisits>
    <newVisits>1</newVisits>
    <avgTimeOnSite class="sql-timestamp">1970-01-01 05:00:14.0</avgTimeOnSite>
    <bounceRate>0</bounceRate>
    <directTraffic>1</directTraffic>
    <referringSites>0</referringSites>
    <searchEngines>0</searchEngines>
  </com.dotmarketing.portlets.dashboard.model.DashboardSummary>
  <com.dotmarketing.portlets.dashboard.model.DashboardSummary>
    <id>8</id>
    <summaryPeriod>
      <id>8</id>
      <fullDate class="sql-timestamp">2013-07-25 04:00:00.0</fullDate>
      <day>25</day>
      <dayName>Thusday</dayName>
      <week>4</week>
      <month>7</month>
      <monthName>July</monthName>
      <year>2013</year>
    </summaryPeriod>
    <hostId>48190c8c-42c4-46af-8d1a-0cd5db894797</hostId>
    <visits>1</visits>
    <pageViews>2</pageViews>
    <uniqueVisits>1</uniqueVisits>
    <newVisits>0</newVisits>
    <avgTimeOnSite class="sql-timestamp">1970-01-01 05:00:03.0</avgTimeOnSite>
    <bounceRate>0</bounceRate>
    <directTraffic>1</directTraffic>
    <referringSites>0</referringSites>
    <searchEngines>0</searchEngines>
  </com.dotmarketing.portlets.dashboard.model.DashboardSummary>
</list>