<list>
  <com.dotmarketing.portlets.dashboard.model.DashboardSummaryPage>
    <id>1</id>
    <summary>
      <id>1</id>
      <summaryPeriod>
        <id>1</id>
        <fullDate class="sql-timestamp">2010-12-15 05:00:00.0</fullDate>
        <day>15</day>
        <dayName>Wednesday</dayName>
        <week>3</week>
        <month>12</month>
        <monthName>December</monthName>
        <year>2010</year>
      </summaryPeriod>
      <hostId>48190c8c-42c4-46af-8d1a-0cd5db894797</hostId>
      <visits>2</visits>
      <pageViews>2</pageViews>
      <uniqueVisits>2</uniqueVisits>
      <newVisits>2</newVisits>
      <avgTimeOnSite class="sql-timestamp">1970-01-01 05:00:00.0</avgTimeOnSite>
      <bounceRate>100</bounceRate>
      <directTraffic>2</directTraffic>
      <referringSites>0</referringSites>
      <searchEngines>0</searchEngines>
    </summary>
    <inode>d0a15015-63fd-4718-b6a9-63102c67a9ce</inode>
    <uri>/home/index.dot</uri>
    <hits>2</hits>
  </com.dotmarketing.portlets.dashboard.model.DashboardSummaryPage>
  <com.dotmarketing.portlets.dashboard.model.DashboardSummaryPage>
    <id>2</id>
    <summary>
      <id>2</id>
      <summaryPeriod>
        <id>2</id>
        <fullDate class="sql-timestamp">2010-12-16 05:00:00.0</fullDate>
        <day>16</day>
        <dayName>Thusday</dayName>
        <week>3</week>
        <month>12</month>
        <monthName>December</monthName>
        <year>2010</year>
      </summaryPeriod>
      <hostId>48190c8c-42c4-46af-8d1a-0cd5db894797</hostId>
      <visits>3</visits>
      <pageViews>7</pageViews>
      <uniqueVisits>2</uniqueVisits>
      <newVisits>1</newVisits>
      <avgTimeOnSite class="sql-timestamp">1970-01-01 05:01:25.0</avgTimeOnSite>
      <bounceRate>0</bounceRate>
      <directTraffic>3</directTraffic>
      <referringSites>0</referringSites>
      <searchEngines>0</searchEngines>
    </summary>
    <inode>1986838c-fa35-4857-b4b2-4f68b687aa0c</inode>
    <uri>/company/index.dot</uri>
    <hits>1</hits>
  </com.dotmarketing.portlets.dashboard.model.DashboardSummaryPage>
  <com.dotmarketing.portlets.dashboard.model.DashboardSummaryPage>
    <id>3</id>
    <summary reference="../../com.dotmarketing.portlets.dashboard.model.DashboardSummaryPage[2]/summary"/>
    <inode>d0a15015-63fd-4718-b6a9-63102c67a9ce</inode>
    <uri>/home/index.dot</uri>
    <hits>3</hits>
  </com.dotmarketing.portlets.dashboard.model.DashboardSummaryPage>
  <com.dotmarketing.portlets.dashboard.model.DashboardSummaryPage>
    <id>4</id>
    <summary reference="../../com.dotmarketing.portlets.dashboard.model.DashboardSummaryPage[2]/summary"/>
    <inode>fe3d92c6-36c0-410d-983b-d7f548c40d44</inode>
    <uri>/demos/404-override-test.dot</uri>
    <hits>3</hits>
  </com.dotmarketing.portlets.dashboard.model.DashboardSummaryPage>
  <com.dotmarketing.portlets.dashboard.model.DashboardSummaryPage>
    <id>5</id>
    <summary>
      <id>3</id>
      <summaryPeriod>
        <id>3</id>
        <fullDate class="sql-timestamp">2010-12-17 05:00:00.0</fullDate>
        <day>17</day>
        <dayName>Friday</dayName>
        <week>3</week>
        <month>12</month>
        <monthName>December</monthName>
        <year>2010</year>
      </summaryPeriod>
      <hostId>48190c8c-42c4-46af-8d1a-0cd5db894797</hostId>
      <visits>1</visits>
      <pageViews>1</pageViews>
      <uniqueVisits>1</uniqueVisits>
      <newVisits>0</newVisits>
      <avgTimeOnSite class="sql-timestamp">1970-01-01 05:00:00.0</avgTimeOnSite>
      <bounceRate>100</bounceRate>
      <directTraffic>1</directTraffic>
      <referringSites>0</referringSites>
      <searchEngines>0</searchEngines>
    </summary>
    <inode>d0a15015-63fd-4718-b6a9-63102c67a9ce</inode>
    <uri>/home/index.dot</uri>
    <hits>1</hits>
  </com.dotmarketing.portlets.dashboard.model.DashboardSummaryPage>
  <com.dotmarketing.portlets.dashboard.model.DashboardSummaryPage>
    <id>6</id>
    <summary>
      <id>4</id>
      <summaryPeriod>
        <id>4</id>
        <fullDate class="sql-timestamp">2010-12-18 05:00:00.0</fullDate>
        <day>18</day>
        <dayName>Saturday</dayName>
        <week>3</week>
        <month>12</month>
        <monthName>December</monthName>
        <year>2010</year>
      </summaryPeriod>
      <hostId>48190c8c-42c4-46af-8d1a-0cd5db894797</hostId>
      <visits>1</visits>
      <pageViews>3</pageViews>
      <uniqueVisits>1</uniqueVisits>
      <newVisits>0</newVisits>
      <avgTimeOnSite class="sql-timestamp">1970-01-01 05:00:32.0</avgTimeOnSite>
      <bounceRate>0</bounceRate>
      <directTraffic>1</directTraffic>
      <referringSites>0</referringSites>
      <searchEngines>0</searchEngines>
    </summary>
    <inode>fe3d92c6-36c0-410d-983b-d7f548c40d44</inode>
    <uri>/demos/404-override-test.dot</uri>
    <hits>2</hits>
  </com.dotmarketing.portlets.dashboard.model.DashboardSummaryPage>
  <com.dotmarketing.portlets.dashboard.model.DashboardSummaryPage>
    <id>7</id>
    <summary reference="../../com.dotmarketing.portlets.dashboard.model.DashboardSummaryPage[6]/summary"/>
    <inode>d0a15015-63fd-4718-b6a9-63102c67a9ce</inode>
    <uri>/home/index.dot</uri>
    <hits>1</hits>
  </com.dotmarketing.portlets.dashboard.model.DashboardSummaryPage>
  <com.dotmarketing.portlets.dashboard.model.DashboardSummaryPage>
    <id>8</id>
    <summary>
      <id>5</id>
      <summaryPeriod>
        <id>5</id>
        <fullDate class="sql-timestamp">2010-12-21 05:00:00.0</fullDate>
        <day>21</day>
        <dayName>Tuesday</dayName>
        <week>4</week>
        <month>12</month>
        <monthName>December</monthName>
        <year>2010</year>
      </summaryPeriod>
      <hostId>48190c8c-42c4-46af-8d1a-0cd5db894797</hostId>
      <visits>3</visits>
      <pageViews>6</pageViews>
      <uniqueVisits>2</uniqueVisits>
      <newVisits>0</newVisits>
      <avgTimeOnSite class="sql-timestamp">1970-01-01 05:00:31.0</avgTimeOnSite>
      <bounceRate>33</bounceRate>
      <directTraffic>3</directTraffic>
      <referringSites>0</referringSites>
      <searchEngines>0</searchEngines>
    </summary>
    <inode>1986838c-fa35-4857-b4b2-4f68b687aa0c</inode>
    <uri>/company/index.dot</uri>
    <hits>1</hits>
  </com.dotmarketing.portlets.dashboard.model.DashboardSummaryPage>
  <com.dotmarketing.portlets.dashboard.model.DashboardSummaryPage>
    <id>9</id>
    <summary reference="../../com.dotmarketing.portlets.dashboard.model.DashboardSummaryPage[8]/summary"/>
    <inode>d0a15015-63fd-4718-b6a9-63102c67a9ce</inode>
    <uri>/home/index.dot</uri>
    <hits>3</hits>
  </com.dotmarketing.portlets.dashboard.model.DashboardSummaryPage>
  <com.dotmarketing.portlets.dashboard.model.DashboardSummaryPage>
    <id>10</id>
    <summary reference="../../com.dotmarketing.portlets.dashboard.model.DashboardSummaryPage[8]/summary"/>
    <inode>fe3d92c6-36c0-410d-983b-d7f548c40d44</inode>
    <uri>/demos/404-override-test.dot</uri>
    <hits>2</hits>
  </com.dotmarketing.portlets.dashboard.model.DashboardSummaryPage>
  <com.dotmarketing.portlets.dashboard.model.DashboardSummaryPage>
    <id>11</id>
    <summary>
      <id>6</id>
      <summaryPeriod>
        <id>6</id>
        <fullDate class="sql-timestamp">2010-12-28 05:00:00.0</fullDate>
        <day>28</day>
        <dayName>Tuesday</dayName>
        <week>5</week>
        <month>12</month>
        <monthName>December</monthName>
        <year>2010</year>
      </summaryPeriod>
      <hostId>48190c8c-42c4-46af-8d1a-0cd5db894797</hostId>
      <visits>2</visits>
      <pageViews>2</pageViews>
      <uniqueVisits>1</uniqueVisits>
      <newVisits>0</newVisits>
      <avgTimeOnSite class="sql-timestamp">1970-01-01 05:00:00.0</avgTimeOnSite>
      <bounceRate>100</bounceRate>
      <directTraffic>2</directTraffic>
      <referringSites>0</referringSites>
      <searchEngines>0</searchEngines>
    </summary>
    <inode>d0a15015-63fd-4718-b6a9-63102c67a9ce</inode>
    <uri>/home/index.dot</uri>
    <hits>1</hits>
  </com.dotmarketing.portlets.dashboard.model.DashboardSummaryPage>
  <com.dotmarketing.portlets.dashboard.model.DashboardSummaryPage>
    <id>12</id>
    <summary reference="../../com.dotmarketing.portlets.dashboard.model.DashboardSummaryPage[11]/summary"/>
    <inode>fe3d92c6-36c0-410d-983b-d7f548c40d44</inode>
    <uri>/demos/404-override-test.dot</uri>
    <hits>1</hits>
  </com.dotmarketing.portlets.dashboard.model.DashboardSummaryPage>
  <com.dotmarketing.portlets.dashboard.model.DashboardSummaryPage>
    <id>13</id>
    <summary>
      <id>7</id>
      <summaryPeriod>
        <id>7</id>
        <fullDate class="sql-timestamp">2013-07-24 04:00:00.0</fullDate>
        <day>24</day>
        <dayName>Wednesday</dayName>
        <week>4</week>
        <month>7</month>
        <monthName>July</monthName>
        <year>2013</year>
      </summaryPeriod>
      <hostId>48190c8c-42c4-46af-8d1a-0cd5db894797</hostId>
      <visits>1</visits>
      <pageViews>2</pageViews>
      <uniqueVisits>1</uniqueVisits>
      <newVisits>1</newVisits>
      <avgTimeOnSite class="sql-timestamp">1970-01-01 05:00:14.0</avgTimeOnSite>
      <bounceRate>0</bounceRate>
      <directTraffic>1</directTraffic>
      <referringSites>0</referringSites>
      <searchEngines>0</searchEngines>
    </summary>
    <inode>87e5cd64-0329-4a9b-b812-95d9b9f194ac</inode>
    <uri>/application/login/login.html</uri>
    <hits>1</hits>
  </com.dotmarketing.portlets.dashboard.model.DashboardSummaryPage>
  <com.dotmarketing.portlets.dashboard.model.DashboardSummaryPage>
    <id>14</id>
    <summary reference="../../com.dotmarketing.portlets.dashboard.model.DashboardSummaryPage[13]/summary"/>
    <inode>ffecf99d-8fbc-468e-9ab4-2d04db588d8a</inode>
    <uri>/home/index.html</uri>
    <hits>1</hits>
  </com.dotmarketing.portlets.dashboard.model.DashboardSummaryPage>
  <com.dotmarketing.portlets.dashboard.model.DashboardSummaryPage>
    <id>15</id>
    <summary>
      <id>8</id>
      <summaryPeriod>
        <id>8</id>
        <fullDate class="sql-timestamp">2013-07-25 04:00:00.0</fullDate>
        <day>25</day>
        <dayName>Thusday</dayName>
        <week>4</week>
        <month>7</month>
        <monthName>July</monthName>
        <year>2013</year>
      </summaryPeriod>
      <hostId>48190c8c-42c4-46af-8d1a-0cd5db894797</hostId>
      <visits>1</visits>
      <pageViews>2</pageViews>
      <uniqueVisits>1</uniqueVisits>
      <newVisits>0</newVisits>
      <avgTimeOnSite class="sql-timestamp">1970-01-01 05:00:03.0</avgTimeOnSite>
      <bounceRate>0</bounceRate>
      <directTraffic>1</directTraffic>
      <referringSites>0</referringSites>
      <searchEngines>0</searchEngines>
    </summary>
    <inode>87e5cd64-0329-4a9b-b812-95d9b9f194ac</inode>
    <uri>/application/login/login.html</uri>
    <hits>1</hits>
  </com.dotmarketing.portlets.dashboard.model.DashboardSummaryPage>
  <com.dotmarketing.portlets.dashboard.model.DashboardSummaryPage>
    <id>16</id>
    <summary reference="../../com.dotmarketing.portlets.dashboard.model.DashboardSummaryPage[15]/summary"/>
    <inode>ffecf99d-8fbc-468e-9ab4-2d04db588d8a</inode>
    <uri>/home/index.html</uri>
    <hits>1</hits>
  </com.dotmarketing.portlets.dashboard.model.DashboardSummaryPage>
</list>