<list>
  <com.dotmarketing.beans.Tree>
    <parent>20cdf9f1-bf66-4303-92e0-8822f8081cfc</parent>
    <child>03a78010-ee80-4c64-a287-1127685e2226</child>
    <relationType>child</relationType>
    <treeOrder>0</treeOrder>
  </com.dotmarketing.beans.Tree>
  <com.dotmarketing.beans.Tree>
    <parent>20cdf9f1-bf66-4303-92e0-8822f8081cfc</parent>
    <child>0cfe160c-a87a-461c-99f8-49cfc5cdb8c1</child>
    <relationType>child</relationType>
    <treeOrder>0</treeOrder>
  </com.dotmarketing.beans.Tree>
  <com.dotmarketing.beans.Tree>
    <parent>20cdf9f1-bf66-4303-92e0-8822f8081cfc</parent>
    <child>21d3c4d5-7977-490e-b055-ecb7f70c62c5</child>
    <relationType>child</relationType>
    <treeOrder>0</treeOrder>
  </com.dotmarketing.beans.Tree>
  <com.dotmarketing.beans.Tree>
    <parent>20cdf9f1-bf66-4303-92e0-8822f8081cfc</parent>
    <child>2371d21e-799c-4653-a8e4-fe4d0c1b8c22</child>
    <relationType>child</relationType>
    <treeOrder>0</treeOrder>
  </com.dotmarketing.beans.Tree>
  <com.dotmarketing.beans.Tree>
    <parent>20cdf9f1-bf66-4303-92e0-8822f8081cfc</parent>
    <child>23cf1912-4e07-4583-979e-7024496f49ed</child>
    <relationType>child</relationType>
    <treeOrder>0</treeOrder>
  </com.dotmarketing.beans.Tree>
  <com.dotmarketing.beans.Tree>
    <parent>20cdf9f1-bf66-4303-92e0-8822f8081cfc</parent>
    <child>33746712-0ab0-4b9a-970c-cdfb195bd526</child>
    <relationType>child</relationType>
    <treeOrder>0</treeOrder>
  </com.dotmarketing.beans.Tree>
  <com.dotmarketing.beans.Tree>
    <parent>20cdf9f1-bf66-4303-92e0-8822f8081cfc</parent>
    <child>372e0116-b6a4-467f-85a6-e994e2e8f665</child>
    <relationType>child</relationType>
    <treeOrder>0</treeOrder>
  </com.dotmarketing.beans.Tree>
  <com.dotmarketing.beans.Tree>
    <parent>20cdf9f1-bf66-4303-92e0-8822f8081cfc</parent>
    <child>3a64050e-b8f1-44a5-a11c-48b6174c7019</child>
    <relationType>child</relationType>
    <treeOrder>0</treeOrder>
  </com.dotmarketing.beans.Tree>
  <com.dotmarketing.beans.Tree>
    <parent>20cdf9f1-bf66-4303-92e0-8822f8081cfc</parent>
    <child>3f69cbf7-1de8-49d0-856c-ea1101779bf7</child>
    <relationType>child</relationType>
    <treeOrder>0</treeOrder>
  </com.dotmarketing.beans.Tree>
  <com.dotmarketing.beans.Tree>
    <parent>20cdf9f1-bf66-4303-92e0-8822f8081cfc</parent>
    <child>42f0ea0d-6620-4b93-97a6-44dbaee47720</child>
    <relationType>child</relationType>
    <treeOrder>0</treeOrder>
  </com.dotmarketing.beans.Tree>
  <com.dotmarketing.beans.Tree>
    <parent>20cdf9f1-bf66-4303-92e0-8822f8081cfc</parent>
    <child>491fa9ca-bc70-47ee-b3ba-eb7df29bea55</child>
    <relationType>child</relationType>
    <treeOrder>0</treeOrder>
  </com.dotmarketing.beans.Tree>
  <com.dotmarketing.beans.Tree>
    <parent>20cdf9f1-bf66-4303-92e0-8822f8081cfc</parent>
    <child>5092a051-89ac-4cfd-810a-ffe696f4e51f</child>
    <relationType>child</relationType>
    <treeOrder>0</treeOrder>
  </com.dotmarketing.beans.Tree>
  <com.dotmarketing.beans.Tree>
    <parent>20cdf9f1-bf66-4303-92e0-8822f8081cfc</parent>
    <child>8e715d1b-f749-4424-92f9-149381e383d7</child>
    <relationType>child</relationType>
    <treeOrder>0</treeOrder>
  </com.dotmarketing.beans.Tree>
  <com.dotmarketing.beans.Tree>
    <parent>20cdf9f1-bf66-4303-92e0-8822f8081cfc</parent>
    <child>93927f45-bc19-4332-b79d-6b5ebff32225</child>
    <relationType>child</relationType>
    <treeOrder>0</treeOrder>
  </com.dotmarketing.beans.Tree>
  <com.dotmarketing.beans.Tree>
    <parent>20cdf9f1-bf66-4303-92e0-8822f8081cfc</parent>
    <child>947dcbbd-e7fd-4905-b80d-7a8c06f7b895</child>
    <relationType>child</relationType>
    <treeOrder>0</treeOrder>
  </com.dotmarketing.beans.Tree>
  <com.dotmarketing.beans.Tree>
    <parent>20cdf9f1-bf66-4303-92e0-8822f8081cfc</parent>
    <child>97ce21c7-83fa-4504-9aec-003735f28429</child>
    <relationType>child</relationType>
    <treeOrder>0</treeOrder>
  </com.dotmarketing.beans.Tree>
  <com.dotmarketing.beans.Tree>
    <parent>20cdf9f1-bf66-4303-92e0-8822f8081cfc</parent>
    <child>a02bae3f-3023-4f3e-9a70-89f5fd787dc6</child>
    <relationType>child</relationType>
    <treeOrder>0</treeOrder>
  </com.dotmarketing.beans.Tree>
  <com.dotmarketing.beans.Tree>
    <parent>20cdf9f1-bf66-4303-92e0-8822f8081cfc</parent>
    <child>c37e0f1a-4aba-4844-9f4e-4fc2e17d62df</child>
    <relationType>child</relationType>
    <treeOrder>0</treeOrder>
  </com.dotmarketing.beans.Tree>
  <com.dotmarketing.beans.Tree>
    <parent>20cdf9f1-bf66-4303-92e0-8822f8081cfc</parent>
    <child>d0f1c068-80bb-442c-8d9d-a20c9ee38e4e</child>
    <relationType>child</relationType>
    <treeOrder>0</treeOrder>
  </com.dotmarketing.beans.Tree>
  <com.dotmarketing.beans.Tree>
    <parent>20cdf9f1-bf66-4303-92e0-8822f8081cfc</parent>
    <child>dd6b51e5-0edd-4461-9dda-ab0e2281d4f2</child>
    <relationType>child</relationType>
    <treeOrder>0</treeOrder>
  </com.dotmarketing.beans.Tree>
  <com.dotmarketing.beans.Tree>
    <parent>20cdf9f1-bf66-4303-92e0-8822f8081cfc</parent>
    <child>ddfcb080-b11c-46c9-bbf2-c39e81a7cd7a</child>
    <relationType>child</relationType>
    <treeOrder>0</treeOrder>
  </com.dotmarketing.beans.Tree>
  <com.dotmarketing.beans.Tree>
    <parent>20cdf9f1-bf66-4303-92e0-8822f8081cfc</parent>
    <child>ffa70de1-fa07-4027-83be-2b45af375c4b</child>
    <relationType>child</relationType>
    <treeOrder>0</treeOrder>
  </com.dotmarketing.beans.Tree>
  <com.dotmarketing.beans.Tree>
    <parent>375341a2-0912-422f-b903-2602b6105c70</parent>
    <child>3b8c53ec-f6ba-4b81-adef-6b7ed38a8490</child>
    <relationType>child</relationType>
    <treeOrder>0</treeOrder>
  </com.dotmarketing.beans.Tree>
  <com.dotmarketing.beans.Tree>
    <parent>375341a2-0912-422f-b903-2602b6105c70</parent>
    <child>5193736b-b98c-425d-a12c-0391d2bef6a9</child>
    <relationType>child</relationType>
    <treeOrder>0</treeOrder>
  </com.dotmarketing.beans.Tree>
  <com.dotmarketing.beans.Tree>
    <parent>375341a2-0912-422f-b903-2602b6105c70</parent>
    <child>5ad2fb00-74b8-4b44-9954-99787d7457f4</child>
    <relationType>child</relationType>
    <treeOrder>0</treeOrder>
  </com.dotmarketing.beans.Tree>
  <com.dotmarketing.beans.Tree>
    <parent>375341a2-0912-422f-b903-2602b6105c70</parent>
    <child>ac117b80-66f5-4981-9c41-2b47040b8581</child>
    <relationType>child</relationType>
    <treeOrder>0</treeOrder>
  </com.dotmarketing.beans.Tree>
  <com.dotmarketing.beans.Tree>
    <parent>3d5d641b-e5fd-409e-a283-b6fe7ab780d1</parent>
    <child>20cdf9f1-bf66-4303-92e0-8822f8081cfc</child>
    <relationType>child</relationType>
    <treeOrder>0</treeOrder>
  </com.dotmarketing.beans.Tree>
  <com.dotmarketing.beans.Tree>
    <parent>3d5d641b-e5fd-409e-a283-b6fe7ab780d1</parent>
    <child>cf140e2a-d01d-4d48-8ab0-e87aceb22b33</child>
    <relationType>child</relationType>
    <treeOrder>0</treeOrder>
  </com.dotmarketing.beans.Tree>
  <com.dotmarketing.beans.Tree>
    <parent>3d5d641b-e5fd-409e-a283-b6fe7ab780d1</parent>
    <child>d1e963ee-b6ba-4ca6-b060-5f696437a328</child>
    <relationType>child</relationType>
    <treeOrder>0</treeOrder>
  </com.dotmarketing.beans.Tree>
  <com.dotmarketing.beans.Tree>
    <parent>3d5d641b-e5fd-409e-a283-b6fe7ab780d1</parent>
    <child>ede13663-ff06-4d01-ab99-a8976e995010</child>
    <relationType>child</relationType>
    <treeOrder>0</treeOrder>
  </com.dotmarketing.beans.Tree>
  <com.dotmarketing.beans.Tree>
    <parent>5193736b-b98c-425d-a12c-0391d2bef6a9</parent>
    <child>95205fbc-5773-46fa-be47-60dfeb29e3ab</child>
    <relationType>child</relationType>
    <treeOrder>0</treeOrder>
  </com.dotmarketing.beans.Tree>
  <com.dotmarketing.beans.Tree>
    <parent>5193736b-b98c-425d-a12c-0391d2bef6a9</parent>
    <child>b76d3882-81d8-49b8-bcdb-e2c4a43cf372</child>
    <relationType>child</relationType>
    <treeOrder>0</treeOrder>
  </com.dotmarketing.beans.Tree>
  <com.dotmarketing.beans.Tree>
    <parent>5193736b-b98c-425d-a12c-0391d2bef6a9</parent>
    <child>f8fe7e72-1b1c-4767-af93-ac8fccd737b1</child>
    <relationType>child</relationType>
    <treeOrder>0</treeOrder>
  </com.dotmarketing.beans.Tree>
  <com.dotmarketing.beans.Tree>
    <parent>5193736b-b98c-425d-a12c-0391d2bef6a9</parent>
    <child>fefc7174-180c-4e17-8ee0-f00e4891ea6b</child>
    <relationType>child</relationType>
    <treeOrder>0</treeOrder>
  </com.dotmarketing.beans.Tree>
  <com.dotmarketing.beans.Tree>
    <parent>cf140e2a-d01d-4d48-8ab0-e87aceb22b33</parent>
    <child>0cfe160c-a87a-461c-99f8-49cfc5cdb8c1</child>
    <relationType>child</relationType>
    <treeOrder>0</treeOrder>
  </com.dotmarketing.beans.Tree>
  <com.dotmarketing.beans.Tree>
    <parent>cf140e2a-d01d-4d48-8ab0-e87aceb22b33</parent>
    <child>194088bc-9e7d-4e8b-aab4-7d0ad5e40d40</child>
    <relationType>child</relationType>
    <treeOrder>0</treeOrder>
  </com.dotmarketing.beans.Tree>
  <com.dotmarketing.beans.Tree>
    <parent>cf140e2a-d01d-4d48-8ab0-e87aceb22b33</parent>
    <child>2371d21e-799c-4653-a8e4-fe4d0c1b8c22</child>
    <relationType>child</relationType>
    <treeOrder>0</treeOrder>
  </com.dotmarketing.beans.Tree>
  <com.dotmarketing.beans.Tree>
    <parent>cf140e2a-d01d-4d48-8ab0-e87aceb22b33</parent>
    <child>2b2f37ef-d908-4841-ad43-f19c5e6b9680</child>
    <relationType>child</relationType>
    <treeOrder>0</treeOrder>
  </com.dotmarketing.beans.Tree>
  <com.dotmarketing.beans.Tree>
    <parent>cf140e2a-d01d-4d48-8ab0-e87aceb22b33</parent>
    <child>3a64050e-b8f1-44a5-a11c-48b6174c7019</child>
    <relationType>child</relationType>
    <treeOrder>0</treeOrder>
  </com.dotmarketing.beans.Tree>
  <com.dotmarketing.beans.Tree>
    <parent>cf140e2a-d01d-4d48-8ab0-e87aceb22b33</parent>
    <child>3f69cbf7-1de8-49d0-856c-ea1101779bf7</child>
    <relationType>child</relationType>
    <treeOrder>0</treeOrder>
  </com.dotmarketing.beans.Tree>
  <com.dotmarketing.beans.Tree>
    <parent>cf140e2a-d01d-4d48-8ab0-e87aceb22b33</parent>
    <child>42f0ea0d-6620-4b93-97a6-44dbaee47720</child>
    <relationType>child</relationType>
    <treeOrder>0</treeOrder>
  </com.dotmarketing.beans.Tree>
  <com.dotmarketing.beans.Tree>
    <parent>cf140e2a-d01d-4d48-8ab0-e87aceb22b33</parent>
    <child>46e54019-8c8e-4f39-8aae-b265699b4271</child>
    <relationType>child</relationType>
    <treeOrder>0</treeOrder>
  </com.dotmarketing.beans.Tree>
  <com.dotmarketing.beans.Tree>
    <parent>cf140e2a-d01d-4d48-8ab0-e87aceb22b33</parent>
    <child>491fa9ca-bc70-47ee-b3ba-eb7df29bea55</child>
    <relationType>child</relationType>
    <treeOrder>0</treeOrder>
  </com.dotmarketing.beans.Tree>
  <com.dotmarketing.beans.Tree>
    <parent>cf140e2a-d01d-4d48-8ab0-e87aceb22b33</parent>
    <child>5092a051-89ac-4cfd-810a-ffe696f4e51f</child>
    <relationType>child</relationType>
    <treeOrder>0</treeOrder>
  </com.dotmarketing.beans.Tree>
  <com.dotmarketing.beans.Tree>
    <parent>cf140e2a-d01d-4d48-8ab0-e87aceb22b33</parent>
    <child>5df408be-a18e-4d16-baa2-3558019a5310</child>
    <relationType>child</relationType>
    <treeOrder>0</treeOrder>
  </com.dotmarketing.beans.Tree>
  <com.dotmarketing.beans.Tree>
    <parent>cf140e2a-d01d-4d48-8ab0-e87aceb22b33</parent>
    <child>734944ff-6f02-4337-b9fe-aef3c372dad8</child>
    <relationType>child</relationType>
    <treeOrder>0</treeOrder>
  </com.dotmarketing.beans.Tree>
  <com.dotmarketing.beans.Tree>
    <parent>cf140e2a-d01d-4d48-8ab0-e87aceb22b33</parent>
    <child>78433a9c-eb28-403a-8398-158f5492d9fb</child>
    <relationType>child</relationType>
    <treeOrder>0</treeOrder>
  </com.dotmarketing.beans.Tree>
  <com.dotmarketing.beans.Tree>
    <parent>cf140e2a-d01d-4d48-8ab0-e87aceb22b33</parent>
    <child>a02bae3f-3023-4f3e-9a70-89f5fd787dc6</child>
    <relationType>child</relationType>
    <treeOrder>0</treeOrder>
  </com.dotmarketing.beans.Tree>
  <com.dotmarketing.beans.Tree>
    <parent>cf140e2a-d01d-4d48-8ab0-e87aceb22b33</parent>
    <child>a5cb354e-7803-4f6d-9b1b-cd34a2af5214</child>
    <relationType>child</relationType>
    <treeOrder>0</treeOrder>
  </com.dotmarketing.beans.Tree>
  <com.dotmarketing.beans.Tree>
    <parent>cf140e2a-d01d-4d48-8ab0-e87aceb22b33</parent>
    <child>c37e0f1a-4aba-4844-9f4e-4fc2e17d62df</child>
    <relationType>child</relationType>
    <treeOrder>0</treeOrder>
  </com.dotmarketing.beans.Tree>
  <com.dotmarketing.beans.Tree>
    <parent>cf140e2a-d01d-4d48-8ab0-e87aceb22b33</parent>
    <child>c92c8b55-9cb1-4853-aaaf-6ffbdacf0a23</child>
    <relationType>child</relationType>
    <treeOrder>0</treeOrder>
  </com.dotmarketing.beans.Tree>
  <com.dotmarketing.beans.Tree>
    <parent>cf140e2a-d01d-4d48-8ab0-e87aceb22b33</parent>
    <child>d0f1c068-80bb-442c-8d9d-a20c9ee38e4e</child>
    <relationType>child</relationType>
    <treeOrder>0</treeOrder>
  </com.dotmarketing.beans.Tree>
  <com.dotmarketing.beans.Tree>
    <parent>cf140e2a-d01d-4d48-8ab0-e87aceb22b33</parent>
    <child>dd6b51e5-0edd-4461-9dda-ab0e2281d4f2</child>
    <relationType>child</relationType>
    <treeOrder>0</treeOrder>
  </com.dotmarketing.beans.Tree>
  <com.dotmarketing.beans.Tree>
    <parent>d1e963ee-b6ba-4ca6-b060-5f696437a328</parent>
    <child>03a78010-ee80-4c64-a287-1127685e2226</child>
    <relationType>child</relationType>
    <treeOrder>0</treeOrder>
  </com.dotmarketing.beans.Tree>
  <com.dotmarketing.beans.Tree>
    <parent>d1e963ee-b6ba-4ca6-b060-5f696437a328</parent>
    <child>0cfe160c-a87a-461c-99f8-49cfc5cdb8c1</child>
    <relationType>child</relationType>
    <treeOrder>0</treeOrder>
  </com.dotmarketing.beans.Tree>
  <com.dotmarketing.beans.Tree>
    <parent>d1e963ee-b6ba-4ca6-b060-5f696437a328</parent>
    <child>0d41b058-d8cc-4019-a954-489d127b7b89</child>
    <relationType>child</relationType>
    <treeOrder>0</treeOrder>
  </com.dotmarketing.beans.Tree>
  <com.dotmarketing.beans.Tree>
    <parent>d1e963ee-b6ba-4ca6-b060-5f696437a328</parent>
    <child>194088bc-9e7d-4e8b-aab4-7d0ad5e40d40</child>
    <relationType>child</relationType>
    <treeOrder>0</treeOrder>
  </com.dotmarketing.beans.Tree>
  <com.dotmarketing.beans.Tree>
    <parent>d1e963ee-b6ba-4ca6-b060-5f696437a328</parent>
    <child>21d3c4d5-7977-490e-b055-ecb7f70c62c5</child>
    <relationType>child</relationType>
    <treeOrder>0</treeOrder>
  </com.dotmarketing.beans.Tree>
  <com.dotmarketing.beans.Tree>
    <parent>d1e963ee-b6ba-4ca6-b060-5f696437a328</parent>
    <child>2371d21e-799c-4653-a8e4-fe4d0c1b8c22</child>
    <relationType>child</relationType>
    <treeOrder>0</treeOrder>
  </com.dotmarketing.beans.Tree>
  <com.dotmarketing.beans.Tree>
    <parent>d1e963ee-b6ba-4ca6-b060-5f696437a328</parent>
    <child>23cf1912-4e07-4583-979e-7024496f49ed</child>
    <relationType>child</relationType>
    <treeOrder>0</treeOrder>
  </com.dotmarketing.beans.Tree>
  <com.dotmarketing.beans.Tree>
    <parent>d1e963ee-b6ba-4ca6-b060-5f696437a328</parent>
    <child>32e39479-9a2b-482e-868b-8d90ee26b1c1</child>
    <relationType>child</relationType>
    <treeOrder>0</treeOrder>
  </com.dotmarketing.beans.Tree>
  <com.dotmarketing.beans.Tree>
    <parent>d1e963ee-b6ba-4ca6-b060-5f696437a328</parent>
    <child>372e0116-b6a4-467f-85a6-e994e2e8f665</child>
    <relationType>child</relationType>
    <treeOrder>0</treeOrder>
  </com.dotmarketing.beans.Tree>
  <com.dotmarketing.beans.Tree>
    <parent>d1e963ee-b6ba-4ca6-b060-5f696437a328</parent>
    <child>3f69cbf7-1de8-49d0-856c-ea1101779bf7</child>
    <relationType>child</relationType>
    <treeOrder>0</treeOrder>
  </com.dotmarketing.beans.Tree>
  <com.dotmarketing.beans.Tree>
    <parent>d1e963ee-b6ba-4ca6-b060-5f696437a328</parent>
    <child>42f0ea0d-6620-4b93-97a6-44dbaee47720</child>
    <relationType>child</relationType>
    <treeOrder>0</treeOrder>
  </com.dotmarketing.beans.Tree>
  <com.dotmarketing.beans.Tree>
    <parent>d1e963ee-b6ba-4ca6-b060-5f696437a328</parent>
    <child>46e54019-8c8e-4f39-8aae-b265699b4271</child>
    <relationType>child</relationType>
    <treeOrder>0</treeOrder>
  </com.dotmarketing.beans.Tree>
  <com.dotmarketing.beans.Tree>
    <parent>d1e963ee-b6ba-4ca6-b060-5f696437a328</parent>
    <child>5092a051-89ac-4cfd-810a-ffe696f4e51f</child>
    <relationType>child</relationType>
    <treeOrder>0</treeOrder>
  </com.dotmarketing.beans.Tree>
  <com.dotmarketing.beans.Tree>
    <parent>d1e963ee-b6ba-4ca6-b060-5f696437a328</parent>
    <child>5df408be-a18e-4d16-baa2-3558019a5310</child>
    <relationType>child</relationType>
    <treeOrder>0</treeOrder>
  </com.dotmarketing.beans.Tree>
  <com.dotmarketing.beans.Tree>
    <parent>d1e963ee-b6ba-4ca6-b060-5f696437a328</parent>
    <child>6fb75a8a-33df-4ece-a848-e045067e697d</child>
    <relationType>child</relationType>
    <treeOrder>0</treeOrder>
  </com.dotmarketing.beans.Tree>
  <com.dotmarketing.beans.Tree>
    <parent>d1e963ee-b6ba-4ca6-b060-5f696437a328</parent>
    <child>7e52bc6b-ac58-4597-abec-8d16b56b60f6</child>
    <relationType>child</relationType>
    <treeOrder>0</treeOrder>
  </com.dotmarketing.beans.Tree>
  <com.dotmarketing.beans.Tree>
    <parent>d1e963ee-b6ba-4ca6-b060-5f696437a328</parent>
    <child>84753c9f-3519-43d2-bf5f-5d124f1d022f</child>
    <relationType>child</relationType>
    <treeOrder>0</treeOrder>
  </com.dotmarketing.beans.Tree>
  <com.dotmarketing.beans.Tree>
    <parent>d1e963ee-b6ba-4ca6-b060-5f696437a328</parent>
    <child>8ba63181-d815-4ba5-b32c-23860689948f</child>
    <relationType>child</relationType>
    <treeOrder>0</treeOrder>
  </com.dotmarketing.beans.Tree>
  <com.dotmarketing.beans.Tree>
    <parent>d1e963ee-b6ba-4ca6-b060-5f696437a328</parent>
    <child>97ce21c7-83fa-4504-9aec-003735f28429</child>
    <relationType>child</relationType>
    <treeOrder>0</treeOrder>
  </com.dotmarketing.beans.Tree>
  <com.dotmarketing.beans.Tree>
    <parent>d1e963ee-b6ba-4ca6-b060-5f696437a328</parent>
    <child>9df30e6a-c495-43e9-af89-1051ecd90ae4</child>
    <relationType>child</relationType>
    <treeOrder>0</treeOrder>
  </com.dotmarketing.beans.Tree>
  <com.dotmarketing.beans.Tree>
    <parent>d1e963ee-b6ba-4ca6-b060-5f696437a328</parent>
    <child>a02bae3f-3023-4f3e-9a70-89f5fd787dc6</child>
    <relationType>child</relationType>
    <treeOrder>0</treeOrder>
  </com.dotmarketing.beans.Tree>
  <com.dotmarketing.beans.Tree>
    <parent>d1e963ee-b6ba-4ca6-b060-5f696437a328</parent>
    <child>a5cb354e-7803-4f6d-9b1b-cd34a2af5214</child>
    <relationType>child</relationType>
    <treeOrder>0</treeOrder>
  </com.dotmarketing.beans.Tree>
  <com.dotmarketing.beans.Tree>
    <parent>d1e963ee-b6ba-4ca6-b060-5f696437a328</parent>
    <child>af4305bc-88bd-4c7b-a5e9-daec153286ea</child>
    <relationType>child</relationType>
    <treeOrder>0</treeOrder>
  </com.dotmarketing.beans.Tree>
  <com.dotmarketing.beans.Tree>
    <parent>d1e963ee-b6ba-4ca6-b060-5f696437a328</parent>
    <child>b4ffa2d4-2ced-4ad9-8a84-db471957085d</child>
    <relationType>child</relationType>
    <treeOrder>0</treeOrder>
  </com.dotmarketing.beans.Tree>
  <com.dotmarketing.beans.Tree>
    <parent>d1e963ee-b6ba-4ca6-b060-5f696437a328</parent>
    <child>c37e0f1a-4aba-4844-9f4e-4fc2e17d62df</child>
    <relationType>child</relationType>
    <treeOrder>0</treeOrder>
  </com.dotmarketing.beans.Tree>
  <com.dotmarketing.beans.Tree>
    <parent>d1e963ee-b6ba-4ca6-b060-5f696437a328</parent>
    <child>c92c8b55-9cb1-4853-aaaf-6ffbdacf0a23</child>
    <relationType>child</relationType>
    <treeOrder>0</treeOrder>
  </com.dotmarketing.beans.Tree>
  <com.dotmarketing.beans.Tree>
    <parent>d1e963ee-b6ba-4ca6-b060-5f696437a328</parent>
    <child>d0f1c068-80bb-442c-8d9d-a20c9ee38e4e</child>
    <relationType>child</relationType>
    <treeOrder>0</treeOrder>
  </com.dotmarketing.beans.Tree>
  <com.dotmarketing.beans.Tree>
    <parent>d1e963ee-b6ba-4ca6-b060-5f696437a328</parent>
    <child>dd6b51e5-0edd-4461-9dda-ab0e2281d4f2</child>
    <relationType>child</relationType>
    <treeOrder>0</treeOrder>
  </com.dotmarketing.beans.Tree>
  <com.dotmarketing.beans.Tree>
    <parent>d1e963ee-b6ba-4ca6-b060-5f696437a328</parent>
    <child>ea4edb26-ba9e-41e2-890f-ee9dd50337cc</child>
    <relationType>child</relationType>
    <treeOrder>0</treeOrder>
  </com.dotmarketing.beans.Tree>
  <com.dotmarketing.beans.Tree>
    <parent>ede13663-ff06-4d01-ab99-a8976e995010</parent>
    <child>03a78010-ee80-4c64-a287-1127685e2226</child>
    <relationType>child</relationType>
    <treeOrder>0</treeOrder>
  </com.dotmarketing.beans.Tree>
  <com.dotmarketing.beans.Tree>
    <parent>ede13663-ff06-4d01-ab99-a8976e995010</parent>
    <child>066da6f4-5794-4381-af63-8c36b89a8058</child>
    <relationType>child</relationType>
    <treeOrder>0</treeOrder>
  </com.dotmarketing.beans.Tree>
  <com.dotmarketing.beans.Tree>
    <parent>ede13663-ff06-4d01-ab99-a8976e995010</parent>
    <child>09d891da-0e10-4ba0-8683-7e97d6d581a9</child>
    <relationType>child</relationType>
    <treeOrder>0</treeOrder>
  </com.dotmarketing.beans.Tree>
  <com.dotmarketing.beans.Tree>
    <parent>ede13663-ff06-4d01-ab99-a8976e995010</parent>
    <child>23cf1912-4e07-4583-979e-7024496f49ed</child>
    <relationType>child</relationType>
    <treeOrder>0</treeOrder>
  </com.dotmarketing.beans.Tree>
  <com.dotmarketing.beans.Tree>
    <parent>ede13663-ff06-4d01-ab99-a8976e995010</parent>
    <child>30d24954-c770-45f5-b0cc-4eb2f345ec0b</child>
    <relationType>child</relationType>
    <treeOrder>0</treeOrder>
  </com.dotmarketing.beans.Tree>
  <com.dotmarketing.beans.Tree>
    <parent>ede13663-ff06-4d01-ab99-a8976e995010</parent>
    <child>372e0116-b6a4-467f-85a6-e994e2e8f665</child>
    <relationType>child</relationType>
    <treeOrder>0</treeOrder>
  </com.dotmarketing.beans.Tree>
  <com.dotmarketing.beans.Tree>
    <parent>ede13663-ff06-4d01-ab99-a8976e995010</parent>
    <child>3f69cbf7-1de8-49d0-856c-ea1101779bf7</child>
    <relationType>child</relationType>
    <treeOrder>0</treeOrder>
  </com.dotmarketing.beans.Tree>
  <com.dotmarketing.beans.Tree>
    <parent>ede13663-ff06-4d01-ab99-a8976e995010</parent>
    <child>48044160-a98e-46bd-847c-ccab9cd40eea</child>
    <relationType>child</relationType>
    <treeOrder>0</treeOrder>
  </com.dotmarketing.beans.Tree>
  <com.dotmarketing.beans.Tree>
    <parent>ede13663-ff06-4d01-ab99-a8976e995010</parent>
    <child>49bc516b-37ce-43c2-a05c-8827cfb86529</child>
    <relationType>child</relationType>
    <treeOrder>0</treeOrder>
  </com.dotmarketing.beans.Tree>
  <com.dotmarketing.beans.Tree>
    <parent>ede13663-ff06-4d01-ab99-a8976e995010</parent>
    <child>5092a051-89ac-4cfd-810a-ffe696f4e51f</child>
    <relationType>child</relationType>
    <treeOrder>0</treeOrder>
  </com.dotmarketing.beans.Tree>
  <com.dotmarketing.beans.Tree>
    <parent>ede13663-ff06-4d01-ab99-a8976e995010</parent>
    <child>5945aafe-a815-4373-bad7-3da33f4d5ac9</child>
    <relationType>child</relationType>
    <treeOrder>0</treeOrder>
  </com.dotmarketing.beans.Tree>
  <com.dotmarketing.beans.Tree>
    <parent>ede13663-ff06-4d01-ab99-a8976e995010</parent>
    <child>61aa6495-a03c-46a3-b149-7b54dad34217</child>
    <relationType>child</relationType>
    <treeOrder>0</treeOrder>
  </com.dotmarketing.beans.Tree>
  <com.dotmarketing.beans.Tree>
    <parent>ede13663-ff06-4d01-ab99-a8976e995010</parent>
    <child>61e2c8ca-2817-49e4-89c2-6a4350a7bfe0</child>
    <relationType>child</relationType>
    <treeOrder>0</treeOrder>
  </com.dotmarketing.beans.Tree>
  <com.dotmarketing.beans.Tree>
    <parent>ede13663-ff06-4d01-ab99-a8976e995010</parent>
    <child>656c0467-0fce-478a-8b90-3b51b2bfa5bb</child>
    <relationType>child</relationType>
    <treeOrder>0</treeOrder>
  </com.dotmarketing.beans.Tree>
  <com.dotmarketing.beans.Tree>
    <parent>ede13663-ff06-4d01-ab99-a8976e995010</parent>
    <child>7e52bc6b-ac58-4597-abec-8d16b56b60f6</child>
    <relationType>child</relationType>
    <treeOrder>0</treeOrder>
  </com.dotmarketing.beans.Tree>
  <com.dotmarketing.beans.Tree>
    <parent>ede13663-ff06-4d01-ab99-a8976e995010</parent>
    <child>80b62085-e5c5-467b-82e5-73df2e71738d</child>
    <relationType>child</relationType>
    <treeOrder>0</treeOrder>
  </com.dotmarketing.beans.Tree>
  <com.dotmarketing.beans.Tree>
    <parent>ede13663-ff06-4d01-ab99-a8976e995010</parent>
    <child>840385e2-42e2-4d75-af65-12eee34b9fc4</child>
    <relationType>child</relationType>
    <treeOrder>0</treeOrder>
  </com.dotmarketing.beans.Tree>
  <com.dotmarketing.beans.Tree>
    <parent>ede13663-ff06-4d01-ab99-a8976e995010</parent>
    <child>84753c9f-3519-43d2-bf5f-5d124f1d022f</child>
    <relationType>child</relationType>
    <treeOrder>0</treeOrder>
  </com.dotmarketing.beans.Tree>
  <com.dotmarketing.beans.Tree>
    <parent>ede13663-ff06-4d01-ab99-a8976e995010</parent>
    <child>92bbfd59-a966-41a2-9f2d-f2b25fca4548</child>
    <relationType>child</relationType>
    <treeOrder>0</treeOrder>
  </com.dotmarketing.beans.Tree>
  <com.dotmarketing.beans.Tree>
    <parent>ede13663-ff06-4d01-ab99-a8976e995010</parent>
    <child>95bfa8cf-5078-4ee8-9d99-5b890b3f13e0</child>
    <relationType>child</relationType>
    <treeOrder>0</treeOrder>
  </com.dotmarketing.beans.Tree>
  <com.dotmarketing.beans.Tree>
    <parent>ede13663-ff06-4d01-ab99-a8976e995010</parent>
    <child>a02bae3f-3023-4f3e-9a70-89f5fd787dc6</child>
    <relationType>child</relationType>
    <treeOrder>0</treeOrder>
  </com.dotmarketing.beans.Tree>
  <com.dotmarketing.beans.Tree>
    <parent>ede13663-ff06-4d01-ab99-a8976e995010</parent>
    <child>a5cb354e-7803-4f6d-9b1b-cd34a2af5214</child>
    <relationType>child</relationType>
    <treeOrder>0</treeOrder>
  </com.dotmarketing.beans.Tree>
  <com.dotmarketing.beans.Tree>
    <parent>ede13663-ff06-4d01-ab99-a8976e995010</parent>
    <child>b4ffa2d4-2ced-4ad9-8a84-db471957085d</child>
    <relationType>child</relationType>
    <treeOrder>0</treeOrder>
  </com.dotmarketing.beans.Tree>
  <com.dotmarketing.beans.Tree>
    <parent>ede13663-ff06-4d01-ab99-a8976e995010</parent>
    <child>c227695d-11db-485d-aa65-2439db27a664</child>
    <relationType>child</relationType>
    <treeOrder>0</treeOrder>
  </com.dotmarketing.beans.Tree>
  <com.dotmarketing.beans.Tree>
    <parent>ede13663-ff06-4d01-ab99-a8976e995010</parent>
    <child>c37e0f1a-4aba-4844-9f4e-4fc2e17d62df</child>
    <relationType>child</relationType>
    <treeOrder>0</treeOrder>
  </com.dotmarketing.beans.Tree>
  <com.dotmarketing.beans.Tree>
    <parent>ede13663-ff06-4d01-ab99-a8976e995010</parent>
    <child>d0f1c068-80bb-442c-8d9d-a20c9ee38e4e</child>
    <relationType>child</relationType>
    <treeOrder>0</treeOrder>
  </com.dotmarketing.beans.Tree>
  <com.dotmarketing.beans.Tree>
    <parent>ede13663-ff06-4d01-ab99-a8976e995010</parent>
    <child>dba14aac-879b-4d23-8bbd-c9b8b10353bf</child>
    <relationType>child</relationType>
    <treeOrder>0</treeOrder>
  </com.dotmarketing.beans.Tree>
  <com.dotmarketing.beans.Tree>
    <parent>ede13663-ff06-4d01-ab99-a8976e995010</parent>
    <child>fdbd8ff1-6b09-4e12-a65a-c74a21eb44e6</child>
    <relationType>child</relationType>
    <treeOrder>0</treeOrder>
  </com.dotmarketing.beans.Tree>
  <com.dotmarketing.beans.Tree>
    <parent>0c69da5c-2a05-452f-9305-3be6926d5079</parent>
    <child>37f93fcb-6124-46af-83b4-9ece6c1c5380</child>
    <relationType>Parent_Location-Child_Employee</relationType>
    <treeOrder>1</treeOrder>
  </com.dotmarketing.beans.Tree>
  <com.dotmarketing.beans.Tree>
    <parent>146f45d6-94e1-4abe-9516-05e1e265efec</parent>
    <child>bb9d11fa-8c47-4824-adec-f4339cc00446</child>
    <relationType>Blog-Comments</relationType>
    <treeOrder>1</treeOrder>
  </com.dotmarketing.beans.Tree>
  <com.dotmarketing.beans.Tree>
    <parent>1626</parent>
    <child>171</child>
    <relationType>News_Item-Comments</relationType>
    <treeOrder>1</treeOrder>
  </com.dotmarketing.beans.Tree>
  <com.dotmarketing.beans.Tree>
    <parent>171</parent>
    <child>1626</child>
    <relationType>News_Item-Comments</relationType>
    <treeOrder>1</treeOrder>
  </com.dotmarketing.beans.Tree>
  <com.dotmarketing.beans.Tree>
    <parent>26228bcd-b869-4872-8c38-e96c627bf6e4</parent>
    <child>cabc28d7-9df7-4f45-8eaa-a36abd279d96</child>
    <relationType>Parent_Location-Child_Employee</relationType>
    <treeOrder>1</treeOrder>
  </com.dotmarketing.beans.Tree>
  <com.dotmarketing.beans.Tree>
    <parent>2943b5eb-9105-4dcf-a1c7-87a9d4dc92a6</parent>
    <child>e6689690-786c-457f-a6b1-ee3d44b155e4</child>
    <relationType>Parent_News-Child_Media</relationType>
    <treeOrder>1</treeOrder>
  </com.dotmarketing.beans.Tree>
  <com.dotmarketing.beans.Tree>
    <parent>4276faea-048f-44ef-ba68-70de8f99e6ba</parent>
    <child>61d074f1-844d-44dc-8d31-407e1cc24029</child>
    <relationType>Parent_Location-Child_Employee</relationType>
    <treeOrder>1</treeOrder>
  </com.dotmarketing.beans.Tree>
  <com.dotmarketing.beans.Tree>
    <parent>4b3622b7-75e5-4ab7-9171-20a02954a142</parent>
    <child>29aefa2f-2aef-4a56-b15e-20e812cf2c30</child>
    <relationType>Comments-Comments</relationType>
    <treeOrder>1</treeOrder>
  </com.dotmarketing.beans.Tree>
  <com.dotmarketing.beans.Tree>
    <parent>558940cc-9f7b-4a9b-8e27-a8e70c8245e1</parent>
    <child>38619c2f-b8fc-45fc-87b1-7eeea1fdb9fb</child>
    <relationType>Parent_Location-Child_Employee</relationType>
    <treeOrder>1</treeOrder>
  </com.dotmarketing.beans.Tree>
  <com.dotmarketing.beans.Tree>
    <parent>6f19f0a0-f407-4f4c-8c01-58daf6659321</parent>
    <child>05b04a4f-f1b5-45b5-bcb7-79c9b002a5cf</child>
    <relationType>Parent_Location-Child_Employee</relationType>
    <treeOrder>1</treeOrder>
  </com.dotmarketing.beans.Tree>
  <com.dotmarketing.beans.Tree>
    <parent>6fa1e4cc-964b-4da3-9ced-b82ba2d0ea20</parent>
    <child>9534a377-8419-4072-a754-cac73835f864</child>
    <relationType>Parent_Location-Child_Employee</relationType>
    <treeOrder>1</treeOrder>
  </com.dotmarketing.beans.Tree>
  <com.dotmarketing.beans.Tree>
    <parent>784bebeb-ce31-414f-b7e8-41653ea9f195</parent>
    <child>2d44697c-c510-45bc-9497-8668968b87c5</child>
    <relationType>Parent_Location-Child_Employee</relationType>
    <treeOrder>1</treeOrder>
  </com.dotmarketing.beans.Tree>
  <com.dotmarketing.beans.Tree>
    <parent>fa304c5c-0632-4489-a215-8d719da86a10</parent>
    <child>fde01dab-dc5b-49ae-a35a-d348137c7c46</child>
    <relationType>Parent_Location-Child_Employee</relationType>
    <treeOrder>1</treeOrder>
  </com.dotmarketing.beans.Tree>
  <com.dotmarketing.beans.Tree>
    <parent>0c69da5c-2a05-452f-9305-3be6926d5079</parent>
    <child>d55713ee-5988-446c-b309-c1db683613c1</child>
    <relationType>Parent_Location-Child_Employee</relationType>
    <treeOrder>2</treeOrder>
  </com.dotmarketing.beans.Tree>
  <com.dotmarketing.beans.Tree>
    <parent>558940cc-9f7b-4a9b-8e27-a8e70c8245e1</parent>
    <child>69aaa4e9-a45a-453b-a29d-c518d64fef66</child>
    <relationType>Parent_Location-Child_Employee</relationType>
    <treeOrder>2</treeOrder>
  </com.dotmarketing.beans.Tree>
  <com.dotmarketing.beans.Tree>
    <parent>6f19f0a0-f407-4f4c-8c01-58daf6659321</parent>
    <child>b0831fcd-5746-4a1d-a388-6bb4172767eb</child>
    <relationType>Parent_Location-Child_Employee</relationType>
    <treeOrder>2</treeOrder>
  </com.dotmarketing.beans.Tree>
  <com.dotmarketing.beans.Tree>
    <parent>784bebeb-ce31-414f-b7e8-41653ea9f195</parent>
    <child>463faa00-f240-46df-b860-4a42500d4c4c</child>
    <relationType>Parent_Location-Child_Employee</relationType>
    <treeOrder>2</treeOrder>
  </com.dotmarketing.beans.Tree>
  <com.dotmarketing.beans.Tree>
    <parent>7a3d042f-aae4-4e60-8385-7fc5320f572f</parent>
    <child>b2a48969-0a77-4254-bc2b-be820cae5bed</child>
    <relationType>News-Comments</relationType>
    <treeOrder>2</treeOrder>
  </com.dotmarketing.beans.Tree>
  <com.dotmarketing.beans.Tree>
    <parent>a5230cc4-9ca0-4c7c-807a-2decbd320ad8</parent>
    <child>bb9d11fa-8c47-4824-adec-f4339cc00446</child>
    <relationType>Blog-Comments</relationType>
    <treeOrder>2</treeOrder>
  </com.dotmarketing.beans.Tree>
  <com.dotmarketing.beans.Tree>
    <parent>2943b5eb-9105-4dcf-a1c7-87a9d4dc92a6</parent>
    <child>4b3622b7-75e5-4ab7-9171-20a02954a142</child>
    <relationType>News-Comments</relationType>
    <treeOrder>3</treeOrder>
  </com.dotmarketing.beans.Tree>
  <com.dotmarketing.beans.Tree>
    <parent>558940cc-9f7b-4a9b-8e27-a8e70c8245e1</parent>
    <child>6339fb04-6b34-4718-af85-99d3e5ff0908</child>
    <relationType>Parent_Location-Child_Employee</relationType>
    <treeOrder>3</treeOrder>
  </com.dotmarketing.beans.Tree>
  <com.dotmarketing.beans.Tree>
    <parent>784bebeb-ce31-414f-b7e8-41653ea9f195</parent>
    <child>18dc9780-66a3-408d-9a80-e8f38392b0c5</child>
    <relationType>Parent_Location-Child_Employee</relationType>
    <treeOrder>3</treeOrder>
  </com.dotmarketing.beans.Tree>
  <com.dotmarketing.beans.Tree>
    <parent>7a3d042f-aae4-4e60-8385-7fc5320f572f</parent>
    <child>23d644ce-1f64-409b-9274-d97c1ce6cc77</child>
    <relationType>News-Comments</relationType>
    <treeOrder>3</treeOrder>
  </com.dotmarketing.beans.Tree>
  <com.dotmarketing.beans.Tree>
    <parent>a5230cc4-9ca0-4c7c-807a-2decbd320ad8</parent>
    <child>6347f017-2f0b-4877-b62d-b38373e23d19</child>
    <relationType>Blog-Comments</relationType>
    <treeOrder>3</treeOrder>
  </com.dotmarketing.beans.Tree>
  <com.dotmarketing.beans.Tree>
    <parent>2943b5eb-9105-4dcf-a1c7-87a9d4dc92a6</parent>
    <child>69859f31-0a24-424c-ab6e-f152d8b4a87e</child>
    <relationType>News-Comments</relationType>
    <treeOrder>4</treeOrder>
  </com.dotmarketing.beans.Tree>
  <com.dotmarketing.beans.Tree>
    <parent>784bebeb-ce31-414f-b7e8-41653ea9f195</parent>
    <child>ad86c3e7-af98-425c-af84-85963367c19a</child>
    <relationType>Parent_Location-Child_Employee</relationType>
    <treeOrder>4</treeOrder>
  </com.dotmarketing.beans.Tree>
  <com.dotmarketing.beans.Tree>
    <parent>2943b5eb-9105-4dcf-a1c7-87a9d4dc92a6</parent>
    <child>85c25284-df99-4b37-b52e-d06ccc4eca41</child>
    <relationType>News-Comments</relationType>
    <treeOrder>5</treeOrder>
  </com.dotmarketing.beans.Tree>
  <com.dotmarketing.beans.Tree>
    <parent>2943b5eb-9105-4dcf-a1c7-87a9d4dc92a6</parent>
    <child>27615708-d2e1-403f-bb7b-3dc07ae02a79</child>
    <relationType>News-Comments</relationType>
    <treeOrder>6</treeOrder>
  </com.dotmarketing.beans.Tree>
</list>