<list>
  <com.dotmarketing.portlets.folders.model.Folder>
    <iDate class="sql-timestamp">2012-05-22 09:55:56.174</iDate>
    <type>folder</type>
    <owner></owner>
    <inode>378e0c84-bbfc-4bab-953d-519e01944c9c</inode>
    <identifier>3c4840b0-aa29-47c5-ba0a-3290537a7616</identifier>
    <name>images</name>
    <sortOrder>0</sortOrder>
    <showOnMenu>false</showOnMenu>
    <hostId>d234cfc0-926e-49d1-a7a8-d7033ffe793f</hostId>
    <title>images</title>
    <defaultFileType>33888b6f-7a8e-4069-b1b6-5c1aa9d0a48d</defaultFileType>
  </com.dotmarketing.portlets.folders.model.Folder>
  <com.dotmarketing.portlets.folders.model.Folder>
    <iDate class="sql-timestamp">2012-05-22 09:55:55.606</iDate>
    <type>folder</type>
    <owner></owner>
    <inode>46fbb65b-c3ad-4242-ab9f-50d834870dd0</inode>
    <identifier>46ea7fc8-072a-4ab0-a812-4fd117d640fd</identifier>
    <name>css</name>
    <sortOrder>0</sortOrder>
    <showOnMenu>false</showOnMenu>
    <hostId>d234cfc0-926e-49d1-a7a8-d7033ffe793f</hostId>
    <title>css</title>
    <defaultFileType>33888b6f-7a8e-4069-b1b6-5c1aa9d0a48d</defaultFileType>
  </com.dotmarketing.portlets.folders.model.Folder>
  <com.dotmarketing.portlets.folders.model.Folder>
    <iDate class="sql-timestamp">2012-05-22 09:55:30.36</iDate>
    <type>folder</type>
    <owner></owner>
    <inode>a4593e34-71e7-4451-b479-0ac8946d8cb0</inode>
    <identifier>5da4ef57-ae75-4548-9019-a0daa913ad54</identifier>
    <name>js</name>
    <sortOrder>0</sortOrder>
    <showOnMenu>false</showOnMenu>
    <hostId>d234cfc0-926e-49d1-a7a8-d7033ffe793f</hostId>
    <title>js</title>
    <defaultFileType>33888b6f-7a8e-4069-b1b6-5c1aa9d0a48d</defaultFileType>
  </com.dotmarketing.portlets.folders.model.Folder>
  <com.dotmarketing.portlets.folders.model.Folder>
    <iDate class="sql-timestamp">2012-05-22 09:51:24.034</iDate>
    <type>folder</type>
    <owner></owner>
    <inode>95e02959-3db6-4f83-b0b2-66ab8b2a9657</inode>
    <identifier>ddda8275-f0bc-4233-a2f5-85a5531df0a6</identifier>
    <name>mobile</name>
    <sortOrder>0</sortOrder>
    <showOnMenu>false</showOnMenu>
    <hostId>23836f6d-6a92-446f-b147-29e4724eedd8</hostId>
    <title>mobile</title>
    <defaultFileType>33888b6f-7a8e-4069-b1b6-5c1aa9d0a48d</defaultFileType>
  </com.dotmarketing.portlets.folders.model.Folder>
  <com.dotmarketing.portlets.folders.model.Folder>
    <iDate class="sql-timestamp">2012-05-22 09:50:29.558</iDate>
    <type>folder</type>
    <owner></owner>
    <inode>62302443-5b32-4a08-8ade-9635beb23604</inode>
    <identifier>93593ee2-a78e-454d-8107-7c8f4df589ae</identifier>
    <name>full-site</name>
    <sortOrder>0</sortOrder>
    <showOnMenu>false</showOnMenu>
    <hostId>23836f6d-6a92-446f-b147-29e4724eedd8</hostId>
    <title>full-site</title>
    <defaultFileType>33888b6f-7a8e-4069-b1b6-5c1aa9d0a48d</defaultFileType>
  </com.dotmarketing.portlets.folders.model.Folder>
  <com.dotmarketing.portlets.folders.model.Folder>
    <iDate class="sql-timestamp">2012-05-22 09:50:29.334</iDate>
    <type>folder</type>
    <owner></owner>
    <inode>8c7d9bdf-98a4-4963-852a-7b92d2eaad02</inode>
    <identifier>ffaa830a-736f-4f7b-8b4c-f15b4ff2d4f1</identifier>
    <name>widgets</name>
    <sortOrder>0</sortOrder>
    <showOnMenu>false</showOnMenu>
    <hostId>23836f6d-6a92-446f-b147-29e4724eedd8</hostId>
    <title>widgets</title>
    <defaultFileType>33888b6f-7a8e-4069-b1b6-5c1aa9d0a48d</defaultFileType>
  </com.dotmarketing.portlets.folders.model.Folder>
  <com.dotmarketing.portlets.folders.model.Folder>
    <iDate class="sql-timestamp">2012-05-22 09:50:22.201</iDate>
    <type>folder</type>
    <owner></owner>
    <inode>e8864693-5a89-41ae-9cf8-f01fedad93f1</inode>
    <identifier>d1c2df87-4535-41db-ae4e-f226bce07bdc</identifier>
    <name>macros</name>
    <sortOrder>0</sortOrder>
    <showOnMenu>false</showOnMenu>
    <hostId>23836f6d-6a92-446f-b147-29e4724eedd8</hostId>
    <title>macros</title>
    <defaultFileType>33888b6f-7a8e-4069-b1b6-5c1aa9d0a48d</defaultFileType>
  </com.dotmarketing.portlets.folders.model.Folder>
  <com.dotmarketing.portlets.folders.model.Folder>
    <iDate class="sql-timestamp">2012-05-22 09:50:20.894</iDate>
    <type>folder</type>
    <owner></owner>
    <inode>34838fb7-2d9f-4b18-a1c2-fbbd3fcc2aa5</inode>
    <identifier>c68a644f-6d10-48c8-ab5d-f43e3ee18d80</identifier>
    <name>custom-workflow</name>
    <sortOrder>0</sortOrder>
    <showOnMenu>false</showOnMenu>
    <hostId>23836f6d-6a92-446f-b147-29e4724eedd8</hostId>
    <title>custom-workflow</title>
    <defaultFileType>33888b6f-7a8e-4069-b1b6-5c1aa9d0a48d</defaultFileType>
  </com.dotmarketing.portlets.folders.model.Folder>
  <com.dotmarketing.portlets.folders.model.Folder>
    <iDate class="sql-timestamp">2012-05-22 09:50:11.848</iDate>
    <type>folder</type>
    <owner></owner>
    <inode>6c9b5639-168a-47db-900f-cbc8b388d618</inode>
    <identifier>8e6bee6a-4b9d-4fed-809d-64a0411a5c02</identifier>
    <name>custom-fields</name>
    <sortOrder>0</sortOrder>
    <showOnMenu>false</showOnMenu>
    <hostId>23836f6d-6a92-446f-b147-29e4724eedd8</hostId>
    <title>custom-fields</title>
    <defaultFileType>33888b6f-7a8e-4069-b1b6-5c1aa9d0a48d</defaultFileType>
  </com.dotmarketing.portlets.folders.model.Folder>
  <com.dotmarketing.portlets.folders.model.Folder>
    <iDate class="sql-timestamp">2012-05-22 09:50:09.015</iDate>
    <type>folder</type>
    <owner></owner>
    <inode>173d67e4-639f-4841-887c-f9d7745501f5</inode>
    <identifier>d67a3155-e7ab-4b40-ab0e-4e1ba05e2b01</identifier>
    <name>vtl</name>
    <sortOrder>0</sortOrder>
    <showOnMenu>false</showOnMenu>
    <hostId>23836f6d-6a92-446f-b147-29e4724eedd8</hostId>
    <title>vtl</title>
    <defaultFileType>33888b6f-7a8e-4069-b1b6-5c1aa9d0a48d</defaultFileType>
  </com.dotmarketing.portlets.folders.model.Folder>
  <com.dotmarketing.portlets.folders.model.Folder>
    <iDate class="sql-timestamp">2012-05-22 09:38:43.358</iDate>
    <type>folder</type>
    <inode>12167305-1d6d-43e4-a6d0-9795570cec7f</inode>
    <identifier>4ddafa95-0089-4f29-8226-653338f9811a</identifier>
    <name>images</name>
    <sortOrder>0</sortOrder>
    <showOnMenu>false</showOnMenu>
    <hostId>48190c8c-42c4-46af-8d1a-0cd5db894797</hostId>
    <title>images</title>
    <filesMasks></filesMasks>
    <defaultFileType>d8262b9f-84ea-46f9-88c4-0c8959271d67</defaultFileType>
  </com.dotmarketing.portlets.folders.model.Folder>
  <com.dotmarketing.portlets.folders.model.Folder>
    <iDate class="sql-timestamp">2012-05-22 09:38:37.455</iDate>
    <type>folder</type>
    <inode>f2554b49-d307-44c2-a893-d7f42a912b73</inode>
    <identifier>25359fb7-44c4-4538-803b-276a8588a5b1</identifier>
    <name>documents</name>
    <sortOrder>0</sortOrder>
    <showOnMenu>false</showOnMenu>
    <hostId>48190c8c-42c4-46af-8d1a-0cd5db894797</hostId>
    <title>documents</title>
    <filesMasks></filesMasks>
    <defaultFileType>d8262b9f-84ea-46f9-88c4-0c8959271d67</defaultFileType>
  </com.dotmarketing.portlets.folders.model.Folder>
  <com.dotmarketing.portlets.folders.model.Folder>
    <iDate class="sql-timestamp">2012-05-22 09:32:25.212</iDate>
    <type>folder</type>
    <owner></owner>
    <inode>48085366-19fe-41cf-86b0-1ce8410b12c3</inode>
    <identifier>b94fd423-98ed-45fc-bd23-6ede3f85f009</identifier>
    <name>light_square</name>
    <sortOrder>0</sortOrder>
    <showOnMenu>false</showOnMenu>
    <hostId>48190c8c-42c4-46af-8d1a-0cd5db894797</hostId>
    <title>light_square</title>
    <defaultFileType>33888b6f-7a8e-4069-b1b6-5c1aa9d0a48d</defaultFileType>
  </com.dotmarketing.portlets.folders.model.Folder>
  <com.dotmarketing.portlets.folders.model.Folder>
    <iDate class="sql-timestamp">2012-05-22 09:32:12.684</iDate>
    <type>folder</type>
    <owner></owner>
    <inode>cec645a2-4898-429a-b39f-800e95a1a50f</inode>
    <identifier>53e46566-47cd-4a44-8d42-d05db8818856</identifier>
    <name>light_rounded</name>
    <sortOrder>0</sortOrder>
    <showOnMenu>false</showOnMenu>
    <hostId>48190c8c-42c4-46af-8d1a-0cd5db894797</hostId>
    <title>light_rounded</title>
    <defaultFileType>33888b6f-7a8e-4069-b1b6-5c1aa9d0a48d</defaultFileType>
  </com.dotmarketing.portlets.folders.model.Folder>
  <com.dotmarketing.portlets.folders.model.Folder>
    <iDate class="sql-timestamp">2012-05-22 09:31:39.163</iDate>
    <type>folder</type>
    <owner></owner>
    <inode>8f754e59-f850-46ce-b430-d4382d48a5a5</inode>
    <identifier>afa7672c-c15c-4c68-995d-286188cc311c</identifier>
    <name>facebook</name>
    <sortOrder>0</sortOrder>
    <showOnMenu>false</showOnMenu>
    <hostId>48190c8c-42c4-46af-8d1a-0cd5db894797</hostId>
    <title>facebook</title>
    <defaultFileType>33888b6f-7a8e-4069-b1b6-5c1aa9d0a48d</defaultFileType>
  </com.dotmarketing.portlets.folders.model.Folder>
  <com.dotmarketing.portlets.folders.model.Folder>
    <iDate class="sql-timestamp">2012-05-22 09:31:17.526</iDate>
    <type>folder</type>
    <owner></owner>
    <inode>2cad3aea-84d6-48c7-a502-8cf9f15bd50c</inode>
    <identifier>f547dbd6-3a62-46f5-be5f-e5b9158bde4c</identifier>
    <name>default</name>
    <sortOrder>0</sortOrder>
    <showOnMenu>false</showOnMenu>
    <hostId>48190c8c-42c4-46af-8d1a-0cd5db894797</hostId>
    <title>default</title>
    <defaultFileType>33888b6f-7a8e-4069-b1b6-5c1aa9d0a48d</defaultFileType>
  </com.dotmarketing.portlets.folders.model.Folder>
  <com.dotmarketing.portlets.folders.model.Folder>
    <iDate class="sql-timestamp">2012-05-22 09:31:03.218</iDate>
    <type>folder</type>
    <owner></owner>
    <inode>40038a93-c251-4c9e-89b9-bc23ac80dc8c</inode>
    <identifier>042f7d27-5443-463d-824a-6cc8a27dfc86</identifier>
    <name>dark_square</name>
    <sortOrder>0</sortOrder>
    <showOnMenu>false</showOnMenu>
    <hostId>48190c8c-42c4-46af-8d1a-0cd5db894797</hostId>
    <title>dark_square</title>
    <defaultFileType>33888b6f-7a8e-4069-b1b6-5c1aa9d0a48d</defaultFileType>
  </com.dotmarketing.portlets.folders.model.Folder>
  <com.dotmarketing.portlets.folders.model.Folder>
    <iDate class="sql-timestamp">2012-05-22 09:30:51.695</iDate>
    <type>folder</type>
    <owner></owner>
    <inode>9b235332-5801-4f7f-94b6-059ca8f2cdb6</inode>
    <identifier>1552039e-761b-46c8-8c05-3e8ec6dfb490</identifier>
    <name>dark_rounded</name>
    <sortOrder>0</sortOrder>
    <showOnMenu>false</showOnMenu>
    <hostId>48190c8c-42c4-46af-8d1a-0cd5db894797</hostId>
    <title>dark_rounded</title>
    <defaultFileType>33888b6f-7a8e-4069-b1b6-5c1aa9d0a48d</defaultFileType>
  </com.dotmarketing.portlets.folders.model.Folder>
  <com.dotmarketing.portlets.folders.model.Folder>
    <iDate class="sql-timestamp">2012-05-22 09:29:52.473</iDate>
    <type>folder</type>
    <owner></owner>
    <inode>eb3f7b1a-f21a-4e44-b41a-8c0edc096c57</inode>
    <identifier>9a4a617e-8080-49fa-a439-c06b57c5300f</identifier>
    <name>fonts</name>
    <sortOrder>0</sortOrder>
    <showOnMenu>false</showOnMenu>
    <hostId>48190c8c-42c4-46af-8d1a-0cd5db894797</hostId>
    <title>fonts</title>
    <defaultFileType>33888b6f-7a8e-4069-b1b6-5c1aa9d0a48d</defaultFileType>
  </com.dotmarketing.portlets.folders.model.Folder>
  <com.dotmarketing.portlets.folders.model.Folder>
    <iDate class="sql-timestamp">2012-03-20 16:42:48.5</iDate>
    <type>folder</type>
    <owner>dotcms.org.1</owner>
    <inode>badc19d3-18d0-4107-a660-fea814bc9987</inode>
    <identifier>208db5aa-067c-4ca4-b700-8bca3df30ce3</identifier>
    <name>investment-banking</name>
    <sortOrder>2</sortOrder>
    <showOnMenu>true</showOnMenu>
    <hostId>d234cfc0-926e-49d1-a7a8-d7033ffe793f</hostId>
    <title>Investment Banking</title>
    <filesMasks></filesMasks>
    <defaultFileType>33888b6f-7a8e-4069-b1b6-5c1aa9d0a48d</defaultFileType>
  </com.dotmarketing.portlets.folders.model.Folder>
  <com.dotmarketing.portlets.folders.model.Folder>
    <iDate class="sql-timestamp">2012-03-20 12:46:08.572</iDate>
    <type>folder</type>
    <inode>c266cde1-49cc-4368-85a3-9860f0f5ef4f</inode>
    <identifier>d0d9fb70-e80e-4ce6-9898-2ea04d281562</identifier>
    <name>investment-banking</name>
    <sortOrder>1</sortOrder>
    <showOnMenu>true</showOnMenu>
    <hostId>48190c8c-42c4-46af-8d1a-0cd5db894797</hostId>
    <title>Investment Banking</title>
    <filesMasks></filesMasks>
    <defaultFileType>33888b6f-7a8e-4069-b1b6-5c1aa9d0a48d</defaultFileType>
  </com.dotmarketing.portlets.folders.model.Folder>
  <com.dotmarketing.portlets.folders.model.Folder>
    <iDate class="sql-timestamp">2012-03-19 17:01:35.593</iDate>
    <type>folder</type>
    <owner>dotcms.org.1</owner>
    <inode>a83e7208-88ed-43ac-9829-ceb636be85b0</inode>
    <identifier>b4b47b9f-ad45-42ab-a3de-8d84d22c982b</identifier>
    <name>private-banking</name>
    <sortOrder>4</sortOrder>
    <showOnMenu>true</showOnMenu>
    <hostId>d234cfc0-926e-49d1-a7a8-d7033ffe793f</hostId>
    <title>Private Banking</title>
    <filesMasks></filesMasks>
    <defaultFileType>33888b6f-7a8e-4069-b1b6-5c1aa9d0a48d</defaultFileType>
  </com.dotmarketing.portlets.folders.model.Folder>
  <com.dotmarketing.portlets.folders.model.Folder>
    <iDate class="sql-timestamp">2012-03-19 17:01:12.575</iDate>
    <type>folder</type>
    <owner>dotcms.org.1</owner>
    <inode>d63efd36-17ff-4898-87e9-1dc2fbf89119</inode>
    <identifier>16a69010-73f3-4295-aa9a-a9112c149e57</identifier>
    <name>market-research</name>
    <sortOrder>3</sortOrder>
    <showOnMenu>true</showOnMenu>
    <hostId>d234cfc0-926e-49d1-a7a8-d7033ffe793f</hostId>
    <title>Market Research</title>
    <filesMasks></filesMasks>
    <defaultFileType>33888b6f-7a8e-4069-b1b6-5c1aa9d0a48d</defaultFileType>
  </com.dotmarketing.portlets.folders.model.Folder>
  <com.dotmarketing.portlets.folders.model.Folder>
    <iDate class="sql-timestamp">2012-03-19 16:58:57.946</iDate>
    <type>folder</type>
    <owner>dotcms.org.1</owner>
    <inode>dae0e3d0-180d-4d76-97a5-3777f112bf1a</inode>
    <identifier>23eeed75-3aa7-42fc-9293-9bc5111511a3</identifier>
    <name>wealth-management</name>
    <sortOrder>1</sortOrder>
    <showOnMenu>true</showOnMenu>
    <hostId>d234cfc0-926e-49d1-a7a8-d7033ffe793f</hostId>
    <title>Wealth Management</title>
    <filesMasks></filesMasks>
    <defaultFileType>33888b6f-7a8e-4069-b1b6-5c1aa9d0a48d</defaultFileType>
  </com.dotmarketing.portlets.folders.model.Folder>
  <com.dotmarketing.portlets.folders.model.Folder>
    <iDate class="sql-timestamp">2012-03-08 13:58:10.136</iDate>
    <type>folder</type>
    <inode>981dd4d7-e7d2-43d6-bd78-432b7950c6cc</inode>
    <identifier>dafe37f4-f616-4485-8737-69bd6711878a</identifier>
    <name>market-research</name>
    <sortOrder>4</sortOrder>
    <showOnMenu>true</showOnMenu>
    <hostId>48190c8c-42c4-46af-8d1a-0cd5db894797</hostId>
    <title>Market Research</title>
    <filesMasks></filesMasks>
    <defaultFileType>33888b6f-7a8e-4069-b1b6-5c1aa9d0a48d</defaultFileType>
  </com.dotmarketing.portlets.folders.model.Folder>
  <com.dotmarketing.portlets.folders.model.Folder>
    <iDate class="sql-timestamp">2012-03-08 13:54:53.46</iDate>
    <type>folder</type>
    <inode>964af063-8807-4084-8e5c-5cb160585bf4</inode>
    <identifier>132083eb-7a3d-43cc-a53e-884bddab9634</identifier>
    <name>private-banking</name>
    <sortOrder>2</sortOrder>
    <showOnMenu>true</showOnMenu>
    <hostId>48190c8c-42c4-46af-8d1a-0cd5db894797</hostId>
    <title>Private Banking</title>
    <filesMasks></filesMasks>
    <defaultFileType>33888b6f-7a8e-4069-b1b6-5c1aa9d0a48d</defaultFileType>
  </com.dotmarketing.portlets.folders.model.Folder>
  <com.dotmarketing.portlets.folders.model.Folder>
    <iDate class="sql-timestamp">2012-03-06 19:23:28.661</iDate>
    <type>folder</type>
    <owner>dotcms.org.1</owner>
    <inode>9125d787-00cd-4717-bbea-84a6660ece62</inode>
    <identifier>be731dec-372c-41b1-b8ec-894ec939d29a</identifier>
    <name>spring</name>
    <sortOrder>0</sortOrder>
    <showOnMenu>false</showOnMenu>
    <hostId>48190c8c-42c4-46af-8d1a-0cd5db894797</hostId>
    <title>spring</title>
    <filesMasks></filesMasks>
    <defaultFileType>33888b6f-7a8e-4069-b1b6-5c1aa9d0a48d</defaultFileType>
  </com.dotmarketing.portlets.folders.model.Folder>
  <com.dotmarketing.portlets.folders.model.Folder>
    <iDate class="sql-timestamp">2012-03-06 16:45:59.919</iDate>
    <type>folder</type>
    <owner>dotcms.org.1</owner>
    <inode>47663ed5-b009-4ee5-9390-ef6dce783f16</inode>
    <identifier>638274ff-d1c9-4e0f-996e-657d88201f85</identifier>
    <name>createaccount</name>
    <sortOrder>0</sortOrder>
    <showOnMenu>false</showOnMenu>
    <hostId>48190c8c-42c4-46af-8d1a-0cd5db894797</hostId>
    <title>createAccount</title>
    <filesMasks></filesMasks>
    <defaultFileType>33888b6f-7a8e-4069-b1b6-5c1aa9d0a48d</defaultFileType>
  </com.dotmarketing.portlets.folders.model.Folder>
  <com.dotmarketing.portlets.folders.model.Folder>
    <iDate class="sql-timestamp">2012-03-02 18:06:32.326</iDate>
    <type>folder</type>
    <owner>dotcms.org.1</owner>
    <inode>e3d95194-9209-426a-80d0-7b27bb608237</inode>
    <identifier>3988a0ab-ecae-4583-ba82-0bd8371d9be2</identifier>
    <name>ajax</name>
    <sortOrder>0</sortOrder>
    <showOnMenu>false</showOnMenu>
    <hostId>48190c8c-42c4-46af-8d1a-0cd5db894797</hostId>
    <title>ajax</title>
    <filesMasks></filesMasks>
    <defaultFileType>33888b6f-7a8e-4069-b1b6-5c1aa9d0a48d</defaultFileType>
  </com.dotmarketing.portlets.folders.model.Folder>
  <com.dotmarketing.portlets.folders.model.Folder>
    <iDate class="sql-timestamp">2012-03-02 15:46:30.47</iDate>
    <type>folder</type>
    <inode>c8e28fe2-1b00-41d6-b26c-5cadbf756699</inode>
    <identifier>34d7d7ae-f62f-4ad8-85fd-2d390300eb4f</identifier>
    <name>wealth-management</name>
    <sortOrder>3</sortOrder>
    <showOnMenu>true</showOnMenu>
    <hostId>48190c8c-42c4-46af-8d1a-0cd5db894797</hostId>
    <title>Wealth Management</title>
    <filesMasks></filesMasks>
    <defaultFileType>33888b6f-7a8e-4069-b1b6-5c1aa9d0a48d</defaultFileType>
  </com.dotmarketing.portlets.folders.model.Folder>
  <com.dotmarketing.portlets.folders.model.Folder>
    <iDate class="sql-timestamp">2012-03-01 15:46:58.354</iDate>
    <type>folder</type>
    <owner>dotcms.org.1</owner>
    <inode>3f0846a6-3260-473c-9f71-3cce1cbdd9a1</inode>
    <identifier>c37cb06e-d022-4ac0-a9de-d100b4993224</identifier>
    <name>myaccount</name>
    <sortOrder>0</sortOrder>
    <showOnMenu>false</showOnMenu>
    <hostId>48190c8c-42c4-46af-8d1a-0cd5db894797</hostId>
    <title>My Account</title>
    <filesMasks></filesMasks>
    <defaultFileType>33888b6f-7a8e-4069-b1b6-5c1aa9d0a48d</defaultFileType>
  </com.dotmarketing.portlets.folders.model.Folder>
  <com.dotmarketing.portlets.folders.model.Folder>
    <iDate class="sql-timestamp">2012-03-01 13:50:04.292</iDate>
    <type>folder</type>
    <owner>dotcms.org.1</owner>
    <inode>303676ba-8bca-45a2-a3e7-04e1b4ce92f2</inode>
    <identifier>2abe28a0-0bd3-47c4-aed0-b4db62625bb0</identifier>
    <name>login</name>
    <sortOrder>0</sortOrder>
    <showOnMenu>false</showOnMenu>
    <hostId>48190c8c-42c4-46af-8d1a-0cd5db894797</hostId>
    <title>Login</title>
    <filesMasks></filesMasks>
    <defaultFileType>33888b6f-7a8e-4069-b1b6-5c1aa9d0a48d</defaultFileType>
  </com.dotmarketing.portlets.folders.model.Folder>
  <com.dotmarketing.portlets.folders.model.Folder>
    <iDate class="sql-timestamp">2012-03-01 13:49:48.711</iDate>
    <type>folder</type>
    <owner>dotcms.org.1</owner>
    <inode>83bb5752-4264-43c4-84c8-28176603431a</inode>
    <identifier>81f17c44-d2e2-49fb-a24e-a65ca8c6d9de</identifier>
    <name>application</name>
    <sortOrder>0</sortOrder>
    <showOnMenu>false</showOnMenu>
    <hostId>48190c8c-42c4-46af-8d1a-0cd5db894797</hostId>
    <title>Application</title>
    <filesMasks></filesMasks>
    <defaultFileType>33888b6f-7a8e-4069-b1b6-5c1aa9d0a48d</defaultFileType>
  </com.dotmarketing.portlets.folders.model.Folder>
  <com.dotmarketing.portlets.folders.model.Folder>
    <iDate class="sql-timestamp">2012-01-31 16:53:54.658</iDate>
    <type>folder</type>
    <owner>dotcms.org.1</owner>
    <inode>63bd2687-09c9-4cc2-a7a2-a7be10cbd014</inode>
    <identifier>59addb52-a96d-448c-b189-aa3b64a086e4</identifier>
    <name>news</name>
    <sortOrder>0</sortOrder>
    <showOnMenu>false</showOnMenu>
    <hostId>d234cfc0-926e-49d1-a7a8-d7033ffe793f</hostId>
    <title>news</title>
    <filesMasks></filesMasks>
    <defaultFileType>33888b6f-7a8e-4069-b1b6-5c1aa9d0a48d</defaultFileType>
  </com.dotmarketing.portlets.folders.model.Folder>
  <com.dotmarketing.portlets.folders.model.Folder>
    <iDate class="sql-timestamp">2012-01-26 18:04:47.136</iDate>
    <type>folder</type>
    <owner>dotcms.org.1</owner>
    <inode>338a1c58-e6b9-424f-9bb6-b192248a8e8f</inode>
    <identifier>190b5963-42c5-48fa-926a-3b9a02eb549a</identifier>
    <name>icons</name>
    <sortOrder>0</sortOrder>
    <showOnMenu>false</showOnMenu>
    <hostId>d234cfc0-926e-49d1-a7a8-d7033ffe793f</hostId>
    <title>icons</title>
    <filesMasks></filesMasks>
    <defaultFileType>33888b6f-7a8e-4069-b1b6-5c1aa9d0a48d</defaultFileType>
  </com.dotmarketing.portlets.folders.model.Folder>
  <com.dotmarketing.portlets.folders.model.Folder>
    <iDate class="sql-timestamp">2012-01-19 15:50:15.168</iDate>
    <type>folder</type>
    <owner>dotcms.org.1</owner>
    <inode>f1d52038-f355-4742-96c0-fde9c129a1e6</inode>
    <identifier>430feb1b-e0b7-4b91-92ef-83e729e755f3</identifier>
    <name>our-team</name>
    <sortOrder>5</sortOrder>
    <showOnMenu>true</showOnMenu>
    <hostId>d234cfc0-926e-49d1-a7a8-d7033ffe793f</hostId>
    <title>Our Team</title>
    <filesMasks></filesMasks>
    <defaultFileType>33888b6f-7a8e-4069-b1b6-5c1aa9d0a48d</defaultFileType>
  </com.dotmarketing.portlets.folders.model.Folder>
  <com.dotmarketing.portlets.folders.model.Folder>
    <iDate class="sql-timestamp">2012-01-19 15:49:25.859</iDate>
    <type>folder</type>
    <owner>dotcms.org.1</owner>
    <inode>bc70884b-fb73-4710-a647-d4ed83962d4d</inode>
    <identifier>d4a69377-0c18-499b-88a3-3b172c41eb76</identifier>
    <name>resources</name>
    <sortOrder>4</sortOrder>
    <showOnMenu>true</showOnMenu>
    <hostId>d234cfc0-926e-49d1-a7a8-d7033ffe793f</hostId>
    <title>Investor Resources</title>
    <filesMasks></filesMasks>
    <defaultFileType>33888b6f-7a8e-4069-b1b6-5c1aa9d0a48d</defaultFileType>
  </com.dotmarketing.portlets.folders.model.Folder>
  <com.dotmarketing.portlets.folders.model.Folder>
    <iDate class="sql-timestamp">2012-01-19 15:48:38.288</iDate>
    <type>folder</type>
    <owner>dotcms.org.1</owner>
    <inode>4a3a4810-83cb-48d6-987c-b69ff50f0265</inode>
    <identifier>1d00dc58-f3ad-4641-82e1-5ce80048d722</identifier>
    <name>services</name>
    <sortOrder>3</sortOrder>
    <showOnMenu>true</showOnMenu>
    <hostId>d234cfc0-926e-49d1-a7a8-d7033ffe793f</hostId>
    <title>Financial Services</title>
    <filesMasks></filesMasks>
    <defaultFileType>33888b6f-7a8e-4069-b1b6-5c1aa9d0a48d</defaultFileType>
  </com.dotmarketing.portlets.folders.model.Folder>
  <com.dotmarketing.portlets.folders.model.Folder>
    <iDate class="sql-timestamp">2012-01-19 15:47:56.488</iDate>
    <type>folder</type>
    <owner>dotcms.org.1</owner>
    <inode>1aa7d359-d85b-4c83-bfd7-88a4b68fc101</inode>
    <identifier>151457af-30a8-4e61-a70b-50aadf968c22</identifier>
    <name>products</name>
    <sortOrder>2</sortOrder>
    <showOnMenu>true</showOnMenu>
    <hostId>d234cfc0-926e-49d1-a7a8-d7033ffe793f</hostId>
    <title>Investable Products</title>
    <filesMasks></filesMasks>
    <defaultFileType>33888b6f-7a8e-4069-b1b6-5c1aa9d0a48d</defaultFileType>
  </com.dotmarketing.portlets.folders.model.Folder>
  <com.dotmarketing.portlets.folders.model.Folder>
    <iDate class="sql-timestamp">2012-01-19 15:40:46.363</iDate>
    <type>folder</type>
    <owner>dotcms.org.1</owner>
    <inode>f97080a6-3ec2-4410-9987-bf5db89d998d</inode>
    <identifier>8813eb6d-3daf-40ec-85d8-cf0f417aa0a8</identifier>
    <name>about-us</name>
    <sortOrder>1</sortOrder>
    <showOnMenu>true</showOnMenu>
    <hostId>d234cfc0-926e-49d1-a7a8-d7033ffe793f</hostId>
    <title>About Quest Financial</title>
    <filesMasks></filesMasks>
    <defaultFileType>33888b6f-7a8e-4069-b1b6-5c1aa9d0a48d</defaultFileType>
  </com.dotmarketing.portlets.folders.model.Folder>
  <com.dotmarketing.portlets.folders.model.Folder>
    <iDate class="sql-timestamp">2012-01-19 11:09:39.312</iDate>
    <type>folder</type>
    <owner>dotcms.org.1</owner>
    <inode>e9bbbd6b-5349-486e-808b-aad1ce543aae</inode>
    <identifier>6dd35123-0894-4db8-a3b7-11abe2d8d6d0</identifier>
    <name>images</name>
    <sortOrder>0</sortOrder>
    <showOnMenu>false</showOnMenu>
    <hostId>d234cfc0-926e-49d1-a7a8-d7033ffe793f</hostId>
    <title>images</title>
    <filesMasks></filesMasks>
    <defaultFileType>33888b6f-7a8e-4069-b1b6-5c1aa9d0a48d</defaultFileType>
  </com.dotmarketing.portlets.folders.model.Folder>
  <com.dotmarketing.portlets.folders.model.Folder>
    <iDate class="sql-timestamp">2012-01-19 11:09:15.394</iDate>
    <type>folder</type>
    <owner>dotcms.org.1</owner>
    <inode>568d6cd1-7fec-4310-9d25-a4fe0acef7a0</inode>
    <identifier>06c21800-51ec-44d5-abc8-6a594ea945c4</identifier>
    <name>home</name>
    <sortOrder>0</sortOrder>
    <showOnMenu>false</showOnMenu>
    <hostId>d234cfc0-926e-49d1-a7a8-d7033ffe793f</hostId>
    <title>home</title>
    <filesMasks></filesMasks>
    <defaultFileType>33888b6f-7a8e-4069-b1b6-5c1aa9d0a48d</defaultFileType>
  </com.dotmarketing.portlets.folders.model.Folder>
  <com.dotmarketing.portlets.folders.model.Folder>
    <iDate class="sql-timestamp">2011-12-16 14:27:32.572</iDate>
    <type>folder</type>
    <inode>8a00a924-1183-43d5-9251-7a873c04ab37</inode>
    <identifier>5d65a89d-870d-431e-848f-067ad7c08585</identifier>
    <name>videos</name>
    <sortOrder>0</sortOrder>
    <showOnMenu>false</showOnMenu>
    <hostId>48190c8c-42c4-46af-8d1a-0cd5db894797</hostId>
    <title>Videos</title>
    <filesMasks>*.mov, *.mp4, *.ogg, *.ogv, *.webm</filesMasks>
    <defaultFileType>d8262b9f-84ea-46f9-88c4-0c8959271d67</defaultFileType>
  </com.dotmarketing.portlets.folders.model.Folder>
  <com.dotmarketing.portlets.folders.model.Folder>
    <iDate class="sql-timestamp">2011-11-17 09:07:02.562</iDate>
    <type>folder</type>
    <owner>dotcms.org.1</owner>
    <inode>cdbd7137-bd16-4fa5-8210-ccadfe3c3420</inode>
    <identifier>d518288c-8866-4e48-a50e-7d688e7a4c54</identifier>
    <name>events</name>
    <sortOrder>0</sortOrder>
    <showOnMenu>false</showOnMenu>
    <hostId>48190c8c-42c4-46af-8d1a-0cd5db894797</hostId>
    <title>Events</title>
    <filesMasks></filesMasks>
    <defaultFileType>33888b6f-7a8e-4069-b1b6-5c1aa9d0a48d</defaultFileType>
  </com.dotmarketing.portlets.folders.model.Folder>
  <com.dotmarketing.portlets.folders.model.Folder>
    <iDate class="sql-timestamp">2011-08-25 15:01:52.907</iDate>
    <type>folder</type>
    <owner>dotcms.org.1</owner>
    <inode>fa455fb5-b961-4d0c-9e63-e79a8ba8622a</inode>
    <identifier>3d765e9c-5267-4c5c-839c-4120cffe58f5</identifier>
    <name>blogs</name>
    <sortOrder>0</sortOrder>
    <showOnMenu>false</showOnMenu>
    <hostId>48190c8c-42c4-46af-8d1a-0cd5db894797</hostId>
    <title>blogs</title>
    <filesMasks></filesMasks>
    <defaultFileType>33888b6f-7a8e-4069-b1b6-5c1aa9d0a48d</defaultFileType>
  </com.dotmarketing.portlets.folders.model.Folder>
  <com.dotmarketing.portlets.folders.model.Folder>
    <iDate class="sql-timestamp">2011-07-05 12:12:29.91</iDate>
    <type>folder</type>
    <inode>e4266fcb-f47c-457b-a992-9f5462541df8</inode>
    <identifier>7d6186b0-92a2-4ef3-be4d-58b70fb7fb89</identifier>
    <name>news</name>
    <sortOrder>0</sortOrder>
    <showOnMenu>false</showOnMenu>
    <hostId>48190c8c-42c4-46af-8d1a-0cd5db894797</hostId>
    <title>News</title>
    <filesMasks></filesMasks>
    <defaultFileType>33888b6f-7a8e-4069-b1b6-5c1aa9d0a48d</defaultFileType>
  </com.dotmarketing.portlets.folders.model.Folder>
  <com.dotmarketing.portlets.folders.model.Folder>
    <iDate class="sql-timestamp">2011-06-28 13:15:40.788</iDate>
    <type>folder</type>
    <owner>dotcms.org.1</owner>
    <inode>9c5e78a9-62ce-48e0-99ce-6817b0f5c2f3</inode>
    <identifier>f2626d92-4c45-41aa-b749-769aff8f2d99</identifier>
    <name>contact-us</name>
    <sortOrder>5</sortOrder>
    <showOnMenu>true</showOnMenu>
    <hostId>48190c8c-42c4-46af-8d1a-0cd5db894797</hostId>
    <title>Contact Us</title>
    <filesMasks></filesMasks>
    <defaultFileType>33888b6f-7a8e-4069-b1b6-5c1aa9d0a48d</defaultFileType>
  </com.dotmarketing.portlets.folders.model.Folder>
  <com.dotmarketing.portlets.folders.model.Folder>
    <iDate class="sql-timestamp">2011-06-28 13:15:06.169</iDate>
    <type>folder</type>
    <owner>dotcms.org.1</owner>
    <inode>ce49e1e7-4d0f-4af2-a87c-5e9c5562278c</inode>
    <identifier>84927f50-2cff-42e0-be37-777e619f477e</identifier>
    <name>our-team</name>
    <sortOrder>4</sortOrder>
    <showOnMenu>true</showOnMenu>
    <hostId>48190c8c-42c4-46af-8d1a-0cd5db894797</hostId>
    <title>Our Team</title>
    <filesMasks></filesMasks>
    <defaultFileType>33888b6f-7a8e-4069-b1b6-5c1aa9d0a48d</defaultFileType>
  </com.dotmarketing.portlets.folders.model.Folder>
  <com.dotmarketing.portlets.folders.model.Folder>
    <iDate class="sql-timestamp">2011-06-28 13:14:38.767</iDate>
    <type>folder</type>
    <inode>b37bed19-b1fd-497d-be5e-f8cc33c3fb8d</inode>
    <identifier>6486802b-902f-49f2-84f0-3d6b04e9b66c</identifier>
    <name>resources</name>
    <sortOrder>3</sortOrder>
    <showOnMenu>true</showOnMenu>
    <hostId>48190c8c-42c4-46af-8d1a-0cd5db894797</hostId>
    <title>Resources</title>
    <filesMasks></filesMasks>
    <defaultFileType>d8262b9f-84ea-46f9-88c4-0c8959271d67</defaultFileType>
  </com.dotmarketing.portlets.folders.model.Folder>
  <com.dotmarketing.portlets.folders.model.Folder>
    <iDate class="sql-timestamp">2011-06-28 13:14:11.867</iDate>
    <type>folder</type>
    <owner>dotcms.org.1</owner>
    <inode>ca1e91b2-6d8c-47fd-a410-462da6fa7ecf</inode>
    <identifier>a16fa53e-7b34-458f-ab15-6ec814533515</identifier>
    <name>services</name>
    <sortOrder>2</sortOrder>
    <showOnMenu>true</showOnMenu>
    <hostId>48190c8c-42c4-46af-8d1a-0cd5db894797</hostId>
    <title>Services</title>
    <filesMasks></filesMasks>
    <defaultFileType>33888b6f-7a8e-4069-b1b6-5c1aa9d0a48d</defaultFileType>
  </com.dotmarketing.portlets.folders.model.Folder>
  <com.dotmarketing.portlets.folders.model.Folder>
    <iDate class="sql-timestamp">2011-06-28 12:15:50.436</iDate>
    <type>folder</type>
    <owner>dotcms.org.1</owner>
    <inode>966b155a-eb6f-4be6-9047-4f41f2c8efbb</inode>
    <identifier>b8473948-b953-40ca-b31a-2dad39ecfab6</identifier>
    <name>products</name>
    <sortOrder>1</sortOrder>
    <showOnMenu>true</showOnMenu>
    <hostId>48190c8c-42c4-46af-8d1a-0cd5db894797</hostId>
    <title>Products</title>
    <filesMasks></filesMasks>
    <defaultFileType>33888b6f-7a8e-4069-b1b6-5c1aa9d0a48d</defaultFileType>
  </com.dotmarketing.portlets.folders.model.Folder>
  <com.dotmarketing.portlets.folders.model.Folder>
    <iDate class="sql-timestamp">2011-06-28 12:15:26.846</iDate>
    <type>folder</type>
    <inode>1049e7fe-1553-4731-bdf9-ba069f1dc08b</inode>
    <identifier>5381b311-a97c-4f04-ae7f-db0005183f3e</identifier>
    <name>about-us</name>
    <sortOrder>0</sortOrder>
    <showOnMenu>true</showOnMenu>
    <hostId>48190c8c-42c4-46af-8d1a-0cd5db894797</hostId>
    <title>About Us</title>
    <filesMasks></filesMasks>
    <defaultFileType>33888b6f-7a8e-4069-b1b6-5c1aa9d0a48d</defaultFileType>
  </com.dotmarketing.portlets.folders.model.Folder>
  <com.dotmarketing.portlets.folders.model.Folder>
    <iDate class="sql-timestamp">2011-06-23 10:06:28.766</iDate>
    <type>folder</type>
    <owner></owner>
    <inode>11348722-2755-4f2e-9e80-0791ff5dfbb0</inode>
    <identifier>1a3bee7f-8eb8-45f2-afae-78d42f794208</identifier>
    <name>template</name>
    <sortOrder>0</sortOrder>
    <showOnMenu>false</showOnMenu>
    <hostId>48190c8c-42c4-46af-8d1a-0cd5db894797</hostId>
    <title>untitled folder</title>
    <defaultFileType>33888b6f-7a8e-4069-b1b6-5c1aa9d0a48d</defaultFileType>
  </com.dotmarketing.portlets.folders.model.Folder>
  <com.dotmarketing.portlets.folders.model.Folder>
    <iDate class="sql-timestamp">2011-06-22 15:35:54.498</iDate>
    <type>folder</type>
    <owner>dotcms.org.1</owner>
    <inode>b7430316-4a9e-46c2-9fac-8acac287b5b0</inode>
    <identifier>b743bf4a-6439-4619-9326-59b272305e66</identifier>
    <name>icons</name>
    <sortOrder>0</sortOrder>
    <showOnMenu>false</showOnMenu>
    <hostId>48190c8c-42c4-46af-8d1a-0cd5db894797</hostId>
    <title>icons</title>
    <filesMasks></filesMasks>
    <defaultFileType>33888b6f-7a8e-4069-b1b6-5c1aa9d0a48d</defaultFileType>
  </com.dotmarketing.portlets.folders.model.Folder>
  <com.dotmarketing.portlets.folders.model.Folder>
    <iDate class="sql-timestamp">2011-06-20 18:02:12.19</iDate>
    <type>folder</type>
    <owner></owner>
    <inode>2cba6625-4e9d-47be-9e18-ce339a02b5a6</inode>
    <identifier>19cead2a-2b8d-43ba-961d-f7eb73595d53</identifier>
    <name>prettyPhoto</name>
    <sortOrder>0</sortOrder>
    <showOnMenu>false</showOnMenu>
    <hostId>48190c8c-42c4-46af-8d1a-0cd5db894797</hostId>
    <title>prettyPhoto</title>
    <defaultFileType>33888b6f-7a8e-4069-b1b6-5c1aa9d0a48d</defaultFileType>
  </com.dotmarketing.portlets.folders.model.Folder>
  <com.dotmarketing.portlets.folders.model.Folder>
    <iDate class="sql-timestamp">2011-06-17 12:11:51.915</iDate>
    <type>folder</type>
    <owner>dotcms.org.1</owner>
    <inode>60cac255-0333-4269-b06e-5a74a0508f95</inode>
    <identifier>2184c001-8853-485b-85b4-998071176f10</identifier>
    <name>images</name>
    <sortOrder>0</sortOrder>
    <showOnMenu>false</showOnMenu>
    <hostId>48190c8c-42c4-46af-8d1a-0cd5db894797</hostId>
    <title>images</title>
    <filesMasks></filesMasks>
    <defaultFileType>33888b6f-7a8e-4069-b1b6-5c1aa9d0a48d</defaultFileType>
  </com.dotmarketing.portlets.folders.model.Folder>
  <com.dotmarketing.portlets.folders.model.Folder>
    <iDate class="sql-timestamp">2011-06-17 12:11:24.872</iDate>
    <type>folder</type>
    <owner>dotcms.org.1</owner>
    <inode>7bb67e9f-ad71-482c-90e8-1ec32bca3c51</inode>
    <identifier>7cdfd29f-3211-41e9-af53-aac39a15fea3</identifier>
    <name>css</name>
    <sortOrder>0</sortOrder>
    <showOnMenu>false</showOnMenu>
    <hostId>48190c8c-42c4-46af-8d1a-0cd5db894797</hostId>
    <title>css</title>
    <filesMasks></filesMasks>
    <defaultFileType>33888b6f-7a8e-4069-b1b6-5c1aa9d0a48d</defaultFileType>
  </com.dotmarketing.portlets.folders.model.Folder>
  <com.dotmarketing.portlets.folders.model.Folder>
    <iDate class="sql-timestamp">2011-06-17 12:10:40.142</iDate>
    <type>folder</type>
    <owner>dotcms.org.1</owner>
    <inode>9b85166b-5c95-45e4-ad93-ad716a451202</inode>
    <identifier>b0c0afb5-7154-474e-95a7-eb109cb694b5</identifier>
    <name>js</name>
    <sortOrder>0</sortOrder>
    <showOnMenu>false</showOnMenu>
    <hostId>48190c8c-42c4-46af-8d1a-0cd5db894797</hostId>
    <title>js</title>
    <filesMasks></filesMasks>
    <defaultFileType>33888b6f-7a8e-4069-b1b6-5c1aa9d0a48d</defaultFileType>
  </com.dotmarketing.portlets.folders.model.Folder>
  <com.dotmarketing.portlets.folders.model.Folder>
    <iDate class="sql-timestamp">2010-02-09 15:22:28.0</iDate>
    <type>folder</type>
    <inode>a1ea5a05-2460-4544-ae6a-f25f37a11db1</inode>
    <identifier>303c6685-2405-4ebd-9043-b2cc26cce624</identifier>
    <name>home</name>
    <sortOrder>0</sortOrder>
    <showOnMenu>false</showOnMenu>
    <hostId>48190c8c-42c4-46af-8d1a-0cd5db894797</hostId>
    <title>Home</title>
    <filesMasks></filesMasks>
    <defaultFileType>33888b6f-7a8e-4069-b1b6-5c1aa9d0a48d</defaultFileType>
  </com.dotmarketing.portlets.folders.model.Folder>
  <com.dotmarketing.portlets.folders.model.Folder>
    <iDate class="sql-timestamp">2009-10-08 16:27:18.0</iDate>
    <type>folder</type>
    <inode>SYSTEM_FOLDER</inode>
    <identifier>bc9a1d37-dd2d-4d49-a29d-0c9be740bfaf</identifier>
    <name>system folder</name>
    <sortOrder>0</sortOrder>
    <showOnMenu>false</showOnMenu>
    <hostId>SYSTEM_HOST</hostId>
    <title>System folder</title>
    <filesMasks></filesMasks>
    <defaultFileType>33888b6f-7a8e-4069-b1b6-5c1aa9d0a48d</defaultFileType>
  </com.dotmarketing.portlets.folders.model.Folder>
</list>