<list>
  <com.dotmarketing.portlets.htmlpages.model.HTMLPage>
    <iDate class="sql-timestamp">2012-03-13 13:11:50.063</iDate>
    <type>htmlpage</type>
    <owner></owner>
    <inode>af47c6e6-d88e-42a0-9329-32b63b9cabfd</inode>
    <identifier>a0c4d65f-c55c-4360-93a4-b3a8c06190e1</identifier>
    <title>rss</title>
    <friendlyName>rss</friendlyName>
    <modDate class="sql-timestamp">2012-03-13 13:11:50.079</modDate>
    <modUser>dotcms.org.1</modUser>
    <sortOrder>0</sortOrder>
    <showOnMenu>false</showOnMenu>
    <metadata></metadata>
    <startDate class="sql-timestamp">2011-09-01 04:00:00.0</startDate>
    <endDate class="sql-timestamp">2011-09-01 04:00:00.0</endDate>
    <pageUrl>rss.html</pageUrl>
    <httpsRequired>false</httpsRequired>
    <redirect></redirect>
    <cacheTTL>15</cacheTTL>
    <seoKeywords></seoKeywords>
    <seoDescription></seoDescription>
    <templateId>7623ea3e-c0e6-46d8-8db6-9070f7bfc342</templateId>
  </com.dotmarketing.portlets.htmlpages.model.HTMLPage>
  <com.dotmarketing.portlets.htmlpages.model.HTMLPage>
    <iDate class="sql-timestamp">2012-02-14 21:54:59.287</iDate>
    <type>htmlpage</type>
    <owner></owner>
    <inode>5bdf95b9-aaef-4e21-acbd-8bd4c94ed3c3</inode>
    <identifier>593e803f-90e4-4077-be1e-172ba44e32e4</identifier>
    <title>product detail</title>
    <friendlyName>product detail</friendlyName>
    <modDate class="sql-timestamp">2012-02-14 22:07:46.317</modDate>
    <modUser>dotcms.org.1</modUser>
    <sortOrder>0</sortOrder>
    <showOnMenu>true</showOnMenu>
    <metadata></metadata>
    <startDate class="sql-timestamp">2012-02-14 05:00:00.0</startDate>
    <endDate class="sql-timestamp">2012-02-14 05:00:00.0</endDate>
    <pageUrl>product-detail.html</pageUrl>
    <httpsRequired>false</httpsRequired>
    <redirect></redirect>
    <cacheTTL>15</cacheTTL>
    <seoKeywords></seoKeywords>
    <seoDescription></seoDescription>
    <templateId>0f2d2e2d-ecdd-4b6a-9692-1f511b81af5e</templateId>
  </com.dotmarketing.portlets.htmlpages.model.HTMLPage>
  <com.dotmarketing.portlets.htmlpages.model.HTMLPage>
    <iDate class="sql-timestamp">2012-12-10 18:12:03.897</iDate>
    <type>htmlpage</type>
    <owner></owner>
    <inode>450eee25-0e63-4f48-aff4-ceb4df1ab6aa</inode>
    <identifier>fc4fb736-08fa-4277-a82b-44d7bae4d6a1</identifier>
    <title>openBank Homepage</title>
    <friendlyName>CoolBlue Theme</friendlyName>
    <modDate class="sql-timestamp">2012-12-10 18:12:45.198</modDate>
    <modUser>dotcms.org.1</modUser>
    <sortOrder>1</sortOrder>
    <showOnMenu>false</showOnMenu>
    <metadata></metadata>
    <startDate class="sql-timestamp">2012-10-16 04:00:00.0</startDate>
    <endDate class="sql-timestamp">2012-10-16 04:00:00.0</endDate>
    <pageUrl>index.html</pageUrl>
    <httpsRequired>false</httpsRequired>
    <redirect></redirect>
    <cacheTTL>15</cacheTTL>
    <seoKeywords></seoKeywords>
    <seoDescription></seoDescription>
    <templateId>8380507e-9491-4e53-9a66-28b2754ac9e9</templateId>
  </com.dotmarketing.portlets.htmlpages.model.HTMLPage>
  <com.dotmarketing.portlets.htmlpages.model.HTMLPage>
    <iDate class="sql-timestamp">2012-11-08 18:12:23.103</iDate>
    <type>htmlpage</type>
    <owner></owner>
    <inode>7f2c7642-a282-4c86-9d27-1bc9724967ed</inode>
    <identifier>951e63e3-8e3f-4ce4-92ef-ff9d7f66480e</identifier>
    <title>helloworld</title>
    <friendlyName>helloworld</friendlyName>
    <modDate class="sql-timestamp">2012-11-08 18:12:23.117</modDate>
    <modUser>dotcms.org.1</modUser>
    <sortOrder>1</sortOrder>
    <showOnMenu>true</showOnMenu>
    <metadata></metadata>
    <startDate class="sql-timestamp">2012-03-06 05:00:00.0</startDate>
    <endDate class="sql-timestamp">2012-03-06 05:00:00.0</endDate>
    <pageUrl>helloworld.html</pageUrl>
    <httpsRequired>false</httpsRequired>
    <redirect></redirect>
    <cacheTTL>15</cacheTTL>
    <seoKeywords></seoKeywords>
    <seoDescription></seoDescription>
    <templateId>8660b482-1ef6-4d00-9459-3996e703ba19</templateId>
  </com.dotmarketing.portlets.htmlpages.model.HTMLPage>
  <com.dotmarketing.portlets.htmlpages.model.HTMLPage>
    <iDate class="sql-timestamp">2012-11-08 18:04:29.647</iDate>
    <type>htmlpage</type>
    <owner></owner>
    <inode>23237d83-de7e-4d3f-b155-a6afe0177946</inode>
    <identifier>3b6bebd0-145f-48a9-8736-ae5d657f3550</identifier>
    <title>What We Do</title>
    <friendlyName>What We Do</friendlyName>
    <modDate class="sql-timestamp">2012-11-08 18:04:29.662</modDate>
    <modUser>dotcms.org.1</modUser>
    <sortOrder>2</sortOrder>
    <showOnMenu>true</showOnMenu>
    <metadata></metadata>
    <startDate class="sql-timestamp">2011-06-28 04:00:00.0</startDate>
    <endDate class="sql-timestamp">2011-06-28 04:00:00.0</endDate>
    <pageUrl>what-we-do.html</pageUrl>
    <httpsRequired>false</httpsRequired>
    <redirect></redirect>
    <cacheTTL>15</cacheTTL>
    <seoKeywords></seoKeywords>
    <seoDescription></seoDescription>
    <templateId>8660b482-1ef6-4d00-9459-3996e703ba19</templateId>
  </com.dotmarketing.portlets.htmlpages.model.HTMLPage>
  <com.dotmarketing.portlets.htmlpages.model.HTMLPage>
    <iDate class="sql-timestamp">2012-11-08 19:33:51.52</iDate>
    <type>htmlpage</type>
    <owner></owner>
    <inode>5c77f1cc-120d-4bcc-b8c6-32667356b234</inode>
    <identifier>88b2b481-6a88-4022-b71f-518aa7335ea0</identifier>
    <title>Wealth Management Home</title>
    <friendlyName>Wealth Management Home</friendlyName>
    <modDate class="sql-timestamp">2012-11-08 19:33:51.534</modDate>
    <modUser>dotcms.org.1</modUser>
    <sortOrder>0</sortOrder>
    <showOnMenu>false</showOnMenu>
    <metadata></metadata>
    <startDate class="sql-timestamp">2012-03-02 05:00:00.0</startDate>
    <endDate class="sql-timestamp">2012-03-02 05:00:00.0</endDate>
    <pageUrl>index.html</pageUrl>
    <httpsRequired>false</httpsRequired>
    <redirect></redirect>
    <cacheTTL>15</cacheTTL>
    <seoKeywords></seoKeywords>
    <seoDescription></seoDescription>
    <templateId>d30a0347-7473-49ab-b67d-cc7a972f4d59</templateId>
  </com.dotmarketing.portlets.htmlpages.model.HTMLPage>
  <com.dotmarketing.portlets.htmlpages.model.HTMLPage>
    <iDate class="sql-timestamp">2012-03-19 23:03:16.055</iDate>
    <type>htmlpage</type>
    <owner></owner>
    <inode>80942b35-830d-4a38-a420-893f36e111dd</inode>
    <identifier>de2bd63b-4f34-415a-b2fc-5e9fa7020b45</identifier>
    <title>Wealth Management</title>
    <friendlyName>Wealth Management</friendlyName>
    <modDate class="sql-timestamp">2012-03-21 16:12:36.431</modDate>
    <modUser>dotcms.org.1</modUser>
    <sortOrder>0</sortOrder>
    <showOnMenu>false</showOnMenu>
    <metadata></metadata>
    <startDate class="sql-timestamp">2012-03-19 04:00:00.0</startDate>
    <endDate class="sql-timestamp">2012-03-19 04:00:00.0</endDate>
    <pageUrl>index.html</pageUrl>
    <httpsRequired>false</httpsRequired>
    <redirect></redirect>
    <cacheTTL>15</cacheTTL>
    <seoKeywords></seoKeywords>
    <seoDescription></seoDescription>
    <templateId>0f2d2e2d-ecdd-4b6a-9692-1f511b81af5e</templateId>
  </com.dotmarketing.portlets.htmlpages.model.HTMLPage>
  <com.dotmarketing.portlets.htmlpages.model.HTMLPage>
    <iDate class="sql-timestamp">2012-11-14 20:47:18.277</iDate>
    <type>htmlpage</type>
    <owner></owner>
    <inode>f76bc06d-066d-4fdc-9d53-a4bc989ec845</inode>
    <identifier>d2f7edd9-5dcf-4125-9a2a-1a3464066994</identifier>
    <title>Videos</title>
    <friendlyName>videos</friendlyName>
    <modDate class="sql-timestamp">2012-11-14 20:47:18.293</modDate>
    <modUser>dotcms.org.1</modUser>
    <sortOrder>1</sortOrder>
    <showOnMenu>true</showOnMenu>
    <metadata></metadata>
    <startDate class="sql-timestamp">2011-07-05 04:00:00.0</startDate>
    <endDate class="sql-timestamp">2011-07-05 04:00:00.0</endDate>
    <pageUrl>videos.html</pageUrl>
    <httpsRequired>false</httpsRequired>
    <redirect></redirect>
    <cacheTTL>15</cacheTTL>
    <seoKeywords></seoKeywords>
    <seoDescription></seoDescription>
    <templateId>3622f559-7ea7-4b7a-96ce-1313f3b1a2f5</templateId>
  </com.dotmarketing.portlets.htmlpages.model.HTMLPage>
  <com.dotmarketing.portlets.htmlpages.model.HTMLPage>
    <iDate class="sql-timestamp">2012-11-08 18:46:42.778</iDate>
    <type>htmlpage</type>
    <owner></owner>
    <inode>e7d168a5-ee8f-401b-b0f2-a70e0ddce5a0</inode>
    <identifier>a3230fc8-5fbb-43a2-9d58-bf352f0971cc</identifier>
    <title>Upload Document</title>
    <friendlyName>Upload Document</friendlyName>
    <modDate class="sql-timestamp">2012-11-08 18:46:42.793</modDate>
    <modUser>dotcms.org.1</modUser>
    <sortOrder>0</sortOrder>
    <showOnMenu>false</showOnMenu>
    <metadata></metadata>
    <startDate class="sql-timestamp">2012-03-07 05:00:00.0</startDate>
    <endDate class="sql-timestamp">2012-03-07 05:00:00.0</endDate>
    <pageUrl>upload-document.html</pageUrl>
    <httpsRequired>false</httpsRequired>
    <redirect></redirect>
    <cacheTTL>15</cacheTTL>
    <seoKeywords></seoKeywords>
    <seoDescription></seoDescription>
    <templateId>fdb3f906-e9c4-46c4-b7e4-148201271d04</templateId>
  </com.dotmarketing.portlets.htmlpages.model.HTMLPage>
  <com.dotmarketing.portlets.htmlpages.model.HTMLPage>
    <iDate class="sql-timestamp">2012-11-08 18:45:00.512</iDate>
    <type>htmlpage</type>
    <owner></owner>
    <inode>48b84126-c67f-4256-b7e5-7494ec57ea7e</inode>
    <identifier>6247c3b2-f5bf-40c6-9b07-ae06d56a1b7c</identifier>
    <title>Thank You</title>
    <friendlyName>Thank You</friendlyName>
    <modDate class="sql-timestamp">2012-11-08 18:45:00.544</modDate>
    <modUser>dotcms.org.1</modUser>
    <sortOrder>0</sortOrder>
    <showOnMenu>false</showOnMenu>
    <metadata></metadata>
    <startDate class="sql-timestamp">2012-01-11 05:00:00.0</startDate>
    <endDate class="sql-timestamp">2012-01-11 05:00:00.0</endDate>
    <pageUrl>thank-you.html</pageUrl>
    <httpsRequired>false</httpsRequired>
    <redirect></redirect>
    <cacheTTL>15</cacheTTL>
    <seoKeywords></seoKeywords>
    <seoDescription></seoDescription>
    <templateId>fdb3f906-e9c4-46c4-b7e4-148201271d04</templateId>
  </com.dotmarketing.portlets.htmlpages.model.HTMLPage>
  <com.dotmarketing.portlets.htmlpages.model.HTMLPage>
    <iDate class="sql-timestamp">2012-11-08 18:47:48.943</iDate>
    <type>htmlpage</type>
    <owner></owner>
    <inode>507f1057-5e75-4746-91f0-728c6f9ca569</inode>
    <identifier>0572b59b-340f-4085-a023-bb25f512041a</identifier>
    <title>Thank You</title>
    <friendlyName>Thank You</friendlyName>
    <modDate class="sql-timestamp">2012-11-08 18:47:48.957</modDate>
    <modUser>dotcms.org.1</modUser>
    <sortOrder>0</sortOrder>
    <showOnMenu>false</showOnMenu>
    <metadata></metadata>
    <startDate class="sql-timestamp">2012-03-06 05:00:00.0</startDate>
    <endDate class="sql-timestamp">2012-03-06 05:00:00.0</endDate>
    <pageUrl>thank_you.html</pageUrl>
    <httpsRequired>false</httpsRequired>
    <redirect></redirect>
    <cacheTTL>15</cacheTTL>
    <seoKeywords></seoKeywords>
    <seoDescription></seoDescription>
    <templateId>fdb3f906-e9c4-46c4-b7e4-148201271d04</templateId>
  </com.dotmarketing.portlets.htmlpages.model.HTMLPage>
  <com.dotmarketing.portlets.htmlpages.model.HTMLPage>
    <iDate class="sql-timestamp">2012-11-08 19:16:40.349</iDate>
    <type>htmlpage</type>
    <owner></owner>
    <inode>4c391f70-4e24-48f4-b9bf-2701afd81d71</inode>
    <identifier>69dcec4a-4364-445e-8d88-98e96d6ef5de</identifier>
    <title>Site Search</title>
    <friendlyName>site search</friendlyName>
    <modDate class="sql-timestamp">2012-11-08 19:16:40.363</modDate>
    <modUser>dotcms.org.1</modUser>
    <sortOrder>0</sortOrder>
    <showOnMenu>false</showOnMenu>
    <metadata></metadata>
    <startDate class="sql-timestamp">2012-03-05 05:00:00.0</startDate>
    <endDate class="sql-timestamp">2012-03-05 05:00:00.0</endDate>
    <pageUrl>site-search.html</pageUrl>
    <httpsRequired>false</httpsRequired>
    <redirect></redirect>
    <cacheTTL>15</cacheTTL>
    <seoKeywords></seoKeywords>
    <seoDescription></seoDescription>
    <templateId>959821e3-83d4-4de6-826d-7395a6ce6f97</templateId>
  </com.dotmarketing.portlets.htmlpages.model.HTMLPage>
  <com.dotmarketing.portlets.htmlpages.model.HTMLPage>
    <iDate class="sql-timestamp">2012-11-08 18:53:24.843</iDate>
    <type>htmlpage</type>
    <owner></owner>
    <inode>63c3385c-921d-485e-aceb-f7a84b78075c</inode>
    <identifier>1b074c9c-6da4-4f0c-aba2-33052f325ed7</identifier>
    <title>Site Map</title>
    <friendlyName>Site Map</friendlyName>
    <modDate class="sql-timestamp">2012-11-08 18:53:24.86</modDate>
    <modUser>dotcms.org.1</modUser>
    <sortOrder>0</sortOrder>
    <showOnMenu>false</showOnMenu>
    <metadata></metadata>
    <startDate class="sql-timestamp">2011-07-05 04:00:00.0</startDate>
    <endDate class="sql-timestamp">2011-07-05 04:00:00.0</endDate>
    <pageUrl>site-map.html</pageUrl>
    <httpsRequired>false</httpsRequired>
    <redirect></redirect>
    <cacheTTL>15</cacheTTL>
    <seoKeywords></seoKeywords>
    <seoDescription></seoDescription>
    <templateId>fdb3f906-e9c4-46c4-b7e4-148201271d04</templateId>
  </com.dotmarketing.portlets.htmlpages.model.HTMLPage>
  <com.dotmarketing.portlets.htmlpages.model.HTMLPage>
    <iDate class="sql-timestamp">2012-11-08 18:50:29.862</iDate>
    <type>htmlpage</type>
    <owner></owner>
    <inode>198879fd-8c9f-4717-904d-cae1a17c3a65</inode>
    <identifier>a088b172-e621-4870-8389-a1c5f284e7d9</identifier>
    <title>Reset Password Email Sent</title>
    <friendlyName>Reset Password Email Sent</friendlyName>
    <modDate class="sql-timestamp">2012-11-08 18:50:29.876</modDate>
    <modUser>dotcms.org.1</modUser>
    <sortOrder>0</sortOrder>
    <showOnMenu>false</showOnMenu>
    <metadata></metadata>
    <startDate class="sql-timestamp">2012-03-01 05:00:00.0</startDate>
    <endDate class="sql-timestamp">2012-03-01 05:00:00.0</endDate>
    <pageUrl>reset_password_email_sent.html</pageUrl>
    <httpsRequired>false</httpsRequired>
    <redirect></redirect>
    <cacheTTL>15</cacheTTL>
    <seoKeywords></seoKeywords>
    <seoDescription></seoDescription>
    <templateId>fdb3f906-e9c4-46c4-b7e4-148201271d04</templateId>
  </com.dotmarketing.portlets.htmlpages.model.HTMLPage>
  <com.dotmarketing.portlets.htmlpages.model.HTMLPage>
    <iDate class="sql-timestamp">2012-11-08 18:49:24.74</iDate>
    <type>htmlpage</type>
    <owner></owner>
    <inode>edcbd37a-7c89-41f3-b22e-f33283f87538</inode>
    <identifier>d9f12ac9-e37a-46ba-930d-bdd41d46ab22</identifier>
    <title>Reset Password Confirmation</title>
    <friendlyName>Reset Password Confirmation</friendlyName>
    <modDate class="sql-timestamp">2012-11-08 18:49:24.754</modDate>
    <modUser>dotcms.org.1</modUser>
    <sortOrder>0</sortOrder>
    <showOnMenu>false</showOnMenu>
    <metadata></metadata>
    <startDate class="sql-timestamp">2012-03-01 05:00:00.0</startDate>
    <endDate class="sql-timestamp">2012-03-01 05:00:00.0</endDate>
    <pageUrl>reset_password_confirmation.html</pageUrl>
    <httpsRequired>false</httpsRequired>
    <redirect></redirect>
    <cacheTTL>15</cacheTTL>
    <seoKeywords></seoKeywords>
    <seoDescription></seoDescription>
    <templateId>fdb3f906-e9c4-46c4-b7e4-148201271d04</templateId>
  </com.dotmarketing.portlets.htmlpages.model.HTMLPage>
  <com.dotmarketing.portlets.htmlpages.model.HTMLPage>
    <iDate class="sql-timestamp">2012-11-08 18:51:05.132</iDate>
    <type>htmlpage</type>
    <owner></owner>
    <inode>910d8673-1772-416a-bedb-c3f94f06b0a1</inode>
    <identifier>5aaf726e-efe1-45ac-be67-22d7a8b8ea8f</identifier>
    <title>Reset Password</title>
    <friendlyName>Reset Password</friendlyName>
    <modDate class="sql-timestamp">2012-11-08 18:51:05.146</modDate>
    <modUser>dotcms.org.1</modUser>
    <sortOrder>0</sortOrder>
    <showOnMenu>false</showOnMenu>
    <metadata></metadata>
    <startDate class="sql-timestamp">2012-03-01 05:00:00.0</startDate>
    <endDate class="sql-timestamp">2012-03-01 05:00:00.0</endDate>
    <pageUrl>reset_password.html</pageUrl>
    <httpsRequired>false</httpsRequired>
    <redirect></redirect>
    <cacheTTL>15</cacheTTL>
    <seoKeywords></seoKeywords>
    <seoDescription></seoDescription>
    <templateId>fdb3f906-e9c4-46c4-b7e4-148201271d04</templateId>
  </com.dotmarketing.portlets.htmlpages.model.HTMLPage>
  <com.dotmarketing.portlets.htmlpages.model.HTMLPage>
    <iDate class="sql-timestamp">2012-11-08 18:53:04.83</iDate>
    <type>htmlpage</type>
    <owner></owner>
    <inode>dd9f6fb7-0c87-4b48-836a-12383e186c51</inode>
    <identifier>813b1cef-465f-455d-920f-063718cdd6f9</identifier>
    <title>Resend Activation Email</title>
    <friendlyName>Resend Activation Email</friendlyName>
    <modDate class="sql-timestamp">2012-11-08 18:53:04.844</modDate>
    <modUser>dotcms.org.1</modUser>
    <sortOrder>1</sortOrder>
    <showOnMenu>true</showOnMenu>
    <metadata></metadata>
    <startDate class="sql-timestamp">2012-03-01 05:00:00.0</startDate>
    <endDate class="sql-timestamp">2012-03-01 05:00:00.0</endDate>
    <pageUrl>resend_activation_email.html</pageUrl>
    <httpsRequired>false</httpsRequired>
    <redirect></redirect>
    <cacheTTL>15</cacheTTL>
    <seoKeywords></seoKeywords>
    <seoDescription></seoDescription>
    <templateId>fdb3f906-e9c4-46c4-b7e4-148201271d04</templateId>
  </com.dotmarketing.portlets.htmlpages.model.HTMLPage>
  <com.dotmarketing.portlets.htmlpages.model.HTMLPage>
    <iDate class="sql-timestamp">2012-07-06 18:28:05.757</iDate>
    <type>htmlpage</type>
    <owner></owner>
    <inode>386e2ec9-e266-467e-a5f8-9f0ed14bdb1c</inode>
    <identifier>47e72441-654d-4cf1-9d44-97fe9d5ecef5</identifier>
    <title>Reports</title>
    <friendlyName>Reports</friendlyName>
    <modDate class="sql-timestamp">2012-07-10 18:54:26.692</modDate>
    <modUser>dotcms.org.1</modUser>
    <sortOrder>2</sortOrder>
    <showOnMenu>true</showOnMenu>
    <metadata></metadata>
    <startDate class="sql-timestamp">2012-07-06 04:00:00.0</startDate>
    <endDate class="sql-timestamp">2012-07-06 04:00:00.0</endDate>
    <pageUrl>reports.html</pageUrl>
    <httpsRequired>false</httpsRequired>
    <redirect></redirect>
    <cacheTTL>15</cacheTTL>
    <seoKeywords></seoKeywords>
    <seoDescription></seoDescription>
    <templateId>0f2d2e2d-ecdd-4b6a-9692-1f511b81af5e</templateId>
  </com.dotmarketing.portlets.htmlpages.model.HTMLPage>
  <com.dotmarketing.portlets.htmlpages.model.HTMLPage>
    <iDate class="sql-timestamp">2012-11-08 18:45:48.483</iDate>
    <type>htmlpage</type>
    <owner></owner>
    <inode>6e44d40b-bff9-40c7-8c03-22639cf7409b</inode>
    <identifier>e476a7f6-d252-4a47-be8a-6de4c5d4cc4b</identifier>
    <title>Products</title>
    <friendlyName>Products</friendlyName>
    <modDate class="sql-timestamp">2012-11-08 18:45:48.496</modDate>
    <modUser>dotcms.org.1</modUser>
    <sortOrder>0</sortOrder>
    <showOnMenu>false</showOnMenu>
    <metadata></metadata>
    <startDate class="sql-timestamp">2011-07-05 04:00:00.0</startDate>
    <endDate class="sql-timestamp">2011-07-05 04:00:00.0</endDate>
    <pageUrl>index.html</pageUrl>
    <httpsRequired>false</httpsRequired>
    <redirect></redirect>
    <cacheTTL>15</cacheTTL>
    <seoKeywords></seoKeywords>
    <seoDescription></seoDescription>
    <templateId>fdb3f906-e9c4-46c4-b7e4-148201271d04</templateId>
  </com.dotmarketing.portlets.htmlpages.model.HTMLPage>
  <com.dotmarketing.portlets.htmlpages.model.HTMLPage>
    <iDate class="sql-timestamp">2012-11-08 19:18:04.87</iDate>
    <type>htmlpage</type>
    <owner></owner>
    <inode>af71cc7f-7881-4f4d-bd29-a35cbe74a8fd</inode>
    <identifier>4b64a746-9df0-4e32-bae2-1cb9b7e6dea7</identifier>
    <title>Product Detail</title>
    <friendlyName>Product Detail</friendlyName>
    <modDate class="sql-timestamp">2012-11-08 19:18:04.883</modDate>
    <modUser>dotcms.org.1</modUser>
    <sortOrder>0</sortOrder>
    <showOnMenu>false</showOnMenu>
    <metadata></metadata>
    <startDate class="sql-timestamp">2011-07-20 04:00:00.0</startDate>
    <endDate class="sql-timestamp">2011-07-20 04:00:00.0</endDate>
    <pageUrl>detail.html</pageUrl>
    <httpsRequired>false</httpsRequired>
    <redirect></redirect>
    <cacheTTL>15</cacheTTL>
    <seoKeywords></seoKeywords>
    <seoDescription></seoDescription>
    <templateId>959821e3-83d4-4de6-826d-7395a6ce6f97</templateId>
  </com.dotmarketing.portlets.htmlpages.model.HTMLPage>
  <com.dotmarketing.portlets.htmlpages.model.HTMLPage>
    <iDate class="sql-timestamp">2013-04-29 11:49:43.742</iDate>
    <type>htmlpage</type>
    <owner></owner>
    <inode>8f546505-8acd-4ec0-902c-e30381a99e45</inode>
    <identifier>7cfa54eb-1612-401f-96b3-3e04fa14c52d</identifier>
    <title>Private Banking</title>
    <friendlyName>Private Banking</friendlyName>
    <modDate class="sql-timestamp">2013-04-29 11:49:49.271</modDate>
    <modUser>dotcms.org.1</modUser>
    <sortOrder>0</sortOrder>
    <showOnMenu>false</showOnMenu>
    <metadata></metadata>
    <startDate class="sql-timestamp">2012-03-02 05:00:00.0</startDate>
    <endDate class="sql-timestamp">2012-03-02 05:00:00.0</endDate>
    <pageUrl>index.html</pageUrl>
    <httpsRequired>false</httpsRequired>
    <redirect></redirect>
    <cacheTTL>15</cacheTTL>
    <seoKeywords>banking, private banking, rich people, top 1%</seoKeywords>
    <seoDescription>Private banking is banking, investment and other financial services provided by banks to private individuals investing sizable assets.</seoDescription>
    <templateId>d30a0347-7473-49ab-b67d-cc7a972f4d59</templateId>
  </com.dotmarketing.portlets.htmlpages.model.HTMLPage>
  <com.dotmarketing.portlets.htmlpages.model.HTMLPage>
    <iDate class="sql-timestamp">2012-03-19 23:01:04.295</iDate>
    <type>htmlpage</type>
    <owner></owner>
    <inode>d287d6e0-9c87-42a1-8244-e74279356275</inode>
    <identifier>ee2a42c9-0845-4b87-b516-2519a87c69a6</identifier>
    <title>Private Banking</title>
    <friendlyName>Private Banking</friendlyName>
    <modDate class="sql-timestamp">2012-03-21 16:12:02.465</modDate>
    <modUser>dotcms.org.1</modUser>
    <sortOrder>0</sortOrder>
    <showOnMenu>false</showOnMenu>
    <metadata></metadata>
    <startDate class="sql-timestamp">2012-03-19 04:00:00.0</startDate>
    <endDate class="sql-timestamp">2012-03-19 04:00:00.0</endDate>
    <pageUrl>index.html</pageUrl>
    <httpsRequired>false</httpsRequired>
    <redirect></redirect>
    <cacheTTL>15</cacheTTL>
    <seoKeywords></seoKeywords>
    <seoDescription></seoDescription>
    <templateId>0f2d2e2d-ecdd-4b6a-9692-1f511b81af5e</templateId>
  </com.dotmarketing.portlets.htmlpages.model.HTMLPage>
  <com.dotmarketing.portlets.htmlpages.model.HTMLPage>
    <iDate class="sql-timestamp">2012-11-08 19:12:08.641</iDate>
    <type>htmlpage</type>
    <owner></owner>
    <inode>8d67c41a-c051-482b-ba0f-f1f4d220bba3</inode>
    <identifier>8dac83a5-4a32-4786-bbe4-f09192a1ad77</identifier>
    <title>Photos</title>
    <friendlyName>Photos</friendlyName>
    <modDate class="sql-timestamp">2012-11-08 19:12:08.658</modDate>
    <modUser>dotcms.org.1</modUser>
    <sortOrder>2</sortOrder>
    <showOnMenu>true</showOnMenu>
    <metadata></metadata>
    <startDate class="sql-timestamp">2011-07-07 04:00:00.0</startDate>
    <endDate class="sql-timestamp">2011-07-07 04:00:00.0</endDate>
    <pageUrl>images.html</pageUrl>
    <httpsRequired>false</httpsRequired>
    <redirect></redirect>
    <cacheTTL>15</cacheTTL>
    <seoKeywords></seoKeywords>
    <seoDescription></seoDescription>
    <templateId>fdb3f906-e9c4-46c4-b7e4-148201271d04</templateId>
  </com.dotmarketing.portlets.htmlpages.model.HTMLPage>
  <com.dotmarketing.portlets.htmlpages.model.HTMLPage>
    <iDate class="sql-timestamp">2012-07-10 19:36:50.784</iDate>
    <type>htmlpage</type>
    <owner></owner>
    <inode>dc3e2bfc-5be0-4363-aed7-0861e16c632b</inode>
    <identifier>a199aa48-db48-463b-a8b0-5a4ac30b90a3</identifier>
    <title>Photos</title>
    <friendlyName>Gallery1</friendlyName>
    <modDate class="sql-timestamp">2012-07-10 19:36:50.801</modDate>
    <modUser>dotcms.org.1</modUser>
    <sortOrder>1</sortOrder>
    <showOnMenu>true</showOnMenu>
    <metadata></metadata>
    <startDate class="sql-timestamp">2012-03-27 04:00:00.0</startDate>
    <endDate class="sql-timestamp">2012-03-27 04:00:00.0</endDate>
    <pageUrl>photos.html</pageUrl>
    <httpsRequired>false</httpsRequired>
    <redirect></redirect>
    <cacheTTL>15</cacheTTL>
    <seoKeywords></seoKeywords>
    <seoDescription></seoDescription>
    <templateId>993d1322-b209-4720-b4c7-a0f816c49df8</templateId>
  </com.dotmarketing.portlets.htmlpages.model.HTMLPage>
  <com.dotmarketing.portlets.htmlpages.model.HTMLPage>
    <iDate class="sql-timestamp">2012-11-08 19:16:05.13</iDate>
    <type>htmlpage</type>
    <owner></owner>
    <inode>01328249-cc8d-4d8b-86bf-f70ae9e952b8</inode>
    <identifier>f9fc55e7-557a-4047-a8be-15e5ca69fa62</identifier>
    <title>Our Team</title>
    <friendlyName>Our Team</friendlyName>
    <modDate class="sql-timestamp">2012-11-08 19:16:05.144</modDate>
    <modUser>dotcms.org.1</modUser>
    <sortOrder>0</sortOrder>
    <showOnMenu>false</showOnMenu>
    <metadata></metadata>
    <startDate class="sql-timestamp">2011-07-05 04:00:00.0</startDate>
    <endDate class="sql-timestamp">2011-07-05 04:00:00.0</endDate>
    <pageUrl>index.html</pageUrl>
    <httpsRequired>false</httpsRequired>
    <redirect></redirect>
    <cacheTTL>15</cacheTTL>
    <seoKeywords></seoKeywords>
    <seoDescription></seoDescription>
    <templateId>959821e3-83d4-4de6-826d-7395a6ce6f97</templateId>
  </com.dotmarketing.portlets.htmlpages.model.HTMLPage>
  <com.dotmarketing.portlets.htmlpages.model.HTMLPage>
    <iDate class="sql-timestamp">2012-01-19 20:50:36.442</iDate>
    <type>htmlpage</type>
    <owner></owner>
    <inode>9c0f6772-d74e-4938-9393-e197c1b5310e</inode>
    <identifier>b0175d07-aca0-43be-9fc1-2e4ad637c00a</identifier>
    <title>Our Team</title>
    <friendlyName>Our Team</friendlyName>
    <modDate class="sql-timestamp">2012-02-14 18:52:35.428</modDate>
    <modUser>dotcms.org.1</modUser>
    <sortOrder>0</sortOrder>
    <showOnMenu>false</showOnMenu>
    <metadata></metadata>
    <startDate class="sql-timestamp">2012-01-19 05:00:00.0</startDate>
    <endDate class="sql-timestamp">2012-01-19 05:00:00.0</endDate>
    <pageUrl>index.html</pageUrl>
    <httpsRequired>false</httpsRequired>
    <redirect></redirect>
    <cacheTTL>15</cacheTTL>
    <seoKeywords></seoKeywords>
    <seoDescription></seoDescription>
    <templateId>9341b41d-e4d8-4ac3-bcca-5ac241db4f5d</templateId>
  </com.dotmarketing.portlets.htmlpages.model.HTMLPage>
  <com.dotmarketing.portlets.htmlpages.model.HTMLPage>
    <iDate class="sql-timestamp">2012-06-27 14:33:02.618</iDate>
    <type>htmlpage</type>
    <owner></owner>
    <inode>3d9098d5-ec15-40d9-907f-f2cb0bd4bf63</inode>
    <identifier>63d655b2-ae21-4461-85a0-4993f450cfa7</identifier>
    <title>News RSS</title>
    <friendlyName>rss news</friendlyName>
    <modDate class="sql-timestamp">2012-06-27 14:44:16.057</modDate>
    <modUser>dotcms.org.1</modUser>
    <sortOrder>0</sortOrder>
    <showOnMenu>false</showOnMenu>
    <metadata></metadata>
    <startDate class="sql-timestamp">2012-06-27 04:00:00.0</startDate>
    <endDate class="sql-timestamp">2012-06-27 04:00:00.0</endDate>
    <pageUrl>news-rss.html</pageUrl>
    <httpsRequired>false</httpsRequired>
    <redirect></redirect>
    <cacheTTL>15</cacheTTL>
    <seoKeywords></seoKeywords>
    <seoDescription></seoDescription>
    <templateId>7623ea3e-c0e6-46d8-8db6-9070f7bfc342</templateId>
  </com.dotmarketing.portlets.htmlpages.model.HTMLPage>
  <com.dotmarketing.portlets.htmlpages.model.HTMLPage>
    <iDate class="sql-timestamp">2012-02-14 18:37:54.014</iDate>
    <type>htmlpage</type>
    <owner></owner>
    <inode>a6856f37-c977-448c-935d-230c9ccb0ac4</inode>
    <identifier>9e4e90b2-7f66-42e1-8146-c6328f5a5fb1</identifier>
    <title>News Listing</title>
    <friendlyName>News Listing</friendlyName>
    <modDate class="sql-timestamp">2012-02-14 19:02:18.668</modDate>
    <modUser>dotcms.org.1</modUser>
    <sortOrder>0</sortOrder>
    <showOnMenu>false</showOnMenu>
    <metadata></metadata>
    <startDate class="sql-timestamp">2012-02-14 05:00:00.0</startDate>
    <endDate class="sql-timestamp">2012-02-14 05:00:00.0</endDate>
    <pageUrl>index.html</pageUrl>
    <httpsRequired>false</httpsRequired>
    <redirect></redirect>
    <cacheTTL>15</cacheTTL>
    <seoKeywords></seoKeywords>
    <seoDescription></seoDescription>
    <templateId>9341b41d-e4d8-4ac3-bcca-5ac241db4f5d</templateId>
  </com.dotmarketing.portlets.htmlpages.model.HTMLPage>
  <com.dotmarketing.portlets.htmlpages.model.HTMLPage>
    <iDate class="sql-timestamp">2012-11-08 18:14:32.924</iDate>
    <type>htmlpage</type>
    <owner></owner>
    <inode>e17d8bc8-c09c-441c-b82e-84e7ca50fb1f</inode>
    <identifier>7621ce00-9b72-476d-b201-3b195f92a66f</identifier>
    <title>News Detail</title>
    <friendlyName>News Detail</friendlyName>
    <modDate class="sql-timestamp">2012-11-08 18:14:32.939</modDate>
    <modUser>dotcms.org.1</modUser>
    <sortOrder>0</sortOrder>
    <showOnMenu>false</showOnMenu>
    <metadata></metadata>
    <startDate class="sql-timestamp">2011-06-28 04:00:00.0</startDate>
    <endDate class="sql-timestamp">2011-06-28 04:00:00.0</endDate>
    <pageUrl>news-detail.html</pageUrl>
    <httpsRequired>false</httpsRequired>
    <redirect></redirect>
    <cacheTTL>15</cacheTTL>
    <seoKeywords></seoKeywords>
    <seoDescription></seoDescription>
    <templateId>8660b482-1ef6-4d00-9459-3996e703ba19</templateId>
  </com.dotmarketing.portlets.htmlpages.model.HTMLPage>
  <com.dotmarketing.portlets.htmlpages.model.HTMLPage>
    <iDate class="sql-timestamp">2012-11-08 18:06:20.005</iDate>
    <type>htmlpage</type>
    <owner></owner>
    <inode>c283033f-2e51-42e7-a2f1-0bf0d5a7e57b</inode>
    <identifier>dc9d1fcc-a499-44d8-a7f2-397f3da360b6</identifier>
    <title>News</title>
    <friendlyName>News &amp; Headlines</friendlyName>
    <modDate class="sql-timestamp">2012-11-08 18:06:20.018</modDate>
    <modUser>dotcms.org.1</modUser>
    <sortOrder>0</sortOrder>
    <showOnMenu>true</showOnMenu>
    <metadata></metadata>
    <startDate class="sql-timestamp">2011-07-05 04:00:00.0</startDate>
    <endDate class="sql-timestamp">2011-07-05 04:00:00.0</endDate>
    <pageUrl>index.html</pageUrl>
    <httpsRequired>false</httpsRequired>
    <redirect></redirect>
    <cacheTTL>15</cacheTTL>
    <seoKeywords></seoKeywords>
    <seoDescription></seoDescription>
    <templateId>8660b482-1ef6-4d00-9459-3996e703ba19</templateId>
  </com.dotmarketing.portlets.htmlpages.model.HTMLPage>
  <com.dotmarketing.portlets.htmlpages.model.HTMLPage>
    <iDate class="sql-timestamp">2012-11-08 18:48:35.822</iDate>
    <type>htmlpage</type>
    <owner></owner>
    <inode>03a0eb77-fe0d-4cb3-92b9-4b8ace303c85</inode>
    <identifier>84a50687-8027-4d27-a8b9-b18db7d5450d</identifier>
    <title>My Account</title>
    <friendlyName>My Account</friendlyName>
    <modDate class="sql-timestamp">2012-11-08 18:48:35.839</modDate>
    <modUser>dotcms.org.1</modUser>
    <sortOrder>0</sortOrder>
    <showOnMenu>false</showOnMenu>
    <metadata></metadata>
    <startDate class="sql-timestamp">2012-03-01 05:00:00.0</startDate>
    <endDate class="sql-timestamp">2012-03-01 05:00:00.0</endDate>
    <pageUrl>my_account.html</pageUrl>
    <httpsRequired>false</httpsRequired>
    <redirect></redirect>
    <cacheTTL>15</cacheTTL>
    <seoKeywords></seoKeywords>
    <seoDescription></seoDescription>
    <templateId>fdb3f906-e9c4-46c4-b7e4-148201271d04</templateId>
  </com.dotmarketing.portlets.htmlpages.model.HTMLPage>
  <com.dotmarketing.portlets.htmlpages.model.HTMLPage>
    <iDate class="sql-timestamp">2012-01-23 19:51:37.833</iDate>
    <type>htmlpage</type>
    <owner></owner>
    <inode>356f4ff8-e053-491d-9902-b4481f990a29</inode>
    <identifier>c09cdd1c-3740-409d-bc6b-dfdcb52ca070</identifier>
    <title>Mobile Home</title>
    <friendlyName>Mobile Home</friendlyName>
    <modDate class="sql-timestamp">2012-07-27 15:39:37.441</modDate>
    <modUser>dotcms.org.1</modUser>
    <sortOrder>1</sortOrder>
    <showOnMenu>false</showOnMenu>
    <metadata></metadata>
    <startDate class="sql-timestamp">2012-01-19 05:00:00.0</startDate>
    <endDate class="sql-timestamp">2012-01-19 05:00:00.0</endDate>
    <pageUrl>index.html</pageUrl>
    <httpsRequired>false</httpsRequired>
    <redirect></redirect>
    <cacheTTL>15</cacheTTL>
    <seoKeywords></seoKeywords>
    <seoDescription></seoDescription>
    <templateId>0a1cf815-ac9a-4619-9100-19631b739776</templateId>
  </com.dotmarketing.portlets.htmlpages.model.HTMLPage>
  <com.dotmarketing.portlets.htmlpages.model.HTMLPage>
    <iDate class="sql-timestamp">2012-09-13 12:56:02.422</iDate>
    <type>htmlpage</type>
    <owner></owner>
    <inode>f97f1f28-57d5-49ef-965a-e136dc0effa5</inode>
    <identifier>c9162a5c-6e6b-4e68-8bd7-4d46e8a929f4</identifier>
    <title>Mobile Confirm</title>
    <friendlyName>Mobile Confirm</friendlyName>
    <modDate class="sql-timestamp">2012-09-13 16:00:07.529</modDate>
    <modUser>dotcms.org.1</modUser>
    <sortOrder>0</sortOrder>
    <showOnMenu>false</showOnMenu>
    <metadata></metadata>
    <startDate class="sql-timestamp">2012-09-13 04:00:00.0</startDate>
    <endDate class="sql-timestamp">2012-09-13 04:00:00.0</endDate>
    <pageUrl>mobile-confirm.html</pageUrl>
    <httpsRequired>false</httpsRequired>
    <redirect></redirect>
    <cacheTTL>15</cacheTTL>
    <seoKeywords></seoKeywords>
    <seoDescription></seoDescription>
    <templateId>7623ea3e-c0e6-46d8-8db6-9070f7bfc342</templateId>
  </com.dotmarketing.portlets.htmlpages.model.HTMLPage>
  <com.dotmarketing.portlets.htmlpages.model.HTMLPage>
    <iDate class="sql-timestamp">2012-11-08 19:34:17.648</iDate>
    <type>htmlpage</type>
    <owner></owner>
    <inode>a6ab6d74-92fe-4f24-b4f6-0dd43d21f856</inode>
    <identifier>c6da18ef-487a-4c9f-9827-5dd60796fcee</identifier>
    <title>Market Research</title>
    <friendlyName>Market Research</friendlyName>
    <modDate class="sql-timestamp">2012-11-08 19:34:17.662</modDate>
    <modUser>dotcms.org.1</modUser>
    <sortOrder>0</sortOrder>
    <showOnMenu>false</showOnMenu>
    <metadata></metadata>
    <startDate class="sql-timestamp">2012-03-02 05:00:00.0</startDate>
    <endDate class="sql-timestamp">2012-03-02 05:00:00.0</endDate>
    <pageUrl>index.html</pageUrl>
    <httpsRequired>false</httpsRequired>
    <redirect></redirect>
    <cacheTTL>15</cacheTTL>
    <seoKeywords>Research, Market, Reports</seoKeywords>
    <seoDescription>Market research is any organized effort to gather information about markets or customers. It is a very important component of business strategy.</seoDescription>
    <templateId>d30a0347-7473-49ab-b67d-cc7a972f4d59</templateId>
  </com.dotmarketing.portlets.htmlpages.model.HTMLPage>
  <com.dotmarketing.portlets.htmlpages.model.HTMLPage>
    <iDate class="sql-timestamp">2012-03-19 23:00:26.566</iDate>
    <type>htmlpage</type>
    <owner></owner>
    <inode>bfc542c4-6f34-4940-b97e-84ba091aa841</inode>
    <identifier>ed2bfdcc-436a-40fe-be5b-c847c942f34a</identifier>
    <title>Market Research</title>
    <friendlyName>Market Research</friendlyName>
    <modDate class="sql-timestamp">2012-07-06 13:24:31.721</modDate>
    <modUser>dotcms.org.1</modUser>
    <sortOrder>0</sortOrder>
    <showOnMenu>false</showOnMenu>
    <metadata></metadata>
    <startDate class="sql-timestamp">2012-03-19 04:00:00.0</startDate>
    <endDate class="sql-timestamp">2012-03-19 04:00:00.0</endDate>
    <pageUrl>index.html</pageUrl>
    <httpsRequired>false</httpsRequired>
    <redirect></redirect>
    <cacheTTL>15</cacheTTL>
    <seoKeywords></seoKeywords>
    <seoDescription></seoDescription>
    <templateId>0f2d2e2d-ecdd-4b6a-9692-1f511b81af5e</templateId>
  </com.dotmarketing.portlets.htmlpages.model.HTMLPage>
  <com.dotmarketing.portlets.htmlpages.model.HTMLPage>
    <iDate class="sql-timestamp">2012-11-08 19:17:13.45</iDate>
    <type>htmlpage</type>
    <owner></owner>
    <inode>87e5cd64-0329-4a9b-b812-95d9b9f194ac</inode>
    <identifier>ca8723a1-ce2d-4ae7-88cc-ac010d5405f5</identifier>
    <title>Login</title>
    <friendlyName>Login</friendlyName>
    <modDate class="sql-timestamp">2012-11-08 19:17:13.464</modDate>
    <modUser>dotcms.org.1</modUser>
    <sortOrder>0</sortOrder>
    <showOnMenu>false</showOnMenu>
    <metadata></metadata>
    <startDate class="sql-timestamp">2012-03-01 05:00:00.0</startDate>
    <endDate class="sql-timestamp">2012-03-01 05:00:00.0</endDate>
    <pageUrl>login.html</pageUrl>
    <httpsRequired>false</httpsRequired>
    <redirect></redirect>
    <cacheTTL>15</cacheTTL>
    <seoKeywords></seoKeywords>
    <seoDescription></seoDescription>
    <templateId>959821e3-83d4-4de6-826d-7395a6ce6f97</templateId>
  </com.dotmarketing.portlets.htmlpages.model.HTMLPage>
  <com.dotmarketing.portlets.htmlpages.model.HTMLPage>
    <iDate class="sql-timestamp">2012-11-14 20:36:50.328</iDate>
    <type>htmlpage</type>
    <owner></owner>
    <inode>272ef951-bbd6-49c8-9a5c-83c947c0ed22</inode>
    <identifier>8e7dccc5-928e-4c13-9044-cca0566ada23</identifier>
    <title>Locations</title>
    <friendlyName>Locations</friendlyName>
    <modDate class="sql-timestamp">2013-06-28 15:25:50.063</modDate>
    <modUser>dotcms.org.1</modUser>
    <sortOrder>0</sortOrder>
    <showOnMenu>false</showOnMenu>
    <metadata></metadata>
    <startDate class="sql-timestamp">2011-07-05 04:00:00.0</startDate>
    <endDate class="sql-timestamp">2011-07-05 04:00:00.0</endDate>
    <pageUrl>index.html</pageUrl>
    <httpsRequired>false</httpsRequired>
    <redirect></redirect>
    <cacheTTL>15</cacheTTL>
    <seoKeywords></seoKeywords>
    <seoDescription></seoDescription>
    <templateId>959821e3-83d4-4de6-826d-7395a6ce6f97</templateId>
  </com.dotmarketing.portlets.htmlpages.model.HTMLPage>
  <com.dotmarketing.portlets.htmlpages.model.HTMLPage>
    <iDate class="sql-timestamp">2012-01-20 16:10:09.071</iDate>
    <type>htmlpage</type>
    <owner></owner>
    <inode>ccc56729-6c53-41eb-9cf6-0d9f8b2b0058</inode>
    <identifier>baf137d7-961a-494d-bd4d-786b0a60bac8</identifier>
    <title>Locations</title>
    <friendlyName>Locations</friendlyName>
    <modDate class="sql-timestamp">2012-02-14 19:01:01.302</modDate>
    <modUser>dotcms.org.1</modUser>
    <sortOrder>2</sortOrder>
    <showOnMenu>true</showOnMenu>
    <metadata></metadata>
    <startDate class="sql-timestamp">2012-01-20 05:00:00.0</startDate>
    <endDate class="sql-timestamp">2012-01-20 05:00:00.0</endDate>
    <pageUrl>locations.html</pageUrl>
    <httpsRequired>false</httpsRequired>
    <redirect></redirect>
    <cacheTTL>15</cacheTTL>
    <seoKeywords></seoKeywords>
    <seoDescription></seoDescription>
    <templateId>9341b41d-e4d8-4ac3-bcca-5ac241db4f5d</templateId>
  </com.dotmarketing.portlets.htmlpages.model.HTMLPage>
  <com.dotmarketing.portlets.htmlpages.model.HTMLPage>
    <iDate class="sql-timestamp">2012-02-16 16:39:34.028</iDate>
    <type>htmlpage</type>
    <owner></owner>
    <inode>1dc48946-0e6a-4a55-9422-fc15eeeebac6</inode>
    <identifier>8cf68df5-7cb3-4b6d-aed9-2d27fc00c5bb</identifier>
    <title>Location Detail</title>
    <friendlyName>Location Detail</friendlyName>
    <modDate class="sql-timestamp">2012-02-16 16:59:27.596</modDate>
    <modUser>dotcms.org.1</modUser>
    <sortOrder>0</sortOrder>
    <showOnMenu>false</showOnMenu>
    <metadata></metadata>
    <startDate class="sql-timestamp">2012-02-16 05:00:00.0</startDate>
    <endDate class="sql-timestamp">2012-02-16 05:00:00.0</endDate>
    <pageUrl>location-detail.html</pageUrl>
    <httpsRequired>false</httpsRequired>
    <redirect></redirect>
    <cacheTTL>15</cacheTTL>
    <seoKeywords></seoKeywords>
    <seoDescription></seoDescription>
    <templateId>0f2d2e2d-ecdd-4b6a-9692-1f511b81af5e</templateId>
  </com.dotmarketing.portlets.htmlpages.model.HTMLPage>
  <com.dotmarketing.portlets.htmlpages.model.HTMLPage>
    <iDate class="sql-timestamp">2012-11-08 18:13:50.087</iDate>
    <type>htmlpage</type>
    <owner></owner>
    <inode>497ec35d-5250-4b8c-af9c-d352f140f810</inode>
    <identifier>fdeb07ff-6fc3-4237-91d9-728109bc621d</identifier>
    <title>Location Detail</title>
    <friendlyName>Location Detail</friendlyName>
    <modDate class="sql-timestamp">2012-11-08 18:13:50.113</modDate>
    <modUser>dotcms.org.1</modUser>
    <sortOrder>0</sortOrder>
    <showOnMenu>false</showOnMenu>
    <metadata></metadata>
    <startDate class="sql-timestamp">2011-07-08 04:00:00.0</startDate>
    <endDate class="sql-timestamp">2011-07-08 04:00:00.0</endDate>
    <pageUrl>location-detail.html</pageUrl>
    <httpsRequired>false</httpsRequired>
    <redirect></redirect>
    <cacheTTL>15</cacheTTL>
    <seoKeywords></seoKeywords>
    <seoDescription></seoDescription>
    <templateId>8660b482-1ef6-4d00-9459-3996e703ba19</templateId>
  </com.dotmarketing.portlets.htmlpages.model.HTMLPage>
  <com.dotmarketing.portlets.htmlpages.model.HTMLPage>
    <iDate class="sql-timestamp">2012-03-05 20:37:30.876</iDate>
    <type>htmlpage</type>
    <owner></owner>
    <inode>975964f8-ef1f-451a-aa23-10a44c39ce98</inode>
    <identifier>1aeb328b-57b5-46e8-9eec-2cb2b4c24953</identifier>
    <title>Location Clickstream</title>
    <friendlyName>Location Clickstream</friendlyName>
    <modDate class="sql-timestamp">2012-03-05 20:37:30.905</modDate>
    <modUser>dotcms.org.1</modUser>
    <sortOrder>0</sortOrder>
    <showOnMenu>false</showOnMenu>
    <metadata></metadata>
    <startDate class="sql-timestamp">2012-03-02 05:00:00.0</startDate>
    <endDate class="sql-timestamp">2012-03-02 05:00:00.0</endDate>
    <pageUrl>location-clickstream.html</pageUrl>
    <httpsRequired>false</httpsRequired>
    <redirect></redirect>
    <cacheTTL>15</cacheTTL>
    <seoKeywords></seoKeywords>
    <seoDescription></seoDescription>
    <templateId>7623ea3e-c0e6-46d8-8db6-9070f7bfc342</templateId>
  </com.dotmarketing.portlets.htmlpages.model.HTMLPage>
  <com.dotmarketing.portlets.htmlpages.model.HTMLPage>
    <iDate class="sql-timestamp">2012-01-19 20:49:45.237</iDate>
    <type>htmlpage</type>
    <owner></owner>
    <inode>845a396c-1911-4224-97f5-13c3cff8751b</inode>
    <identifier>62e39701-ccf0-47b4-a118-a0d9c288758d</identifier>
    <title>Investor Resources</title>
    <friendlyName>Investor Resources</friendlyName>
    <modDate class="sql-timestamp">2012-03-27 19:59:40.74</modDate>
    <modUser>dotcms.org.1</modUser>
    <sortOrder>0</sortOrder>
    <showOnMenu>false</showOnMenu>
    <metadata></metadata>
    <startDate class="sql-timestamp">2012-01-19 05:00:00.0</startDate>
    <endDate class="sql-timestamp">2012-01-19 05:00:00.0</endDate>
    <pageUrl>index.html</pageUrl>
    <httpsRequired>false</httpsRequired>
    <redirect></redirect>
    <cacheTTL>15</cacheTTL>
    <seoKeywords></seoKeywords>
    <seoDescription></seoDescription>
    <templateId>9341b41d-e4d8-4ac3-bcca-5ac241db4f5d</templateId>
  </com.dotmarketing.portlets.htmlpages.model.HTMLPage>
  <com.dotmarketing.portlets.htmlpages.model.HTMLPage>
    <iDate class="sql-timestamp">2012-11-14 16:38:13.088</iDate>
    <type>htmlpage</type>
    <owner></owner>
    <inode>c3648875-dfd1-46be-bd2a-f2ebe1c2436e</inode>
    <identifier>2c86ef5a-fcfe-441e-990f-20a87cd85aa2</identifier>
    <title>Investment Professionals</title>
    <friendlyName>index</friendlyName>
    <modDate class="sql-timestamp">2013-05-31 18:21:33.986</modDate>
    <modUser>dotcms.org.1</modUser>
    <sortOrder>1</sortOrder>
    <showOnMenu>true</showOnMenu>
    <metadata></metadata>
    <startDate class="sql-timestamp">2012-06-25 04:00:00.0</startDate>
    <endDate class="sql-timestamp">2012-06-25 04:00:00.0</endDate>
    <pageUrl>index.html</pageUrl>
    <httpsRequired>false</httpsRequired>
    <redirect></redirect>
    <cacheTTL>15</cacheTTL>
    <seoKeywords></seoKeywords>
    <seoDescription></seoDescription>
    <templateId>ade7c405-fb68-437b-bb38-b0b04502861e</templateId>
  </com.dotmarketing.portlets.htmlpages.model.HTMLPage>
  <com.dotmarketing.portlets.htmlpages.model.HTMLPage>
    <iDate class="sql-timestamp">2012-03-20 20:43:31.712</iDate>
    <type>htmlpage</type>
    <owner></owner>
    <inode>e49a2a92-ad3e-477f-adbb-1ab1ee703190</inode>
    <identifier>ca55a959-18bb-4c7d-956d-4478315ae6b1</identifier>
    <title>Investment Banking</title>
    <friendlyName>Investment Banking</friendlyName>
    <modDate class="sql-timestamp">2012-03-21 16:10:29.175</modDate>
    <modUser>dotcms.org.1</modUser>
    <sortOrder>0</sortOrder>
    <showOnMenu>false</showOnMenu>
    <metadata></metadata>
    <startDate class="sql-timestamp">2012-03-19 04:00:00.0</startDate>
    <endDate class="sql-timestamp">2012-03-19 04:00:00.0</endDate>
    <pageUrl>index.html</pageUrl>
    <httpsRequired>false</httpsRequired>
    <redirect></redirect>
    <cacheTTL>15</cacheTTL>
    <seoKeywords></seoKeywords>
    <seoDescription></seoDescription>
    <templateId>0f2d2e2d-ecdd-4b6a-9692-1f511b81af5e</templateId>
  </com.dotmarketing.portlets.htmlpages.model.HTMLPage>
  <com.dotmarketing.portlets.htmlpages.model.HTMLPage>
    <iDate class="sql-timestamp">2012-11-08 19:30:37.048</iDate>
    <type>htmlpage</type>
    <owner></owner>
    <inode>f3bdd94c-e9df-4e9e-ac5f-4d6b1096b88b</inode>
    <identifier>026a6d1a-5eeb-449a-9465-8a3ecc719571</identifier>
    <title>Investment Banking</title>
    <friendlyName>Investment Banking</friendlyName>
    <modDate class="sql-timestamp">2012-11-08 19:30:37.063</modDate>
    <modUser>dotcms.org.1</modUser>
    <sortOrder>0</sortOrder>
    <showOnMenu>false</showOnMenu>
    <metadata></metadata>
    <startDate class="sql-timestamp">2012-03-20 04:00:00.0</startDate>
    <endDate class="sql-timestamp">2012-03-20 04:00:00.0</endDate>
    <pageUrl>index.html</pageUrl>
    <httpsRequired>false</httpsRequired>
    <redirect></redirect>
    <cacheTTL>15</cacheTTL>
    <seoKeywords></seoKeywords>
    <seoDescription></seoDescription>
    <templateId>d30a0347-7473-49ab-b67d-cc7a972f4d59</templateId>
  </com.dotmarketing.portlets.htmlpages.model.HTMLPage>
  <com.dotmarketing.portlets.htmlpages.model.HTMLPage>
    <iDate class="sql-timestamp">2012-01-19 20:48:18.112</iDate>
    <type>htmlpage</type>
    <owner></owner>
    <inode>468f0da7-eef4-41eb-90fc-1f587a3b145c</inode>
    <identifier>5072e590-e88a-463a-b38c-e4217d41d0b5</identifier>
    <title>Investable Products</title>
    <friendlyName>Investable Products</friendlyName>
    <modDate class="sql-timestamp">2012-02-14 19:01:52.877</modDate>
    <modUser>dotcms.org.1</modUser>
    <sortOrder>0</sortOrder>
    <showOnMenu>false</showOnMenu>
    <metadata></metadata>
    <startDate class="sql-timestamp">2012-01-19 05:00:00.0</startDate>
    <endDate class="sql-timestamp">2012-01-19 05:00:00.0</endDate>
    <pageUrl>index.html</pageUrl>
    <httpsRequired>false</httpsRequired>
    <redirect></redirect>
    <cacheTTL>15</cacheTTL>
    <seoKeywords></seoKeywords>
    <seoDescription></seoDescription>
    <templateId>9341b41d-e4d8-4ac3-bcca-5ac241db4f5d</templateId>
  </com.dotmarketing.portlets.htmlpages.model.HTMLPage>
  <com.dotmarketing.portlets.htmlpages.model.HTMLPage>
    <iDate class="sql-timestamp">2012-11-08 17:45:05.132</iDate>
    <type>htmlpage</type>
    <owner></owner>
    <inode>a823cb26-c96f-41af-92e9-3c4bc3002360</inode>
    <identifier>f56cf085-247e-4c68-b316-30ad4e6fa2ca</identifier>
    <title>Index</title>
    <friendlyName>index</friendlyName>
    <modDate class="sql-timestamp">2012-11-08 17:45:05.15</modDate>
    <modUser>dotcms.org.1</modUser>
    <sortOrder>5</sortOrder>
    <showOnMenu>false</showOnMenu>
    <metadata></metadata>
    <startDate class="sql-timestamp">2012-10-16 04:00:00.0</startDate>
    <endDate class="sql-timestamp">2012-10-16 04:00:00.0</endDate>
    <pageUrl>index.html</pageUrl>
    <httpsRequired>false</httpsRequired>
    <redirect>/services/investment-banking/</redirect>
    <cacheTTL>15</cacheTTL>
    <seoKeywords></seoKeywords>
    <seoDescription></seoDescription>
    <templateId>9396ac6a-d32c-4539-966e-c776e7562cfb</templateId>
  </com.dotmarketing.portlets.htmlpages.model.HTMLPage>
  <com.dotmarketing.portlets.htmlpages.model.HTMLPage>
    <iDate class="sql-timestamp">2012-11-06 18:11:58.891</iDate>
    <type>htmlpage</type>
    <owner></owner>
    <inode>49925346-be32-4282-865d-49813388eca2</inode>
    <identifier>c992f9e8-d432-46fd-8e8e-e377b8c5de60</identifier>
    <title>Homepage</title>
    <friendlyName>Homepage</friendlyName>
    <modDate class="sql-timestamp">2012-11-06 19:07:22.554</modDate>
    <modUser>dotcms.org.1</modUser>
    <sortOrder>1</sortOrder>
    <showOnMenu>true</showOnMenu>
    <metadata></metadata>
    <startDate class="sql-timestamp">2012-11-02 04:00:00.0</startDate>
    <endDate class="sql-timestamp">2012-11-02 04:00:00.0</endDate>
    <pageUrl>index.html</pageUrl>
    <httpsRequired>false</httpsRequired>
    <redirect></redirect>
    <cacheTTL>15</cacheTTL>
    <seoKeywords></seoKeywords>
    <seoDescription></seoDescription>
    <templateId>32d79748-2172-47f9-a407-8395f41c9d5e</templateId>
  </com.dotmarketing.portlets.htmlpages.model.HTMLPage>
  <com.dotmarketing.portlets.htmlpages.model.HTMLPage>
    <iDate class="sql-timestamp">2012-11-08 20:22:35.755</iDate>
    <type>htmlpage</type>
    <owner></owner>
    <inode>ffecf99d-8fbc-468e-9ab4-2d04db588d8a</inode>
    <identifier>69bd8ab7-861c-4eba-826b-19adec1d7ec8</identifier>
    <title>Home Page</title>
    <friendlyName>Home Page</friendlyName>
    <modDate class="sql-timestamp">2013-06-04 13:00:32.763</modDate>
    <modUser>dotcms.org.1</modUser>
    <sortOrder>0</sortOrder>
    <showOnMenu>false</showOnMenu>
    <metadata></metadata>
    <startDate class="sql-timestamp">2011-06-17 04:00:00.0</startDate>
    <endDate class="sql-timestamp">2011-06-17 04:00:00.0</endDate>
    <pageUrl>index.html</pageUrl>
    <httpsRequired>false</httpsRequired>
    <redirect></redirect>
    <cacheTTL>15</cacheTTL>
    <seoKeywords></seoKeywords>
    <seoDescription></seoDescription>
    <templateId>32d79748-2172-47f9-a407-8395f41c9d5e</templateId>
  </com.dotmarketing.portlets.htmlpages.model.HTMLPage>
  <com.dotmarketing.portlets.htmlpages.model.HTMLPage>
    <iDate class="sql-timestamp">2012-02-14 21:08:42.705</iDate>
    <type>htmlpage</type>
    <owner></owner>
    <inode>a92e9cc3-8470-4ce6-bf1f-9bf4264e3609</inode>
    <identifier>422b78b6-5b2f-4c40-9c1e-eccc70e37413</identifier>
    <title>Headlines</title>
    <friendlyName>Headlines</friendlyName>
    <modDate class="sql-timestamp">2012-02-29 15:49:00.523</modDate>
    <modUser>dotcms.org.1</modUser>
    <sortOrder>0</sortOrder>
    <showOnMenu>false</showOnMenu>
    <metadata></metadata>
    <startDate class="sql-timestamp">2012-01-31 05:00:00.0</startDate>
    <endDate class="sql-timestamp">2012-01-31 05:00:00.0</endDate>
    <pageUrl>news-detail.html</pageUrl>
    <httpsRequired>false</httpsRequired>
    <redirect></redirect>
    <cacheTTL>15</cacheTTL>
    <seoKeywords></seoKeywords>
    <seoDescription></seoDescription>
    <templateId>0f2d2e2d-ecdd-4b6a-9692-1f511b81af5e</templateId>
  </com.dotmarketing.portlets.htmlpages.model.HTMLPage>
  <com.dotmarketing.portlets.htmlpages.model.HTMLPage>
    <iDate class="sql-timestamp">2012-01-20 16:10:30.357</iDate>
    <type>htmlpage</type>
    <owner></owner>
    <inode>f2cfd0f5-308a-45d3-a1b5-f6e8745cd269</inode>
    <identifier>c0d0ba73-0c45-49d5-86df-2f1dd793a8bd</identifier>
    <title>Headlines</title>
    <friendlyName>Headlines</friendlyName>
    <modDate class="sql-timestamp">2012-02-14 19:01:25.25</modDate>
    <modUser>dotcms.org.1</modUser>
    <sortOrder>3</sortOrder>
    <showOnMenu>true</showOnMenu>
    <metadata></metadata>
    <startDate class="sql-timestamp">2012-01-20 05:00:00.0</startDate>
    <endDate class="sql-timestamp">2012-01-20 05:00:00.0</endDate>
    <pageUrl>headlines.html</pageUrl>
    <httpsRequired>false</httpsRequired>
    <redirect></redirect>
    <cacheTTL>15</cacheTTL>
    <seoKeywords></seoKeywords>
    <seoDescription></seoDescription>
    <templateId>9341b41d-e4d8-4ac3-bcca-5ac241db4f5d</templateId>
  </com.dotmarketing.portlets.htmlpages.model.HTMLPage>
  <com.dotmarketing.portlets.htmlpages.model.HTMLPage>
    <iDate class="sql-timestamp">2012-11-08 18:50:01.382</iDate>
    <type>htmlpage</type>
    <owner></owner>
    <inode>59317e7e-d9d2-4a99-b35e-5292891333d6</inode>
    <identifier>1edc9ffe-cfdf-42a7-9b90-18cf090ddeba</identifier>
    <title>Forgot Password</title>
    <friendlyName>Forgot Password</friendlyName>
    <modDate class="sql-timestamp">2012-11-08 18:50:01.396</modDate>
    <modUser>dotcms.org.1</modUser>
    <sortOrder>0</sortOrder>
    <showOnMenu>false</showOnMenu>
    <metadata></metadata>
    <startDate class="sql-timestamp">2012-03-01 05:00:00.0</startDate>
    <endDate class="sql-timestamp">2012-03-01 05:00:00.0</endDate>
    <pageUrl>forgot_password.html</pageUrl>
    <httpsRequired>false</httpsRequired>
    <redirect></redirect>
    <cacheTTL>15</cacheTTL>
    <seoKeywords></seoKeywords>
    <seoDescription></seoDescription>
    <templateId>fdb3f906-e9c4-46c4-b7e4-148201271d04</templateId>
  </com.dotmarketing.portlets.htmlpages.model.HTMLPage>
  <com.dotmarketing.portlets.htmlpages.model.HTMLPage>
    <iDate class="sql-timestamp">2012-11-08 19:33:29.244</iDate>
    <type>htmlpage</type>
    <owner></owner>
    <inode>a34f0b3e-0dec-436f-bee3-5c7386c79b55</inode>
    <identifier>cebbdee0-82f8-4fe0-a08d-9326542c1651</identifier>
    <title>For The 1%</title>
    <friendlyName>For The 1%</friendlyName>
    <modDate class="sql-timestamp">2012-12-05 20:12:10.519</modDate>
    <modUser>dotcms.org.1</modUser>
    <sortOrder>0</sortOrder>
    <showOnMenu>true</showOnMenu>
    <metadata></metadata>
    <startDate class="sql-timestamp">2012-03-02 05:00:00.0</startDate>
    <endDate class="sql-timestamp">2012-03-02 05:00:00.0</endDate>
    <pageUrl>for-the-1-percent.html</pageUrl>
    <httpsRequired>false</httpsRequired>
    <redirect></redirect>
    <cacheTTL>15</cacheTTL>
    <seoKeywords></seoKeywords>
    <seoDescription></seoDescription>
    <templateId>d30a0347-7473-49ab-b67d-cc7a972f4d59</templateId>
  </com.dotmarketing.portlets.htmlpages.model.HTMLPage>
  <com.dotmarketing.portlets.htmlpages.model.HTMLPage>
    <iDate class="sql-timestamp">2012-11-08 19:37:37.973</iDate>
    <type>htmlpage</type>
    <owner></owner>
    <inode>29f64cd6-5abe-4307-b105-fcbeed13e621</inode>
    <identifier>a882178f-0433-4404-881e-c30634362517</identifier>
    <title>For Everyone Else</title>
    <friendlyName>For Everyone Else</friendlyName>
    <modDate class="sql-timestamp">2012-11-08 19:37:37.987</modDate>
    <modUser>dotcms.org.1</modUser>
    <sortOrder>1</sortOrder>
    <showOnMenu>true</showOnMenu>
    <metadata></metadata>
    <startDate class="sql-timestamp">2012-03-02 05:00:00.0</startDate>
    <endDate class="sql-timestamp">2012-03-02 05:00:00.0</endDate>
    <pageUrl>for-everyone-else.html</pageUrl>
    <httpsRequired>false</httpsRequired>
    <redirect></redirect>
    <cacheTTL>15</cacheTTL>
    <seoKeywords></seoKeywords>
    <seoDescription></seoDescription>
    <templateId>d30a0347-7473-49ab-b67d-cc7a972f4d59</templateId>
  </com.dotmarketing.portlets.htmlpages.model.HTMLPage>
  <com.dotmarketing.portlets.htmlpages.model.HTMLPage>
    <iDate class="sql-timestamp">2012-01-19 20:49:04.952</iDate>
    <type>htmlpage</type>
    <owner></owner>
    <inode>54ad55d2-2ac9-4d9a-b743-6e229108ace0</inode>
    <identifier>97914806-c0cd-488d-9214-364e1d5721fa</identifier>
    <title>Financial Services</title>
    <friendlyName>Financial Services</friendlyName>
    <modDate class="sql-timestamp">2012-03-19 22:59:33.139</modDate>
    <modUser>dotcms.org.1</modUser>
    <sortOrder>0</sortOrder>
    <showOnMenu>false</showOnMenu>
    <metadata></metadata>
    <startDate class="sql-timestamp">2012-01-19 05:00:00.0</startDate>
    <endDate class="sql-timestamp">2012-01-19 05:00:00.0</endDate>
    <pageUrl>index.html</pageUrl>
    <httpsRequired>false</httpsRequired>
    <redirect></redirect>
    <cacheTTL>15</cacheTTL>
    <seoKeywords></seoKeywords>
    <seoDescription></seoDescription>
    <templateId>9341b41d-e4d8-4ac3-bcca-5ac241db4f5d</templateId>
  </com.dotmarketing.portlets.htmlpages.model.HTMLPage>
  <com.dotmarketing.portlets.htmlpages.model.HTMLPage>
    <iDate class="sql-timestamp">2012-11-15 18:39:09.551</iDate>
    <type>htmlpage</type>
    <owner></owner>
    <inode>dcc0e72d-a793-4749-a61d-5f464672baf0</inode>
    <identifier>a9aaca31-e460-45f3-a150-2c709796362d</identifier>
    <title>Events</title>
    <friendlyName>Events</friendlyName>
    <modDate class="sql-timestamp">2012-11-15 18:39:09.581</modDate>
    <modUser>dotcms.org.1</modUser>
    <sortOrder>0</sortOrder>
    <showOnMenu>false</showOnMenu>
    <metadata></metadata>
    <startDate class="sql-timestamp">2011-11-17 05:00:00.0</startDate>
    <endDate class="sql-timestamp">2011-11-17 05:00:00.0</endDate>
    <pageUrl>index.html</pageUrl>
    <httpsRequired>false</httpsRequired>
    <redirect></redirect>
    <cacheTTL>15</cacheTTL>
    <seoKeywords></seoKeywords>
    <seoDescription></seoDescription>
    <templateId>8660b482-1ef6-4d00-9459-3996e703ba19</templateId>
  </com.dotmarketing.portlets.htmlpages.model.HTMLPage>
  <com.dotmarketing.portlets.htmlpages.model.HTMLPage>
    <iDate class="sql-timestamp">2012-11-08 18:16:26.976</iDate>
    <type>htmlpage</type>
    <owner></owner>
    <inode>e9032b8d-5aaa-455b-9685-4b2359428e7e</inode>
    <identifier>8aff34ed-d163-4311-9712-9b74e51e0044</identifier>
    <title>Event Detail</title>
    <friendlyName>event-detail.dot</friendlyName>
    <modDate class="sql-timestamp">2012-11-08 18:16:27.002</modDate>
    <modUser>dotcms.org.1</modUser>
    <sortOrder>0</sortOrder>
    <showOnMenu>false</showOnMenu>
    <metadata></metadata>
    <startDate class="sql-timestamp">2011-11-18 05:00:00.0</startDate>
    <endDate class="sql-timestamp">2011-11-18 05:00:00.0</endDate>
    <pageUrl>event-detail.html</pageUrl>
    <httpsRequired>false</httpsRequired>
    <redirect></redirect>
    <cacheTTL>15</cacheTTL>
    <seoKeywords></seoKeywords>
    <seoDescription></seoDescription>
    <templateId>8660b482-1ef6-4d00-9459-3996e703ba19</templateId>
  </com.dotmarketing.portlets.htmlpages.model.HTMLPage>
  <com.dotmarketing.portlets.htmlpages.model.HTMLPage>
    <iDate class="sql-timestamp">2012-11-08 18:49:01.879</iDate>
    <type>htmlpage</type>
    <owner></owner>
    <inode>2babd376-73a1-4201-9736-9c97ce25dc69</inode>
    <identifier>e33153ff-d668-4afe-b055-afc176a51787</identifier>
    <title>Edit User Address</title>
    <friendlyName>Edit User Address</friendlyName>
    <modDate class="sql-timestamp">2012-11-08 18:49:01.894</modDate>
    <modUser>dotcms.org.1</modUser>
    <sortOrder>2</sortOrder>
    <showOnMenu>true</showOnMenu>
    <metadata></metadata>
    <startDate class="sql-timestamp">2012-03-01 05:00:00.0</startDate>
    <endDate class="sql-timestamp">2012-03-01 05:00:00.0</endDate>
    <pageUrl>edit_user_address.html</pageUrl>
    <httpsRequired>false</httpsRequired>
    <redirect></redirect>
    <cacheTTL>15</cacheTTL>
    <seoKeywords></seoKeywords>
    <seoDescription></seoDescription>
    <templateId>fdb3f906-e9c4-46c4-b7e4-148201271d04</templateId>
  </com.dotmarketing.portlets.htmlpages.model.HTMLPage>
  <com.dotmarketing.portlets.htmlpages.model.HTMLPage>
    <iDate class="sql-timestamp">2012-11-08 17:52:59.498</iDate>
    <type>htmlpage</type>
    <owner></owner>
    <inode>f29a5c05-2a93-46bc-8624-f4afaf62285d</inode>
    <identifier>1f5559e3-df40-4032-887e-b1aa02d59021</identifier>
    <title>Documents</title>
    <friendlyName>Documents</friendlyName>
    <modDate class="sql-timestamp">2012-11-08 17:52:59.514</modDate>
    <modUser>dotcms.org.1</modUser>
    <sortOrder>0</sortOrder>
    <showOnMenu>true</showOnMenu>
    <metadata></metadata>
    <startDate class="sql-timestamp">2011-07-05 04:00:00.0</startDate>
    <endDate class="sql-timestamp">2011-07-05 04:00:00.0</endDate>
    <pageUrl>index.html</pageUrl>
    <httpsRequired>false</httpsRequired>
    <redirect></redirect>
    <cacheTTL>15</cacheTTL>
    <seoKeywords></seoKeywords>
    <seoDescription></seoDescription>
    <templateId>9396ac6a-d32c-4539-966e-c776e7562cfb</templateId>
  </com.dotmarketing.portlets.htmlpages.model.HTMLPage>
  <com.dotmarketing.portlets.htmlpages.model.HTMLPage>
    <iDate class="sql-timestamp">2012-11-08 19:15:25.193</iDate>
    <type>htmlpage</type>
    <owner></owner>
    <inode>d5e1d0eb-8b9a-4f80-adde-fdcbb6db5801</inode>
    <identifier>c308f4bb-77d0-4735-a84b-21d7af8d2604</identifier>
    <title>Document Detail</title>
    <friendlyName>Document Detail</friendlyName>
    <modDate class="sql-timestamp">2012-11-08 19:15:25.21</modDate>
    <modUser>dotcms.org.1</modUser>
    <sortOrder>0</sortOrder>
    <showOnMenu>false</showOnMenu>
    <metadata></metadata>
    <startDate class="sql-timestamp">2012-02-20 05:00:00.0</startDate>
    <endDate class="sql-timestamp">2012-02-20 05:00:00.0</endDate>
    <pageUrl>document-detail.html</pageUrl>
    <httpsRequired>false</httpsRequired>
    <redirect></redirect>
    <cacheTTL>15</cacheTTL>
    <seoKeywords></seoKeywords>
    <seoDescription></seoDescription>
    <templateId>959821e3-83d4-4de6-826d-7395a6ce6f97</templateId>
  </com.dotmarketing.portlets.htmlpages.model.HTMLPage>
  <com.dotmarketing.portlets.htmlpages.model.HTMLPage>
    <iDate class="sql-timestamp">2012-11-08 18:47:07.031</iDate>
    <type>htmlpage</type>
    <owner></owner>
    <inode>53eac4e7-5ec3-47db-83c8-fe83ba75775c</inode>
    <identifier>fd4c5695-2f23-42de-8dd5-25d8e856b6ce</identifier>
    <title>Create Account</title>
    <friendlyName>Create Account</friendlyName>
    <modDate class="sql-timestamp">2012-11-30 21:03:44.713</modDate>
    <modUser>dotcms.org.1</modUser>
    <sortOrder>0</sortOrder>
    <showOnMenu>false</showOnMenu>
    <metadata></metadata>
    <startDate class="sql-timestamp">2012-03-06 05:00:00.0</startDate>
    <endDate class="sql-timestamp">2012-03-06 05:00:00.0</endDate>
    <pageUrl>create_account.html</pageUrl>
    <httpsRequired>false</httpsRequired>
    <redirect></redirect>
    <cacheTTL>15</cacheTTL>
    <seoKeywords></seoKeywords>
    <seoDescription></seoDescription>
    <templateId>fdb3f906-e9c4-46c4-b7e4-148201271d04</templateId>
  </com.dotmarketing.portlets.htmlpages.model.HTMLPage>
  <com.dotmarketing.portlets.htmlpages.model.HTMLPage>
    <iDate class="sql-timestamp">2012-01-20 16:09:39.566</iDate>
    <type>htmlpage</type>
    <owner></owner>
    <inode>c563c188-905b-4f4d-877a-261f42deb029</inode>
    <identifier>d732dd28-0716-4a09-bdc7-486e97437396</identifier>
    <title>Contact Us</title>
    <friendlyName>Contact Us</friendlyName>
    <modDate class="sql-timestamp">2012-02-01 20:15:31.359</modDate>
    <modUser>dotcms.org.1</modUser>
    <sortOrder>1</sortOrder>
    <showOnMenu>true</showOnMenu>
    <metadata></metadata>
    <startDate class="sql-timestamp">2012-01-20 05:00:00.0</startDate>
    <endDate class="sql-timestamp">2012-01-20 05:00:00.0</endDate>
    <pageUrl>contact-us.html</pageUrl>
    <httpsRequired>false</httpsRequired>
    <redirect></redirect>
    <cacheTTL>15</cacheTTL>
    <seoKeywords></seoKeywords>
    <seoDescription></seoDescription>
    <templateId>9341b41d-e4d8-4ac3-bcca-5ac241db4f5d</templateId>
  </com.dotmarketing.portlets.htmlpages.model.HTMLPage>
  <com.dotmarketing.portlets.htmlpages.model.HTMLPage>
    <iDate class="sql-timestamp">2012-11-08 18:03:01.572</iDate>
    <type>htmlpage</type>
    <owner></owner>
    <inode>dd20423b-f576-456c-a30c-468979677231</inode>
    <identifier>ef223c47-b99c-4e50-9dbd-39cc7b68e527</identifier>
    <title>Contact Us</title>
    <friendlyName>Contact Us</friendlyName>
    <modDate class="sql-timestamp">2012-11-08 18:03:01.588</modDate>
    <modUser>dotcms.org.1</modUser>
    <sortOrder>1</sortOrder>
    <showOnMenu>false</showOnMenu>
    <metadata></metadata>
    <startDate class="sql-timestamp">2011-07-05 04:00:00.0</startDate>
    <endDate class="sql-timestamp">2011-07-05 04:00:00.0</endDate>
    <pageUrl>index.html</pageUrl>
    <httpsRequired>false</httpsRequired>
    <redirect></redirect>
    <cacheTTL>15</cacheTTL>
    <seoKeywords></seoKeywords>
    <seoDescription></seoDescription>
    <templateId>8660b482-1ef6-4d00-9459-3996e703ba19</templateId>
  </com.dotmarketing.portlets.htmlpages.model.HTMLPage>
  <com.dotmarketing.portlets.htmlpages.model.HTMLPage>
    <iDate class="sql-timestamp">2012-11-08 18:51:34.778</iDate>
    <type>htmlpage</type>
    <owner></owner>
    <inode>8fead81f-02c4-453e-927f-67453a15d857</inode>
    <identifier>ebc05a98-d211-494f-afb0-582ce6386e24</identifier>
    <title>Challenge Question</title>
    <friendlyName>Challenge Question</friendlyName>
    <modDate class="sql-timestamp">2012-11-08 18:51:34.792</modDate>
    <modUser>dotcms.org.1</modUser>
    <sortOrder>0</sortOrder>
    <showOnMenu>false</showOnMenu>
    <metadata></metadata>
    <startDate class="sql-timestamp">2012-03-01 05:00:00.0</startDate>
    <endDate class="sql-timestamp">2012-03-01 05:00:00.0</endDate>
    <pageUrl>challenge_question.html</pageUrl>
    <httpsRequired>false</httpsRequired>
    <redirect></redirect>
    <cacheTTL>15</cacheTTL>
    <seoKeywords></seoKeywords>
    <seoDescription></seoDescription>
    <templateId>fdb3f906-e9c4-46c4-b7e4-148201271d04</templateId>
  </com.dotmarketing.portlets.htmlpages.model.HTMLPage>
  <com.dotmarketing.portlets.htmlpages.model.HTMLPage>
    <iDate class="sql-timestamp">2013-04-17 16:00:04.998</iDate>
    <type>htmlpage</type>
    <owner></owner>
    <inode>7f9af4d7-a1bb-4b95-b409-33cd7a17a60a</inode>
    <identifier>f5b7372a-208f-458b-9ef9-0f780944ccae</identifier>
    <title>Body Page</title>
    <friendlyName>Body Page</friendlyName>
    <modDate class="sql-timestamp">2013-04-17 16:00:52.505</modDate>
    <modUser>dotcms.org.1</modUser>
    <sortOrder>1</sortOrder>
    <showOnMenu>false</showOnMenu>
    <metadata></metadata>
    <startDate class="sql-timestamp">2013-04-17 04:00:00.0</startDate>
    <endDate class="sql-timestamp">2013-04-17 04:00:00.0</endDate>
    <pageUrl>body-page.html</pageUrl>
    <httpsRequired>false</httpsRequired>
    <redirect></redirect>
    <cacheTTL>15</cacheTTL>
    <seoKeywords></seoKeywords>
    <seoDescription></seoDescription>
    <templateId>a9026cb3-f34e-4052-95b3-5dc087172677</templateId>
  </com.dotmarketing.portlets.htmlpages.model.HTMLPage>
  <com.dotmarketing.portlets.htmlpages.model.HTMLPage>
    <iDate class="sql-timestamp">2012-11-08 18:07:04.961</iDate>
    <type>htmlpage</type>
    <owner></owner>
    <inode>f199343b-4e22-4bf1-bc8e-a15b6a3e032f</inode>
    <identifier>9c5f42da-31b1-4935-9df6-153f5de1bdf2</identifier>
    <title>Blogs</title>
    <friendlyName>Blogs</friendlyName>
    <modDate class="sql-timestamp">2012-11-08 18:07:04.975</modDate>
    <modUser>dotcms.org.1</modUser>
    <sortOrder>0</sortOrder>
    <showOnMenu>false</showOnMenu>
    <metadata></metadata>
    <startDate class="sql-timestamp">2011-08-25 04:00:00.0</startDate>
    <endDate class="sql-timestamp">2011-08-25 04:00:00.0</endDate>
    <pageUrl>index.html</pageUrl>
    <httpsRequired>false</httpsRequired>
    <redirect></redirect>
    <cacheTTL>15</cacheTTL>
    <seoKeywords></seoKeywords>
    <seoDescription></seoDescription>
    <templateId>8660b482-1ef6-4d00-9459-3996e703ba19</templateId>
  </com.dotmarketing.portlets.htmlpages.model.HTMLPage>
  <com.dotmarketing.portlets.htmlpages.model.HTMLPage>
    <iDate class="sql-timestamp">2012-11-08 18:06:39.314</iDate>
    <type>htmlpage</type>
    <owner></owner>
    <inode>1d0343b0-9f60-4e2e-bee5-450a71dbc2ea</inode>
    <identifier>8f9892b8-de32-439a-b496-5c6620ac317a</identifier>
    <title>Blog Detail</title>
    <friendlyName>Blog Detail</friendlyName>
    <modDate class="sql-timestamp">2012-11-08 18:06:39.329</modDate>
    <modUser>dotcms.org.1</modUser>
    <sortOrder>0</sortOrder>
    <showOnMenu>false</showOnMenu>
    <metadata></metadata>
    <startDate class="sql-timestamp">2011-08-25 04:00:00.0</startDate>
    <endDate class="sql-timestamp">2011-08-25 04:00:00.0</endDate>
    <pageUrl>blog-detail.html</pageUrl>
    <httpsRequired>false</httpsRequired>
    <redirect></redirect>
    <cacheTTL>15</cacheTTL>
    <seoKeywords></seoKeywords>
    <seoDescription></seoDescription>
    <templateId>8660b482-1ef6-4d00-9459-3996e703ba19</templateId>
  </com.dotmarketing.portlets.htmlpages.model.HTMLPage>
  <com.dotmarketing.portlets.htmlpages.model.HTMLPage>
    <iDate class="sql-timestamp">2013-06-25 16:01:37.778</iDate>
    <type>htmlpage</type>
    <owner></owner>
    <inode>5f1353d2-dfff-4401-bd51-db5ce3c3bc33</inode>
    <identifier>c12fe7e6-d338-49d5-973b-2d974d57015b</identifier>
    <title>About Us</title>
    <friendlyName>About Us</friendlyName>
    <modDate class="sql-timestamp">2013-06-25 16:01:37.805</modDate>
    <modUser>dotcms.org.1</modUser>
    <sortOrder>0</sortOrder>
    <showOnMenu>true</showOnMenu>
    <metadata></metadata>
    <startDate class="sql-timestamp">2011-06-28 04:00:00.0</startDate>
    <endDate class="sql-timestamp">2011-06-28 04:00:00.0</endDate>
    <pageUrl>index.html</pageUrl>
    <httpsRequired>false</httpsRequired>
    <redirect></redirect>
    <cacheTTL>15</cacheTTL>
    <seoKeywords></seoKeywords>
    <seoDescription></seoDescription>
    <templateId>8660b482-1ef6-4d00-9459-3996e703ba19</templateId>
  </com.dotmarketing.portlets.htmlpages.model.HTMLPage>
  <com.dotmarketing.portlets.htmlpages.model.HTMLPage>
    <iDate class="sql-timestamp">2012-01-19 20:43:16.2</iDate>
    <type>htmlpage</type>
    <owner></owner>
    <inode>08c1a683-5481-4882-b5e6-5028493e6650</inode>
    <identifier>04d5585e-6fae-46d6-b542-8e74cdc51a80</identifier>
    <title>About Quest Financial</title>
    <friendlyName>About Quest Financial</friendlyName>
    <modDate class="sql-timestamp">2012-01-20 21:38:32.984</modDate>
    <modUser>dotcms.org.1</modUser>
    <sortOrder>0</sortOrder>
    <showOnMenu>false</showOnMenu>
    <metadata></metadata>
    <startDate class="sql-timestamp">2012-01-19 05:00:00.0</startDate>
    <endDate class="sql-timestamp">2012-01-19 05:00:00.0</endDate>
    <pageUrl>index.html</pageUrl>
    <httpsRequired>false</httpsRequired>
    <redirect></redirect>
    <cacheTTL>15</cacheTTL>
    <seoKeywords></seoKeywords>
    <seoDescription></seoDescription>
    <templateId>9341b41d-e4d8-4ac3-bcca-5ac241db4f5d</templateId>
  </com.dotmarketing.portlets.htmlpages.model.HTMLPage>
  <com.dotmarketing.portlets.htmlpages.model.HTMLPage>
    <iDate class="sql-timestamp">2013-02-13 13:57:31.037</iDate>
    <type>htmlpage</type>
    <owner></owner>
    <inode>b4e44d44-83f9-4584-92d0-29519aa5314d</inode>
    <identifier>fe50e1fc-689b-4ba4-b109-9351a8fd2c54</identifier>
    <title>404 Error</title>
    <friendlyName>404 Error</friendlyName>
    <modDate class="sql-timestamp">2013-02-13 13:57:31.069</modDate>
    <modUser>dotcms.org.1</modUser>
    <sortOrder>0</sortOrder>
    <showOnMenu>false</showOnMenu>
    <metadata></metadata>
    <startDate class="sql-timestamp">2011-06-28 04:00:00.0</startDate>
    <endDate class="sql-timestamp">2011-06-28 04:00:00.0</endDate>
    <pageUrl>404-error.html</pageUrl>
    <httpsRequired>false</httpsRequired>
    <redirect></redirect>
    <cacheTTL>15</cacheTTL>
    <seoKeywords></seoKeywords>
    <seoDescription></seoDescription>
    <templateId>fdb3f906-e9c4-46c4-b7e4-148201271d04</templateId>
  </com.dotmarketing.portlets.htmlpages.model.HTMLPage>
</list>