<list>
  <com.dotmarketing.portlets.dashboard.model.DashboardSummaryVisits>
    <id>1</id>
    <summaryPeriod>
      <id>1</id>
      <fullDate class="sql-timestamp">2010-12-15 05:00:00.0</fullDate>
      <day>15</day>
      <dayName>Wednesday</dayName>
      <week>3</week>
      <month>12</month>
      <monthName>December</monthName>
      <year>2010</year>
    </summaryPeriod>
    <hostId>48190c8c-42c4-46af-8d1a-0cd5db894797</hostId>
    <visitTime class="sql-timestamp">2010-12-15 16:00:00.0</visitTime>
    <visits>2</visits>
  </com.dotmarketing.portlets.dashboard.model.DashboardSummaryVisits>
  <com.dotmarketing.portlets.dashboard.model.DashboardSummaryVisits>
    <id>2</id>
    <summaryPeriod>
      <id>2</id>
      <fullDate class="sql-timestamp">2010-12-16 05:00:00.0</fullDate>
      <day>16</day>
      <dayName>Thusday</dayName>
      <week>3</week>
      <month>12</month>
      <monthName>December</monthName>
      <year>2010</year>
    </summaryPeriod>
    <hostId>48190c8c-42c4-46af-8d1a-0cd5db894797</hostId>
    <visitTime class="sql-timestamp">2010-12-16 13:00:00.0</visitTime>
    <visits>1</visits>
  </com.dotmarketing.portlets.dashboard.model.DashboardSummaryVisits>
  <com.dotmarketing.portlets.dashboard.model.DashboardSummaryVisits>
    <id>3</id>
    <summaryPeriod reference="../../com.dotmarketing.portlets.dashboard.model.DashboardSummaryVisits[2]/summaryPeriod"/>
    <hostId>48190c8c-42c4-46af-8d1a-0cd5db894797</hostId>
    <visitTime class="sql-timestamp">2010-12-16 15:00:00.0</visitTime>
    <visits>1</visits>
  </com.dotmarketing.portlets.dashboard.model.DashboardSummaryVisits>
  <com.dotmarketing.portlets.dashboard.model.DashboardSummaryVisits>
    <id>4</id>
    <summaryPeriod reference="../../com.dotmarketing.portlets.dashboard.model.DashboardSummaryVisits[2]/summaryPeriod"/>
    <hostId>48190c8c-42c4-46af-8d1a-0cd5db894797</hostId>
    <visitTime class="sql-timestamp">2010-12-16 22:00:00.0</visitTime>
    <visits>1</visits>
  </com.dotmarketing.portlets.dashboard.model.DashboardSummaryVisits>
  <com.dotmarketing.portlets.dashboard.model.DashboardSummaryVisits>
    <id>5</id>
    <summaryPeriod>
      <id>3</id>
      <fullDate class="sql-timestamp">2010-12-17 05:00:00.0</fullDate>
      <day>17</day>
      <dayName>Friday</dayName>
      <week>3</week>
      <month>12</month>
      <monthName>December</monthName>
      <year>2010</year>
    </summaryPeriod>
    <hostId>48190c8c-42c4-46af-8d1a-0cd5db894797</hostId>
    <visitTime class="sql-timestamp">2010-12-17 13:00:00.0</visitTime>
    <visits>1</visits>
  </com.dotmarketing.portlets.dashboard.model.DashboardSummaryVisits>
  <com.dotmarketing.portlets.dashboard.model.DashboardSummaryVisits>
    <id>6</id>
    <summaryPeriod>
      <id>4</id>
      <fullDate class="sql-timestamp">2010-12-18 05:00:00.0</fullDate>
      <day>18</day>
      <dayName>Saturday</dayName>
      <week>3</week>
      <month>12</month>
      <monthName>December</monthName>
      <year>2010</year>
    </summaryPeriod>
    <hostId>48190c8c-42c4-46af-8d1a-0cd5db894797</hostId>
    <visitTime class="sql-timestamp">2010-12-18 14:00:00.0</visitTime>
    <visits>1</visits>
  </com.dotmarketing.portlets.dashboard.model.DashboardSummaryVisits>
  <com.dotmarketing.portlets.dashboard.model.DashboardSummaryVisits>
    <id>7</id>
    <summaryPeriod>
      <id>5</id>
      <fullDate class="sql-timestamp">2010-12-21 05:00:00.0</fullDate>
      <day>21</day>
      <dayName>Tuesday</dayName>
      <week>4</week>
      <month>12</month>
      <monthName>December</monthName>
      <year>2010</year>
    </summaryPeriod>
    <hostId>48190c8c-42c4-46af-8d1a-0cd5db894797</hostId>
    <visitTime class="sql-timestamp">2010-12-21 18:00:00.0</visitTime>
    <visits>2</visits>
  </com.dotmarketing.portlets.dashboard.model.DashboardSummaryVisits>
  <com.dotmarketing.portlets.dashboard.model.DashboardSummaryVisits>
    <id>8</id>
    <summaryPeriod reference="../../com.dotmarketing.portlets.dashboard.model.DashboardSummaryVisits[7]/summaryPeriod"/>
    <hostId>48190c8c-42c4-46af-8d1a-0cd5db894797</hostId>
    <visitTime class="sql-timestamp">2010-12-21 22:00:00.0</visitTime>
    <visits>1</visits>
  </com.dotmarketing.portlets.dashboard.model.DashboardSummaryVisits>
  <com.dotmarketing.portlets.dashboard.model.DashboardSummaryVisits>
    <id>9</id>
    <summaryPeriod>
      <id>6</id>
      <fullDate class="sql-timestamp">2010-12-28 05:00:00.0</fullDate>
      <day>28</day>
      <dayName>Tuesday</dayName>
      <week>5</week>
      <month>12</month>
      <monthName>December</monthName>
      <year>2010</year>
    </summaryPeriod>
    <hostId>48190c8c-42c4-46af-8d1a-0cd5db894797</hostId>
    <visitTime class="sql-timestamp">2010-12-28 16:00:00.0</visitTime>
    <visits>2</visits>
  </com.dotmarketing.portlets.dashboard.model.DashboardSummaryVisits>
  <com.dotmarketing.portlets.dashboard.model.DashboardSummaryVisits>
    <id>10</id>
    <summaryPeriod>
      <id>7</id>
      <fullDate class="sql-timestamp">2013-07-24 04:00:00.0</fullDate>
      <day>24</day>
      <dayName>Wednesday</dayName>
      <week>4</week>
      <month>7</month>
      <monthName>July</monthName>
      <year>2013</year>
    </summaryPeriod>
    <hostId>48190c8c-42c4-46af-8d1a-0cd5db894797</hostId>
    <visitTime class="sql-timestamp">2013-07-24 19:00:00.0</visitTime>
    <visits>1</visits>
  </com.dotmarketing.portlets.dashboard.model.DashboardSummaryVisits>
  <com.dotmarketing.portlets.dashboard.model.DashboardSummaryVisits>
    <id>11</id>
    <summaryPeriod>
      <id>8</id>
      <fullDate class="sql-timestamp">2013-07-25 04:00:00.0</fullDate>
      <day>25</day>
      <dayName>Thusday</dayName>
      <week>4</week>
      <month>7</month>
      <monthName>July</monthName>
      <year>2013</year>
    </summaryPeriod>
    <hostId>48190c8c-42c4-46af-8d1a-0cd5db894797</hostId>
    <visitTime class="sql-timestamp">2013-07-25 13:00:00.0</visitTime>
    <visits>1</visits>
  </com.dotmarketing.portlets.dashboard.model.DashboardSummaryVisits>
  <com.dotmarketing.portlets.dashboard.model.DashboardSummaryVisits>
    <id>12</id>
    <summaryPeriod>
      <id>9</id>
      <fullDate class="sql-timestamp">2013-07-26 04:00:00.0</fullDate>
      <day>26</day>
      <dayName>Friday</dayName>
      <week>4</week>
      <month>7</month>
      <monthName>July</monthName>
      <year>2013</year>
    </summaryPeriod>
    <hostId>48190c8c-42c4-46af-8d1a-0cd5db894797</hostId>
    <visitTime class="sql-timestamp">2013-07-26 15:00:00.0</visitTime>
    <visits>3</visits>
  </com.dotmarketing.portlets.dashboard.model.DashboardSummaryVisits>
  <com.dotmarketing.portlets.dashboard.model.DashboardSummaryVisits>
    <id>13</id>
    <summaryPeriod reference="../../com.dotmarketing.portlets.dashboard.model.DashboardSummaryVisits[12]/summaryPeriod"/>
    <hostId>48190c8c-42c4-46af-8d1a-0cd5db894797</hostId>
    <visitTime class="sql-timestamp">2013-07-26 17:00:00.0</visitTime>
    <visits>2</visits>
  </com.dotmarketing.portlets.dashboard.model.DashboardSummaryVisits>
  <com.dotmarketing.portlets.dashboard.model.DashboardSummaryVisits>
    <id>14</id>
    <summaryPeriod reference="../../com.dotmarketing.portlets.dashboard.model.DashboardSummaryVisits[12]/summaryPeriod"/>
    <hostId>48190c8c-42c4-46af-8d1a-0cd5db894797</hostId>
    <visitTime class="sql-timestamp">2013-07-26 18:00:00.0</visitTime>
    <visits>1</visits>
  </com.dotmarketing.portlets.dashboard.model.DashboardSummaryVisits>
  <com.dotmarketing.portlets.dashboard.model.DashboardSummaryVisits>
    <id>15</id>
    <summaryPeriod reference="../../com.dotmarketing.portlets.dashboard.model.DashboardSummaryVisits[12]/summaryPeriod"/>
    <hostId>48190c8c-42c4-46af-8d1a-0cd5db894797</hostId>
    <visitTime class="sql-timestamp">2013-07-26 19:00:00.0</visitTime>
    <visits>1</visits>
  </com.dotmarketing.portlets.dashboard.model.DashboardSummaryVisits>
  <com.dotmarketing.portlets.dashboard.model.DashboardSummaryVisits>
    <id>16</id>
    <summaryPeriod>
      <id>10</id>
      <fullDate class="sql-timestamp">2013-08-01 04:00:00.0</fullDate>
      <day>1</day>
      <dayName>Thusday</dayName>
      <week>1</week>
      <month>8</month>
      <monthName>August</monthName>
      <year>2013</year>
    </summaryPeriod>
    <hostId>48190c8c-42c4-46af-8d1a-0cd5db894797</hostId>
    <visitTime class="sql-timestamp">2013-08-01 12:00:00.0</visitTime>
    <visits>1</visits>
  </com.dotmarketing.portlets.dashboard.model.DashboardSummaryVisits>
  <com.dotmarketing.portlets.dashboard.model.DashboardSummaryVisits>
    <id>17</id>
    <summaryPeriod>
      <id>11</id>
      <fullDate class="sql-timestamp">2013-08-13 04:00:00.0</fullDate>
      <day>13</day>
      <dayName>Tuesday</dayName>
      <week>3</week>
      <month>8</month>
      <monthName>August</monthName>
      <year>2013</year>
    </summaryPeriod>
    <hostId>48190c8c-42c4-46af-8d1a-0cd5db894797</hostId>
    <visitTime class="sql-timestamp">2013-08-13 15:00:00.0</visitTime>
    <visits>1</visits>
  </com.dotmarketing.portlets.dashboard.model.DashboardSummaryVisits>
</list>