<list>
  <com.dotmarketing.beans.Identifier>
    <id>cb2b4c69-5af4-4e27-a5ae-77532aa9a616</id>
    <assetName>mobile-photo-gallery.vtl</assetName>
    <assetType>contentlet</assetType>
    <parentPath>/vtl/widgets/mobile/</parentPath>
    <hostId>23836f6d-6a92-446f-b147-29e4724eedd8</hostId>
  </com.dotmarketing.beans.Identifier>
  <com.dotmarketing.beans.Identifier>
    <id>da6a02ae-e2b3-4558-ab83-81601fa2a0f6</id>
    <assetName>mobile-document-listing.vtl</assetName>
    <assetType>contentlet</assetType>
    <parentPath>/vtl/widgets/mobile/</parentPath>
    <hostId>23836f6d-6a92-446f-b147-29e4724eedd8</hostId>
  </com.dotmarketing.beans.Identifier>
  <com.dotmarketing.beans.Identifier>
    <id>68ea1557-9f16-41b7-8201-8a06c121cca3</id>
    <assetName>mobile-banner.vtl</assetName>
    <assetType>contentlet</assetType>
    <parentPath>/vtl/widgets/mobile/</parentPath>
    <hostId>23836f6d-6a92-446f-b147-29e4724eedd8</hostId>
  </com.dotmarketing.beans.Identifier>
</list>