<list>
  <com.dotmarketing.portlets.dashboard.model.DashboardSummaryReferer>
    <id>2</id>
    <summary>
      <id>9</id>
      <summaryPeriod>
        <id>9</id>
        <fullDate class="sql-timestamp">2013-07-26 04:00:00.0</fullDate>
        <day>26</day>
        <dayName>Friday</dayName>
        <week>4</week>
        <month>7</month>
        <monthName>July</monthName>
        <year>2013</year>
      </summaryPeriod>
      <hostId>48190c8c-42c4-46af-8d1a-0cd5db894797</hostId>
      <visits>7</visits>
      <pageViews>20</pageViews>
      <uniqueVisits>5</uniqueVisits>
      <newVisits>4</newVisits>
      <avgTimeOnSite class="sql-timestamp">1970-01-01 05:02:49.0</avgTimeOnSite>
      <bounceRate>0</bounceRate>
      <directTraffic>4</directTraffic>
      <referringSites>3</referringSites>
      <searchEngines>0</searchEngines>
    </summary>
    <uri>http://starter.dotcms.com:8080/products/</uri>
    <hits>1</hits>
  </com.dotmarketing.portlets.dashboard.model.DashboardSummaryReferer>
  <com.dotmarketing.portlets.dashboard.model.DashboardSummaryReferer>
    <id>3</id>
    <summary reference="../../com.dotmarketing.portlets.dashboard.model.DashboardSummaryReferer/summary"/>
    <uri>http://starter.dotcms.com:8080/home/index.html?mainFrame=true&amp;livePage=0&amp;language=1&amp;host_id=48190c8c-42c4-46af-8d1a-0cd5db894797&amp;host_id=48190c8c-42c4-46af-8d1a-0cd5db894797</uri>
    <hits>1</hits>
  </com.dotmarketing.portlets.dashboard.model.DashboardSummaryReferer>
  <com.dotmarketing.portlets.dashboard.model.DashboardSummaryReferer>
    <id>4</id>
    <summary reference="../../com.dotmarketing.portlets.dashboard.model.DashboardSummaryReferer/summary"/>
    <uri>http://starter.dotcms.com:8080/html/portal/login.jsp?r=1374853637151</uri>
    <hits>1</hits>
  </com.dotmarketing.portlets.dashboard.model.DashboardSummaryReferer>
  <com.dotmarketing.portlets.dashboard.model.DashboardSummaryReferer>
    <id>5</id>
    <summary>
      <id>10</id>
      <summaryPeriod>
        <id>10</id>
        <fullDate class="sql-timestamp">2013-08-01 04:00:00.0</fullDate>
        <day>1</day>
        <dayName>Thusday</dayName>
        <week>1</week>
        <month>8</month>
        <monthName>August</monthName>
        <year>2013</year>
      </summaryPeriod>
      <hostId>48190c8c-42c4-46af-8d1a-0cd5db894797</hostId>
      <visits>1</visits>
      <pageViews>6</pageViews>
      <uniqueVisits>1</uniqueVisits>
      <newVisits>1</newVisits>
      <avgTimeOnSite class="sql-timestamp">1970-01-01 05:00:11.0</avgTimeOnSite>
      <bounceRate>0</bounceRate>
      <directTraffic>0</directTraffic>
      <referringSites>1</referringSites>
      <searchEngines>0</searchEngines>
    </summary>
    <uri>http://starter.dotcms.com:8080/products/</uri>
    <hits>1</hits>
  </com.dotmarketing.portlets.dashboard.model.DashboardSummaryReferer>
  <com.dotmarketing.portlets.dashboard.model.DashboardSummaryReferer>
    <id>6</id>
    <summary>
      <id>11</id>
      <summaryPeriod>
        <id>11</id>
        <fullDate class="sql-timestamp">2013-08-13 04:00:00.0</fullDate>
        <day>13</day>
        <dayName>Tuesday</dayName>
        <week>3</week>
        <month>8</month>
        <monthName>August</monthName>
        <year>2013</year>
      </summaryPeriod>
      <hostId>48190c8c-42c4-46af-8d1a-0cd5db894797</hostId>
      <visits>1</visits>
      <pageViews>4</pageViews>
      <uniqueVisits>1</uniqueVisits>
      <newVisits>1</newVisits>
      <avgTimeOnSite class="sql-timestamp">1970-01-01 05:00:51.0</avgTimeOnSite>
      <bounceRate>0</bounceRate>
      <directTraffic>0</directTraffic>
      <referringSites>1</referringSites>
      <searchEngines>0</searchEngines>
    </summary>
    <uri>http://starter.dotcms.com:8080/about-us/locations/</uri>
    <hits>1</hits>
  </com.dotmarketing.portlets.dashboard.model.DashboardSummaryReferer>
  <com.dotmarketing.portlets.dashboard.model.DashboardSummaryReferer>
    <id>7</id>
    <summary>
      <id>12</id>
      <summaryPeriod>
        <id>12</id>
        <fullDate class="sql-timestamp">2013-08-21 04:00:00.0</fullDate>
        <day>21</day>
        <dayName>Wednesday</dayName>
        <week>4</week>
        <month>8</month>
        <monthName>August</monthName>
        <year>2013</year>
      </summaryPeriod>
      <hostId>48190c8c-42c4-46af-8d1a-0cd5db894797</hostId>
      <visits>2</visits>
      <pageViews>19</pageViews>
      <uniqueVisits>1</uniqueVisits>
      <newVisits>1</newVisits>
      <avgTimeOnSite class="sql-timestamp">1970-01-01 05:02:58.0</avgTimeOnSite>
      <bounceRate>0</bounceRate>
      <directTraffic>1</directTraffic>
      <referringSites>1</referringSites>
      <searchEngines>0</searchEngines>
    </summary>
    <uri>http://starter.dotcms.com:8080/news-events/events/</uri>
    <hits>1</hits>
  </com.dotmarketing.portlets.dashboard.model.DashboardSummaryReferer>
  <com.dotmarketing.portlets.dashboard.model.DashboardSummaryReferer>
    <id>8</id>
    <summary>
      <id>13</id>
      <summaryPeriod>
        <id>13</id>
        <fullDate class="sql-timestamp">2013-08-30 04:00:00.0</fullDate>
        <day>30</day>
        <dayName>Friday</dayName>
        <week>5</week>
        <month>8</month>
        <monthName>August</monthName>
        <year>2013</year>
      </summaryPeriod>
      <hostId>48190c8c-42c4-46af-8d1a-0cd5db894797</hostId>
      <visits>1</visits>
      <pageViews>3</pageViews>
      <uniqueVisits>1</uniqueVisits>
      <newVisits>1</newVisits>
      <avgTimeOnSite class="sql-timestamp">1970-01-01 05:00:06.0</avgTimeOnSite>
      <bounceRate>0</bounceRate>
      <directTraffic>0</directTraffic>
      <referringSites>1</referringSites>
      <searchEngines>0</searchEngines>
    </summary>
    <uri>http://starter.dotcms.com:8080/dotCMS/login?referrer=/intranet/</uri>
    <hits>1</hits>
  </com.dotmarketing.portlets.dashboard.model.DashboardSummaryReferer>
  <com.dotmarketing.portlets.dashboard.model.DashboardSummaryReferer>
    <id>9</id>
    <summary>
      <id>14</id>
      <summaryPeriod>
        <id>14</id>
        <fullDate class="sql-timestamp">2013-10-16 04:00:00.0</fullDate>
        <day>16</day>
        <dayName>Wednesday</dayName>
        <week>3</week>
        <month>10</month>
        <monthName>October</monthName>
        <year>2013</year>
      </summaryPeriod>
      <hostId>48190c8c-42c4-46af-8d1a-0cd5db894797</hostId>
      <visits>1</visits>
      <pageViews>3</pageViews>
      <uniqueVisits>1</uniqueVisits>
      <newVisits>1</newVisits>
      <avgTimeOnSite class="sql-timestamp">1970-01-01 05:03:37.0</avgTimeOnSite>
      <bounceRate>0</bounceRate>
      <directTraffic>0</directTraffic>
      <referringSites>1</referringSites>
      <searchEngines>0</searchEngines>
    </summary>
    <uri>http://starter.dotcms.com:8080/news/how-can-mlps-pay-out-higher-dividends-than-their-earnings</uri>
    <hits>1</hits>
  </com.dotmarketing.portlets.dashboard.model.DashboardSummaryReferer>
  <com.dotmarketing.portlets.dashboard.model.DashboardSummaryReferer>
    <id>10</id>
    <summary>
      <id>15</id>
      <summaryPeriod>
        <id>15</id>
        <fullDate class="sql-timestamp">2013-10-17 04:00:00.0</fullDate>
        <day>17</day>
        <dayName>Thusday</dayName>
        <week>3</week>
        <month>10</month>
        <monthName>October</monthName>
        <year>2013</year>
      </summaryPeriod>
      <hostId>48190c8c-42c4-46af-8d1a-0cd5db894797</hostId>
      <visits>1</visits>
      <pageViews>7</pageViews>
      <uniqueVisits>1</uniqueVisits>
      <newVisits>0</newVisits>
      <avgTimeOnSite class="sql-timestamp">1970-01-01 05:01:22.0</avgTimeOnSite>
      <bounceRate>0</bounceRate>
      <directTraffic>0</directTraffic>
      <referringSites>1</referringSites>
      <searchEngines>0</searchEngines>
    </summary>
    <uri>http://starter.dotcms.com:8080/products/</uri>
    <hits>1</hits>
  </com.dotmarketing.portlets.dashboard.model.DashboardSummaryReferer>
  <com.dotmarketing.portlets.dashboard.model.DashboardSummaryReferer>
    <id>11</id>
    <summary>
      <id>16</id>
      <summaryPeriod>
        <id>16</id>
        <fullDate class="sql-timestamp">2013-10-21 04:00:00.0</fullDate>
        <day>21</day>
        <dayName>Monday</dayName>
        <week>4</week>
        <month>10</month>
        <monthName>October</monthName>
        <year>2013</year>
      </summaryPeriod>
      <hostId>48190c8c-42c4-46af-8d1a-0cd5db894797</hostId>
      <visits>3</visits>
      <pageViews>6</pageViews>
      <uniqueVisits>2</uniqueVisits>
      <newVisits>2</newVisits>
      <avgTimeOnSite class="sql-timestamp">1970-01-01 05:00:07.0</avgTimeOnSite>
      <bounceRate>0</bounceRate>
      <directTraffic>0</directTraffic>
      <referringSites>3</referringSites>
      <searchEngines>0</searchEngines>
    </summary>
    <uri>http://starter.dotcms.com:8080/home/site-search.html?q=test&amp;search=Search</uri>
    <hits>1</hits>
  </com.dotmarketing.portlets.dashboard.model.DashboardSummaryReferer>
  <com.dotmarketing.portlets.dashboard.model.DashboardSummaryReferer>
    <id>12</id>
    <summary reference="../../com.dotmarketing.portlets.dashboard.model.DashboardSummaryReferer[10]/summary"/>
    <uri>http://starter.dotcms.com:8080/home/site-search.html?q=about&amp;modifiedOn=&amp;mimeType=&amp;keyword=&amp;p=</uri>
    <hits>1</hits>
  </com.dotmarketing.portlets.dashboard.model.DashboardSummaryReferer>
  <com.dotmarketing.portlets.dashboard.model.DashboardSummaryReferer>
    <id>13</id>
    <summary reference="../../com.dotmarketing.portlets.dashboard.model.DashboardSummaryReferer[10]/summary"/>
    <uri>http://starter.dotcms.com:8080/home/site-search.html?q=a&amp;search=Search</uri>
    <hits>1</hits>
  </com.dotmarketing.portlets.dashboard.model.DashboardSummaryReferer>
  <com.dotmarketing.portlets.dashboard.model.DashboardSummaryReferer>
    <id>14</id>
    <summary>
      <id>17</id>
      <summaryPeriod>
        <id>17</id>
        <fullDate class="sql-timestamp">2013-10-28 04:00:00.0</fullDate>
        <day>28</day>
        <dayName>Monday</dayName>
        <week>5</week>
        <month>10</month>
        <monthName>October</monthName>
        <year>2013</year>
      </summaryPeriod>
      <hostId>48190c8c-42c4-46af-8d1a-0cd5db894797</hostId>
      <visits>1</visits>
      <pageViews>4</pageViews>
      <uniqueVisits>1</uniqueVisits>
      <newVisits>1</newVisits>
      <avgTimeOnSite class="sql-timestamp">1970-01-01 05:00:34.0</avgTimeOnSite>
      <bounceRate>0</bounceRate>
      <directTraffic>0</directTraffic>
      <referringSites>1</referringSites>
      <searchEngines>0</searchEngines>
    </summary>
    <uri>http://starter.dotcms.com:8080/news-events/events/</uri>
    <hits>1</hits>
  </com.dotmarketing.portlets.dashboard.model.DashboardSummaryReferer>
  <com.dotmarketing.portlets.dashboard.model.DashboardSummaryReferer>
    <id>15</id>
    <summary>
      <id>21</id>
      <summaryPeriod>
        <id>21</id>
        <fullDate class="sql-timestamp">2014-03-13 04:00:00.0</fullDate>
        <day>13</day>
        <dayName>Thusday</dayName>
        <week>3</week>
        <month>3</month>
        <monthName>March</monthName>
        <year>2014</year>
      </summaryPeriod>
      <hostId>48190c8c-42c4-46af-8d1a-0cd5db894797</hostId>
      <visits>3</visits>
      <pageViews>8</pageViews>
      <uniqueVisits>3</uniqueVisits>
      <newVisits>3</newVisits>
      <avgTimeOnSite class="sql-timestamp">1970-01-01 05:00:12.0</avgTimeOnSite>
      <bounceRate>0</bounceRate>
      <directTraffic>2</directTraffic>
      <referringSites>1</referringSites>
      <searchEngines>0</searchEngines>
    </summary>
    <uri>http://starter.dotcms.com:8080/dotCMS/login?referrer=/intranet/</uri>
    <hits>1</hits>
  </com.dotmarketing.portlets.dashboard.model.DashboardSummaryReferer>
</list>