<list>
  <com.dotmarketing.portlets.workflows.model.WorkflowTask>
    <id>0437e7ce-436a-449d-a793-a81dd0ac649f</id>
    <creationDate class="sql-timestamp">2012-07-05 21:31:48.98</creationDate>
    <modDate class="sql-timestamp">2012-07-05 21:31:49.115</modDate>
    <createdBy>e7d4e34e-5127-45fc-8123-d48b62d510e3</createdBy>
    <assignedTo>db0d2bca-5da5-4c18-b5d7-87f02ba58eb6</assignedTo>
    <title>4 Reasons a Bear Market Looms</title>
    <description></description>
    <status>c965f6a5-0a4f-4b87-899d-053f84012e5e</status>
    <webasset>835fcd71-54df-408d-b32c-60dd3dd9aaf3</webasset>
  </com.dotmarketing.portlets.workflows.model.WorkflowTask>
  <com.dotmarketing.portlets.workflows.model.WorkflowTask>
    <id>0c35dd98-becf-4fa0-b106-2c4c1a32c6c2</id>
    <creationDate class="sql-timestamp">2012-06-06 20:43:42.604</creationDate>
    <modDate class="sql-timestamp">2012-06-12 16:20:43.978</modDate>
    <createdBy>e7d4e34e-5127-45fc-8123-d48b62d510e3</createdBy>
    <assignedTo>db0d2bca-5da5-4c18-b5d7-87f02ba58eb6</assignedTo>
    <title>photoshop-cs5-cheatsheet.pdf</title>
    <status>5066a6c6-fbb3-4d4b-8b94-3f74d368e126</status>
    <webasset>96b84520-40d2-4990-850a-67dac1839bae</webasset>
  </com.dotmarketing.portlets.workflows.model.WorkflowTask>
  <com.dotmarketing.portlets.workflows.model.WorkflowTask>
    <id>14e6cf9b-fca5-4c98-b81e-1576df8cea52</id>
    <creationDate class="sql-timestamp">2012-06-06 20:45:55.055</creationDate>
    <modDate class="sql-timestamp">2012-06-12 16:20:42.068</modDate>
    <createdBy>e7d4e34e-5127-45fc-8123-d48b62d510e3</createdBy>
    <assignedTo>db0d2bca-5da5-4c18-b5d7-87f02ba58eb6</assignedTo>
    <title>rome3.jpg</title>
    <status>5066a6c6-fbb3-4d4b-8b94-3f74d368e126</status>
    <webasset>bf178bf9-9d8e-4580-8858-56361f586a7d</webasset>
  </com.dotmarketing.portlets.workflows.model.WorkflowTask>
  <com.dotmarketing.portlets.workflows.model.WorkflowTask>
    <id>16c4feef-7aed-473e-904d-5e3987c8bcad</id>
    <creationDate class="sql-timestamp">2012-06-06 20:44:41.526</creationDate>
    <modDate class="sql-timestamp">2012-06-12 16:20:42.21</modDate>
    <createdBy>e7d4e34e-5127-45fc-8123-d48b62d510e3</createdBy>
    <assignedTo>db0d2bca-5da5-4c18-b5d7-87f02ba58eb6</assignedTo>
    <title>Viscaya-015.jpg</title>
    <status>5066a6c6-fbb3-4d4b-8b94-3f74d368e126</status>
    <webasset>1e9ade86-2112-494e-bed0-e0ad83ceb813</webasset>
  </com.dotmarketing.portlets.workflows.model.WorkflowTask>
  <com.dotmarketing.portlets.workflows.model.WorkflowTask>
    <id>171df3cd-152a-47ad-a7dd-f44ab34b451c</id>
    <creationDate class="sql-timestamp">2012-06-06 20:43:46.081</creationDate>
    <modDate class="sql-timestamp">2012-06-12 16:20:43.635</modDate>
    <createdBy>e7d4e34e-5127-45fc-8123-d48b62d510e3</createdBy>
    <assignedTo>db0d2bca-5da5-4c18-b5d7-87f02ba58eb6</assignedTo>
    <title>photoshop-cheatsheet-mac.pdf</title>
    <status>5066a6c6-fbb3-4d4b-8b94-3f74d368e126</status>
    <webasset>6d3ce3c7-f798-4297-9df9-68d64ce08e86</webasset>
  </com.dotmarketing.portlets.workflows.model.WorkflowTask>
  <com.dotmarketing.portlets.workflows.model.WorkflowTask>
    <id>19ce0317-87b4-454a-9413-8a439f0f4df9</id>
    <creationDate class="sql-timestamp">2012-07-05 21:18:18.113</creationDate>
    <modDate class="sql-timestamp">2012-07-05 21:18:18.34</modDate>
    <createdBy>e7d4e34e-5127-45fc-8123-d48b62d510e3</createdBy>
    <assignedTo>db0d2bca-5da5-4c18-b5d7-87f02ba58eb6</assignedTo>
    <title>Weekly Petroleum Data</title>
    <description></description>
    <status>c965f6a5-0a4f-4b87-899d-053f84012e5e</status>
    <webasset>e28708f8-e296-4995-be50-763649c6fbd4</webasset>
  </com.dotmarketing.portlets.workflows.model.WorkflowTask>
  <com.dotmarketing.portlets.workflows.model.WorkflowTask>
    <id>2c6d0d9b-df28-45bc-8039-5a34101f6b68</id>
    <creationDate class="sql-timestamp">2012-06-06 20:44:33.193</creationDate>
    <modDate class="sql-timestamp">2012-06-12 16:20:42.995</modDate>
    <createdBy>e7d4e34e-5127-45fc-8123-d48b62d510e3</createdBy>
    <assignedTo>db0d2bca-5da5-4c18-b5d7-87f02ba58eb6</assignedTo>
    <title>kim-holtermand-reflections-2560x1440.jpg</title>
    <status>5066a6c6-fbb3-4d4b-8b94-3f74d368e126</status>
    <webasset>8b74c8dd-94bb-4ae7-a9b6-fb6b4b44d36f</webasset>
  </com.dotmarketing.portlets.workflows.model.WorkflowTask>
  <com.dotmarketing.portlets.workflows.model.WorkflowTask>
    <id>30b57467-ed8b-4ed1-bf8c-7f43bc6576d8</id>
    <creationDate class="sql-timestamp">2012-06-06 20:44:46.827</creationDate>
    <modDate class="sql-timestamp">2012-06-12 16:20:41.886</modDate>
    <createdBy>e7d4e34e-5127-45fc-8123-d48b62d510e3</createdBy>
    <assignedTo>db0d2bca-5da5-4c18-b5d7-87f02ba58eb6</assignedTo>
    <title>the-musee-du-louvre.jpg</title>
    <status>5066a6c6-fbb3-4d4b-8b94-3f74d368e126</status>
    <webasset>9e885f4d-1295-4167-975b-afdab2029025</webasset>
  </com.dotmarketing.portlets.workflows.model.WorkflowTask>
  <com.dotmarketing.portlets.workflows.model.WorkflowTask>
    <id>328ef032-a655-4d47-b143-96768db5fc48</id>
    <creationDate class="sql-timestamp">2012-06-06 20:44:34.783</creationDate>
    <modDate class="sql-timestamp">2012-06-12 16:20:42.911</modDate>
    <createdBy>e7d4e34e-5127-45fc-8123-d48b62d510e3</createdBy>
    <assignedTo>db0d2bca-5da5-4c18-b5d7-87f02ba58eb6</assignedTo>
    <title>sample-image3.jpg</title>
    <status>5066a6c6-fbb3-4d4b-8b94-3f74d368e126</status>
    <webasset>01ea1a48-485f-4535-b493-4ef5d4310776</webasset>
  </com.dotmarketing.portlets.workflows.model.WorkflowTask>
  <com.dotmarketing.portlets.workflows.model.WorkflowTask>
    <id>35f96d95-12ae-47db-bdcf-a20646154686</id>
    <creationDate class="sql-timestamp">2012-06-06 20:44:24.95</creationDate>
    <modDate class="sql-timestamp">2012-06-12 16:20:43.477</modDate>
    <createdBy>e7d4e34e-5127-45fc-8123-d48b62d510e3</createdBy>
    <assignedTo>db0d2bca-5da5-4c18-b5d7-87f02ba58eb6</assignedTo>
    <title>sample-image1.jpg</title>
    <status>5066a6c6-fbb3-4d4b-8b94-3f74d368e126</status>
    <webasset>20218a66-c8d4-481d-a4db-6e247d6d6c04</webasset>
  </com.dotmarketing.portlets.workflows.model.WorkflowTask>
  <com.dotmarketing.portlets.workflows.model.WorkflowTask>
    <id>384add14-504f-41aa-9618-7f06657441f2</id>
    <creationDate class="sql-timestamp">2012-06-06 20:43:39.008</creationDate>
    <modDate class="sql-timestamp">2012-06-12 16:20:49.679</modDate>
    <createdBy>e7d4e34e-5127-45fc-8123-d48b62d510e3</createdBy>
    <assignedTo>db0d2bca-5da5-4c18-b5d7-87f02ba58eb6</assignedTo>
    <title>photoshop-keyboard-shortcuts.pdf</title>
    <status>5066a6c6-fbb3-4d4b-8b94-3f74d368e126</status>
    <webasset>296400d4-1411-49cb-9757-048ac20496ff</webasset>
  </com.dotmarketing.portlets.workflows.model.WorkflowTask>
  <com.dotmarketing.portlets.workflows.model.WorkflowTask>
    <id>510eaef6-67b9-4f72-8611-db14a75d9377</id>
    <creationDate class="sql-timestamp">2012-06-06 20:44:28.132</creationDate>
    <modDate class="sql-timestamp">2012-06-12 16:20:43.24</modDate>
    <createdBy>e7d4e34e-5127-45fc-8123-d48b62d510e3</createdBy>
    <assignedTo>db0d2bca-5da5-4c18-b5d7-87f02ba58eb6</assignedTo>
    <title>sample-image2.jpg</title>
    <status>5066a6c6-fbb3-4d4b-8b94-3f74d368e126</status>
    <webasset>6f362145-db0f-4c79-9101-751c6df5f65d</webasset>
  </com.dotmarketing.portlets.workflows.model.WorkflowTask>
  <com.dotmarketing.portlets.workflows.model.WorkflowTask>
    <id>5e6e314e-bd95-4c5d-b0a5-235563e3ff2c</id>
    <creationDate class="sql-timestamp">2012-07-02 20:44:48.248</creationDate>
    <modDate class="sql-timestamp">2012-07-02 20:46:28.451</modDate>
    <createdBy>89676cc9-fb8f-44aa-adea-938b6f7656b5</createdBy>
    <assignedTo>1cad5929-b42d-4049-b76e-3ce39e042574</assignedTo>
    <title>2012-Ferrari-599XX-Evoluzione.jpeg</title>
    <description>Please take a look</description>
    <status>5066a6c6-fbb3-4d4b-8b94-3f74d368e126</status>
    <webasset>800dedcc-7fe8-475d-8dbf-7842b8b4c50c</webasset>
  </com.dotmarketing.portlets.workflows.model.WorkflowTask>
  <com.dotmarketing.portlets.workflows.model.WorkflowTask>
    <id>64019c76-49f4-4036-9d2d-2b87decd61ce</id>
    <creationDate class="sql-timestamp">2012-06-06 20:45:51.05</creationDate>
    <modDate class="sql-timestamp">2012-06-08 21:19:52.155</modDate>
    <createdBy>e7d4e34e-5127-45fc-8123-d48b62d510e3</createdBy>
    <assignedTo>db0d2bca-5da5-4c18-b5d7-87f02ba58eb6</assignedTo>
    <title>rome1.jpg</title>
    <status>5066a6c6-fbb3-4d4b-8b94-3f74d368e126</status>
    <webasset>81ec3404-3610-432e-9f48-926a6ee8e40e</webasset>
  </com.dotmarketing.portlets.workflows.model.WorkflowTask>
  <com.dotmarketing.portlets.workflows.model.WorkflowTask>
    <id>74cabf7a-0e9d-48b6-ab1c-8f76d0ad31e0</id>
    <creationDate class="sql-timestamp">2012-06-19 22:39:06.806</creationDate>
    <modDate class="sql-timestamp">2013-08-15 13:17:46.005</modDate>
    <createdBy>e7d4e34e-5127-45fc-8123-d48b62d510e3</createdBy>
    <assignedTo>e36988eb-f206-4fd3-a06c-6a746d30a772</assignedTo>
    <title>html5.ppt</title>
    <description></description>
    <status>9f308715-8ba4-4f99-9280-8e9d29cfdafb</status>
    <webasset>2bd9e1c6-36cb-4ec9-9156-8738585ceafb</webasset>
  </com.dotmarketing.portlets.workflows.model.WorkflowTask>
  <com.dotmarketing.portlets.workflows.model.WorkflowTask>
    <id>7d73243a-be24-4baa-8684-0e603267088e</id>
    <creationDate class="sql-timestamp">2012-06-06 20:43:40.816</creationDate>
    <modDate class="sql-timestamp">2012-06-12 16:20:44.129</modDate>
    <createdBy>e7d4e34e-5127-45fc-8123-d48b62d510e3</createdBy>
    <assignedTo>db0d2bca-5da5-4c18-b5d7-87f02ba58eb6</assignedTo>
    <title>dotCMSCheatSheet.pdf</title>
    <status>5066a6c6-fbb3-4d4b-8b94-3f74d368e126</status>
    <webasset>accd72e9-ae81-4cb8-9258-68326298e476</webasset>
  </com.dotmarketing.portlets.workflows.model.WorkflowTask>
  <com.dotmarketing.portlets.workflows.model.WorkflowTask>
    <id>80574232-d9c5-471e-983b-c39c182abb69</id>
    <creationDate class="sql-timestamp">2012-07-05 21:16:36.913</creationDate>
    <modDate class="sql-timestamp">2012-07-05 21:16:37.59</modDate>
    <createdBy>e7d4e34e-5127-45fc-8123-d48b62d510e3</createdBy>
    <assignedTo>db0d2bca-5da5-4c18-b5d7-87f02ba58eb6</assignedTo>
    <title>Quest 2013 Inventory Report Projections</title>
    <description></description>
    <status>c965f6a5-0a4f-4b87-899d-053f84012e5e</status>
    <webasset>76ec005e-bc61-4587-8818-a9ce6d846522</webasset>
  </com.dotmarketing.portlets.workflows.model.WorkflowTask>
  <com.dotmarketing.portlets.workflows.model.WorkflowTask>
    <id>821896b4-27bb-4137-b30f-fed90aff5d7d</id>
    <creationDate class="sql-timestamp">2012-06-06 20:44:51.744</creationDate>
    <modDate class="sql-timestamp">2012-06-06 21:33:42.142</modDate>
    <createdBy>e7d4e34e-5127-45fc-8123-d48b62d510e3</createdBy>
    <assignedTo>db0d2bca-5da5-4c18-b5d7-87f02ba58eb6</assignedTo>
    <title>superhero-boy.jpeg</title>
    <status>5066a6c6-fbb3-4d4b-8b94-3f74d368e126</status>
    <webasset>2f288ce0-b693-453f-838c-28ac28e6d870</webasset>
  </com.dotmarketing.portlets.workflows.model.WorkflowTask>
  <com.dotmarketing.portlets.workflows.model.WorkflowTask>
    <id>87f64180-b9ca-4fc1-a34e-3e2297fdd7e3</id>
    <creationDate class="sql-timestamp">2012-06-06 20:44:36.568</creationDate>
    <modDate class="sql-timestamp">2012-06-12 16:20:42.807</modDate>
    <createdBy>e7d4e34e-5127-45fc-8123-d48b62d510e3</createdBy>
    <assignedTo>db0d2bca-5da5-4c18-b5d7-87f02ba58eb6</assignedTo>
    <title>keystone.jpg</title>
    <status>5066a6c6-fbb3-4d4b-8b94-3f74d368e126</status>
    <webasset>c55c86f9-e5f4-4141-965e-5dd168a613ae</webasset>
  </com.dotmarketing.portlets.workflows.model.WorkflowTask>
  <com.dotmarketing.portlets.workflows.model.WorkflowTask>
    <id>8aff4487-39c6-4f29-aa0c-87f3a9a1a6ad</id>
    <creationDate class="sql-timestamp">2012-06-06 20:44:39.796</creationDate>
    <modDate class="sql-timestamp">2012-06-12 16:20:42.369</modDate>
    <createdBy>e7d4e34e-5127-45fc-8123-d48b62d510e3</createdBy>
    <assignedTo>db0d2bca-5da5-4c18-b5d7-87f02ba58eb6</assignedTo>
    <title>musee-du-louvre.jpg</title>
    <status>5066a6c6-fbb3-4d4b-8b94-3f74d368e126</status>
    <webasset>ff005897-0d4d-4198-8711-0f02c6b53646</webasset>
  </com.dotmarketing.portlets.workflows.model.WorkflowTask>
  <com.dotmarketing.portlets.workflows.model.WorkflowTask>
    <id>8db277ac-3e39-4355-bb21-70c9569ff201</id>
    <creationDate class="sql-timestamp">2012-07-05 20:54:45.1</creationDate>
    <modDate class="sql-timestamp">2012-07-05 21:09:59.268</modDate>
    <createdBy>e7d4e34e-5127-45fc-8123-d48b62d510e3</createdBy>
    <assignedTo>db0d2bca-5da5-4c18-b5d7-87f02ba58eb6</assignedTo>
    <title>Malware Attack Threatens to Kick Users Offline</title>
    <description></description>
    <status>c965f6a5-0a4f-4b87-899d-053f84012e5e</status>
    <webasset>def22a27-f841-4788-988c-d37e09dafbe2</webasset>
  </com.dotmarketing.portlets.workflows.model.WorkflowTask>
  <com.dotmarketing.portlets.workflows.model.WorkflowTask>
    <id>af7501c7-30fc-469a-950f-27dce9903e87</id>
    <creationDate class="sql-timestamp">2012-06-19 20:17:27.773</creationDate>
    <modDate class="sql-timestamp">2012-06-19 20:17:29.209</modDate>
    <createdBy>e7d4e34e-5127-45fc-8123-d48b62d510e3</createdBy>
    <assignedTo>db0d2bca-5da5-4c18-b5d7-87f02ba58eb6</assignedTo>
    <title>Jason Smith’s Top Stock Picks.docx</title>
    <description></description>
    <status>5066a6c6-fbb3-4d4b-8b94-3f74d368e126</status>
    <webasset>2896c216-9d15-49b0-9ff9-6bfff113cc4a</webasset>
  </com.dotmarketing.portlets.workflows.model.WorkflowTask>
  <com.dotmarketing.portlets.workflows.model.WorkflowTask>
    <id>bb7cd475-e26b-4af2-aae7-bbac75b1ffa2</id>
    <creationDate class="sql-timestamp">2012-07-05 16:25:29.173</creationDate>
    <modDate class="sql-timestamp">2012-07-05 21:11:01.886</modDate>
    <createdBy>e7d4e34e-5127-45fc-8123-d48b62d510e3</createdBy>
    <assignedTo>db0d2bca-5da5-4c18-b5d7-87f02ba58eb6</assignedTo>
    <title>Are Global Central Banks In Panic Mode?</title>
    <description></description>
    <status>c965f6a5-0a4f-4b87-899d-053f84012e5e</status>
    <webasset>9028c612-b522-4759-a48a-89591b5f3b88</webasset>
  </com.dotmarketing.portlets.workflows.model.WorkflowTask>
  <com.dotmarketing.portlets.workflows.model.WorkflowTask>
    <id>bdec7131-a96b-4480-88c0-de6bb20b5c64</id>
    <creationDate class="sql-timestamp">2012-06-06 20:46:01.914</creationDate>
    <modDate class="sql-timestamp">2012-06-12 16:20:41.748</modDate>
    <createdBy>e7d4e34e-5127-45fc-8123-d48b62d510e3</createdBy>
    <assignedTo>db0d2bca-5da5-4c18-b5d7-87f02ba58eb6</assignedTo>
    <title>sample-image5.jpg</title>
    <status>5066a6c6-fbb3-4d4b-8b94-3f74d368e126</status>
    <webasset>f60ed48b-1f5f-4a7b-b4b0-f5a857b41e6a</webasset>
  </com.dotmarketing.portlets.workflows.model.WorkflowTask>
  <com.dotmarketing.portlets.workflows.model.WorkflowTask>
    <id>c60bbd63-04e7-4876-9741-483e58af43f1</id>
    <creationDate class="sql-timestamp">2012-06-06 20:43:44.333</creationDate>
    <modDate class="sql-timestamp">2012-06-12 16:20:43.817</modDate>
    <createdBy>e7d4e34e-5127-45fc-8123-d48b62d510e3</createdBy>
    <assignedTo>db0d2bca-5da5-4c18-b5d7-87f02ba58eb6</assignedTo>
    <title>photoshop-cheatsheet-pc.pdf</title>
    <status>5066a6c6-fbb3-4d4b-8b94-3f74d368e126</status>
    <webasset>6e6bcd92-2405-440f-9159-14dcbf0bc097</webasset>
  </com.dotmarketing.portlets.workflows.model.WorkflowTask>
  <com.dotmarketing.portlets.workflows.model.WorkflowTask>
    <id>c7391e2a-615d-47b8-a270-594e3b4bcc40</id>
    <creationDate class="sql-timestamp">2012-06-06 20:44:50.168</creationDate>
    <modDate class="sql-timestamp">2012-06-12 16:20:41.548</modDate>
    <createdBy>e7d4e34e-5127-45fc-8123-d48b62d510e3</createdBy>
    <assignedTo>db0d2bca-5da5-4c18-b5d7-87f02ba58eb6</assignedTo>
    <title>rome4.jpg</title>
    <status>5066a6c6-fbb3-4d4b-8b94-3f74d368e126</status>
    <webasset>c4f6c493-ff6d-4531-949c-5c5ee3c53729</webasset>
  </com.dotmarketing.portlets.workflows.model.WorkflowTask>
  <com.dotmarketing.portlets.workflows.model.WorkflowTask>
    <id>cd170eea-25e8-4473-b3b9-5125df4e1087</id>
    <creationDate class="sql-timestamp">2012-06-08 19:43:22.376</creationDate>
    <modDate class="sql-timestamp">2012-06-12 16:20:41.439</modDate>
    <createdBy>e7d4e34e-5127-45fc-8123-d48b62d510e3</createdBy>
    <assignedTo>db0d2bca-5da5-4c18-b5d7-87f02ba58eb6</assignedTo>
    <title>happyfit2.mp4</title>
    <status>5066a6c6-fbb3-4d4b-8b94-3f74d368e126</status>
    <webasset>cd5e13f2-507a-446c-81d0-c1748330344a</webasset>
  </com.dotmarketing.portlets.workflows.model.WorkflowTask>
  <com.dotmarketing.portlets.workflows.model.WorkflowTask>
    <id>cde9f541-16c7-422c-8d44-e9d0386e94db</id>
    <creationDate class="sql-timestamp">2012-06-19 23:01:37.469</creationDate>
    <modDate class="sql-timestamp">2013-08-15 13:18:42.535</modDate>
    <createdBy>e7d4e34e-5127-45fc-8123-d48b62d510e3</createdBy>
    <assignedTo>db0d2bca-5da5-4c18-b5d7-87f02ba58eb6</assignedTo>
    <title>timesheet.xlsx</title>
    <description></description>
    <status>c965f6a5-0a4f-4b87-899d-053f84012e5e</status>
    <webasset>75f2a545-6faf-4bf0-8083-ea4356db9a16</webasset>
  </com.dotmarketing.portlets.workflows.model.WorkflowTask>
  <com.dotmarketing.portlets.workflows.model.WorkflowTask>
    <id>e2ddfbc7-cc76-47a8-9171-58512a38b448</id>
    <creationDate class="sql-timestamp">2012-06-06 20:44:29.818</creationDate>
    <modDate class="sql-timestamp">2012-06-12 16:20:43.146</modDate>
    <createdBy>e7d4e34e-5127-45fc-8123-d48b62d510e3</createdBy>
    <assignedTo>db0d2bca-5da5-4c18-b5d7-87f02ba58eb6</assignedTo>
    <title>sample-image4.jpg</title>
    <status>5066a6c6-fbb3-4d4b-8b94-3f74d368e126</status>
    <webasset>e4cf1c54-e92d-4b37-a929-fbf5a3ce8e8f</webasset>
  </com.dotmarketing.portlets.workflows.model.WorkflowTask>
  <com.dotmarketing.portlets.workflows.model.WorkflowTask>
    <id>ec465fb3-17df-4a25-9713-dcaaff4b6321</id>
    <creationDate class="sql-timestamp">2012-06-06 20:44:26.473</creationDate>
    <modDate class="sql-timestamp">2012-06-12 16:20:43.364</modDate>
    <createdBy>e7d4e34e-5127-45fc-8123-d48b62d510e3</createdBy>
    <assignedTo>db0d2bca-5da5-4c18-b5d7-87f02ba58eb6</assignedTo>
    <title>custom_house.jpg</title>
    <status>5066a6c6-fbb3-4d4b-8b94-3f74d368e126</status>
    <webasset>7c38edaa-66cc-416c-a14c-f407fb58165f</webasset>
  </com.dotmarketing.portlets.workflows.model.WorkflowTask>
  <com.dotmarketing.portlets.workflows.model.WorkflowTask>
    <id>ed30bb23-5886-4058-99ee-4d0a2d7b53ec</id>
    <creationDate class="sql-timestamp">2012-06-06 20:44:38.231</creationDate>
    <modDate class="sql-timestamp">2012-06-12 16:20:42.531</modDate>
    <createdBy>e7d4e34e-5127-45fc-8123-d48b62d510e3</createdBy>
    <assignedTo>db0d2bca-5da5-4c18-b5d7-87f02ba58eb6</assignedTo>
    <title>rome2.jpg</title>
    <status>5066a6c6-fbb3-4d4b-8b94-3f74d368e126</status>
    <webasset>6f6080e6-abed-4461-a4b8-ab46f92fff3e</webasset>
  </com.dotmarketing.portlets.workflows.model.WorkflowTask>
  <com.dotmarketing.portlets.workflows.model.WorkflowTask>
    <id>ed69885f-acfd-48b1-99a8-540b443c799f</id>
    <creationDate class="sql-timestamp">2012-06-08 20:01:25.144</creationDate>
    <modDate class="sql-timestamp">2012-06-12 16:20:41.354</modDate>
    <createdBy>e7d4e34e-5127-45fc-8123-d48b62d510e3</createdBy>
    <assignedTo>db0d2bca-5da5-4c18-b5d7-87f02ba58eb6</assignedTo>
    <title>Sheep.ogv</title>
    <description></description>
    <status>5066a6c6-fbb3-4d4b-8b94-3f74d368e126</status>
    <webasset>8e8228b0-ef8f-4d51-b37a-8cd1edc6934f</webasset>
  </com.dotmarketing.portlets.workflows.model.WorkflowTask>
  <com.dotmarketing.portlets.workflows.model.WorkflowTask>
    <id>f1d0603b-8c00-445e-8c68-ec88fa8cd5cb</id>
    <creationDate class="sql-timestamp">2012-07-05 21:01:16.636</creationDate>
    <modDate class="sql-timestamp">2012-07-05 21:08:47.392</modDate>
    <createdBy>e7d4e34e-5127-45fc-8123-d48b62d510e3</createdBy>
    <assignedTo>db0d2bca-5da5-4c18-b5d7-87f02ba58eb6</assignedTo>
    <title>Mortgage Rates Continue Finding New Record Lows</title>
    <description></description>
    <status>c965f6a5-0a4f-4b87-899d-053f84012e5e</status>
    <webasset>07f49129-a5cb-4956-a23b-f9dce15580d0</webasset>
  </com.dotmarketing.portlets.workflows.model.WorkflowTask>
  <com.dotmarketing.portlets.workflows.model.WorkflowTask>
    <id>f89c6245-5c26-4b53-9290-b8d5b219ef52</id>
    <creationDate class="sql-timestamp">2012-07-05 21:25:15.261</creationDate>
    <modDate class="sql-timestamp">2012-07-05 21:25:15.469</modDate>
    <createdBy>e7d4e34e-5127-45fc-8123-d48b62d510e3</createdBy>
    <assignedTo>db0d2bca-5da5-4c18-b5d7-87f02ba58eb6</assignedTo>
    <title>Inventory Report Toolkit</title>
    <description></description>
    <status>c965f6a5-0a4f-4b87-899d-053f84012e5e</status>
    <webasset>1f15cdfd-c308-4c43-82a6-79f54e890973</webasset>
  </com.dotmarketing.portlets.workflows.model.WorkflowTask>
  <com.dotmarketing.portlets.workflows.model.WorkflowTask>
    <id>fb08ed09-b252-4d19-8981-8615ad247dba</id>
    <creationDate class="sql-timestamp">2012-06-06 20:44:31.498</creationDate>
    <modDate class="sql-timestamp">2012-06-06 21:33:14.518</modDate>
    <createdBy>e7d4e34e-5127-45fc-8123-d48b62d510e3</createdBy>
    <assignedTo>db0d2bca-5da5-4c18-b5d7-87f02ba58eb6</assignedTo>
    <title>eiffel-tower.jpeg</title>
    <status>5066a6c6-fbb3-4d4b-8b94-3f74d368e126</status>
    <webasset>ea133ac8-79af-4381-a859-8b7e52457898</webasset>
  </com.dotmarketing.portlets.workflows.model.WorkflowTask>
</list>