<list>
  <com.dotmarketing.portlets.htmlpages.model.HTMLPage>
    <iDate class="sql-timestamp">2012-03-13 09:11:50.063</iDate>
    <type>htmlpage</type>
    <owner></owner>
    <inode>af47c6e6-d88e-42a0-9329-32b63b9cabfd</inode>
    <identifier>a0c4d65f-c55c-4360-93a4-b3a8c06190e1</identifier>
    <title>rss</title>
    <friendlyName>rss</friendlyName>
    <modDate class="sql-timestamp">2012-03-13 09:11:50.079</modDate>
    <modUser>dotcms.org.1</modUser>
    <sortOrder>0</sortOrder>
    <showOnMenu>false</showOnMenu>
    <metadata></metadata>
    <startDate class="sql-timestamp">2011-09-01 00:00:00.0</startDate>
    <endDate class="sql-timestamp">2011-09-01 00:00:00.0</endDate>
    <pageUrl>rss.html</pageUrl>
    <httpsRequired>false</httpsRequired>
    <redirect></redirect>
    <cacheTTL>0</cacheTTL>
    <seoKeywords></seoKeywords>
    <seoDescription></seoDescription>
    <templateId>7623ea3e-c0e6-46d8-8db6-9070f7bfc342</templateId>
  </com.dotmarketing.portlets.htmlpages.model.HTMLPage>
  <com.dotmarketing.portlets.htmlpages.model.HTMLPage>
    <iDate class="sql-timestamp">2012-02-14 16:54:59.287</iDate>
    <type>htmlpage</type>
    <owner></owner>
    <inode>5bdf95b9-aaef-4e21-acbd-8bd4c94ed3c3</inode>
    <identifier>593e803f-90e4-4077-be1e-172ba44e32e4</identifier>
    <title>product detail</title>
    <friendlyName>product detail</friendlyName>
    <modDate class="sql-timestamp">2012-02-14 17:07:46.317</modDate>
    <modUser>dotcms.org.1</modUser>
    <sortOrder>0</sortOrder>
    <showOnMenu>true</showOnMenu>
    <metadata></metadata>
    <startDate class="sql-timestamp">2012-02-14 00:00:00.0</startDate>
    <endDate class="sql-timestamp">2012-02-14 00:00:00.0</endDate>
    <pageUrl>product-detail.html</pageUrl>
    <httpsRequired>false</httpsRequired>
    <redirect></redirect>
    <cacheTTL>0</cacheTTL>
    <seoKeywords></seoKeywords>
    <seoDescription></seoDescription>
    <templateId>0f2d2e2d-ecdd-4b6a-9692-1f511b81af5e</templateId>
  </com.dotmarketing.portlets.htmlpages.model.HTMLPage>
  <com.dotmarketing.portlets.htmlpages.model.HTMLPage>
    <iDate class="sql-timestamp">2012-03-06 19:23:45.512</iDate>
    <type>htmlpage</type>
    <owner></owner>
    <inode>1e84f19b-792f-4f32-871d-ac3a9628a32c</inode>
    <identifier>951e63e3-8e3f-4ce4-92ef-ff9d7f66480e</identifier>
    <title>helloworld</title>
    <friendlyName>helloworld</friendlyName>
    <modDate class="sql-timestamp">2012-03-06 19:24:08.032</modDate>
    <modUser>dotcms.org.1</modUser>
    <sortOrder>1</sortOrder>
    <showOnMenu>true</showOnMenu>
    <metadata></metadata>
    <startDate class="sql-timestamp">2012-03-06 00:00:00.0</startDate>
    <endDate class="sql-timestamp">2012-03-06 00:00:00.0</endDate>
    <pageUrl>helloworld.html</pageUrl>
    <httpsRequired>false</httpsRequired>
    <redirect></redirect>
    <cacheTTL>0</cacheTTL>
    <seoKeywords></seoKeywords>
    <seoDescription></seoDescription>
    <templateId>460b0d3b-9b90-4b8a-a041-1f01b7edbbbc</templateId>
  </com.dotmarketing.portlets.htmlpages.model.HTMLPage>
  <com.dotmarketing.portlets.htmlpages.model.HTMLPage>
    <iDate class="sql-timestamp">2011-11-15 09:41:49.882</iDate>
    <type>htmlpage</type>
    <owner>dotcms.org.1</owner>
    <inode>66e8facd-9efa-436e-b5d3-70df48af68da</inode>
    <identifier>3b6bebd0-145f-48a9-8736-ae5d657f3550</identifier>
    <title>What We Do</title>
    <friendlyName>What We Do</friendlyName>
    <modDate class="sql-timestamp">2012-03-16 12:12:13.871</modDate>
    <modUser>dotcms.org.1</modUser>
    <sortOrder>0</sortOrder>
    <showOnMenu>true</showOnMenu>
    <metadata></metadata>
    <startDate class="sql-timestamp">2011-06-28 00:00:00.0</startDate>
    <endDate class="sql-timestamp">2011-06-28 00:00:00.0</endDate>
    <pageUrl>what-we-do.html</pageUrl>
    <httpsRequired>false</httpsRequired>
    <redirect></redirect>
    <cacheTTL>0</cacheTTL>
    <seoKeywords></seoKeywords>
    <seoDescription></seoDescription>
    <templateId>460b0d3b-9b90-4b8a-a041-1f01b7edbbbc</templateId>
  </com.dotmarketing.portlets.htmlpages.model.HTMLPage>
  <com.dotmarketing.portlets.htmlpages.model.HTMLPage>
    <iDate class="sql-timestamp">2012-03-08 12:24:27.636</iDate>
    <type>htmlpage</type>
    <owner></owner>
    <inode>77bcd2f3-a4b7-491e-afa1-4060c77eecbb</inode>
    <identifier>88b2b481-6a88-4022-b71f-518aa7335ea0</identifier>
    <title>Wealth Management Home</title>
    <friendlyName>Wealth Management Home</friendlyName>
    <modDate class="sql-timestamp">2012-07-02 15:01:57.025</modDate>
    <modUser>dotcms.org.1</modUser>
    <sortOrder>0</sortOrder>
    <showOnMenu>false</showOnMenu>
    <metadata></metadata>
    <startDate class="sql-timestamp">2012-03-02 00:00:00.0</startDate>
    <endDate class="sql-timestamp">2012-03-02 00:00:00.0</endDate>
    <pageUrl>index.html</pageUrl>
    <httpsRequired>false</httpsRequired>
    <redirect></redirect>
    <cacheTTL>0</cacheTTL>
    <seoKeywords></seoKeywords>
    <seoDescription></seoDescription>
    <templateId>f7bc93f9-6527-4c42-a120-bb19124c6e4f</templateId>
  </com.dotmarketing.portlets.htmlpages.model.HTMLPage>
  <com.dotmarketing.portlets.htmlpages.model.HTMLPage>
    <iDate class="sql-timestamp">2012-03-19 19:03:16.055</iDate>
    <type>htmlpage</type>
    <owner></owner>
    <inode>80942b35-830d-4a38-a420-893f36e111dd</inode>
    <identifier>de2bd63b-4f34-415a-b2fc-5e9fa7020b45</identifier>
    <title>Wealth Management</title>
    <friendlyName>Wealth Management</friendlyName>
    <modDate class="sql-timestamp">2012-03-21 12:12:36.431</modDate>
    <modUser>dotcms.org.1</modUser>
    <sortOrder>0</sortOrder>
    <showOnMenu>false</showOnMenu>
    <metadata></metadata>
    <startDate class="sql-timestamp">2012-03-19 00:00:00.0</startDate>
    <endDate class="sql-timestamp">2012-03-19 00:00:00.0</endDate>
    <pageUrl>index.html</pageUrl>
    <httpsRequired>false</httpsRequired>
    <redirect></redirect>
    <cacheTTL>0</cacheTTL>
    <seoKeywords></seoKeywords>
    <seoDescription></seoDescription>
    <templateId>0f2d2e2d-ecdd-4b6a-9692-1f511b81af5e</templateId>
  </com.dotmarketing.portlets.htmlpages.model.HTMLPage>
  <com.dotmarketing.portlets.htmlpages.model.HTMLPage>
    <iDate class="sql-timestamp">2012-03-05 11:17:58.129</iDate>
    <type>htmlpage</type>
    <owner></owner>
    <inode>89fbc883-ff3f-405d-8d32-92884b63bd56</inode>
    <identifier>d2f7edd9-5dcf-4125-9a2a-1a3464066994</identifier>
    <title>Videos</title>
    <friendlyName>videos</friendlyName>
    <modDate class="sql-timestamp">2012-06-11 17:29:57.246</modDate>
    <modUser>dotcms.org.1</modUser>
    <sortOrder>1</sortOrder>
    <showOnMenu>true</showOnMenu>
    <metadata></metadata>
    <startDate class="sql-timestamp">2011-07-05 00:00:00.0</startDate>
    <endDate class="sql-timestamp">2011-07-05 00:00:00.0</endDate>
    <pageUrl>videos.html</pageUrl>
    <httpsRequired>false</httpsRequired>
    <redirect></redirect>
    <cacheTTL>0</cacheTTL>
    <seoKeywords></seoKeywords>
    <seoDescription></seoDescription>
    <templateId>50b64032-20cd-4169-8063-b023e53f572a</templateId>
  </com.dotmarketing.portlets.htmlpages.model.HTMLPage>
  <com.dotmarketing.portlets.htmlpages.model.HTMLPage>
    <iDate class="sql-timestamp">2012-03-07 11:50:45.391</iDate>
    <type>htmlpage</type>
    <owner></owner>
    <inode>63df8ea1-df48-42e4-bf6f-6c69e2bed70a</inode>
    <identifier>a3230fc8-5fbb-43a2-9d58-bf352f0971cc</identifier>
    <title>Upload Document</title>
    <friendlyName>Upload Document</friendlyName>
    <modDate class="sql-timestamp">2012-07-09 16:49:52.101</modDate>
    <modUser>dotcms.org.1</modUser>
    <sortOrder>0</sortOrder>
    <showOnMenu>false</showOnMenu>
    <metadata></metadata>
    <startDate class="sql-timestamp">2012-03-07 00:00:00.0</startDate>
    <endDate class="sql-timestamp">2012-03-07 00:00:00.0</endDate>
    <pageUrl>upload-document.html</pageUrl>
    <httpsRequired>false</httpsRequired>
    <redirect></redirect>
    <cacheTTL>0</cacheTTL>
    <seoKeywords></seoKeywords>
    <seoDescription></seoDescription>
    <templateId>003d08f4-e0c9-4bc7-9949-b686301338ba</templateId>
  </com.dotmarketing.portlets.htmlpages.model.HTMLPage>
  <com.dotmarketing.portlets.htmlpages.model.HTMLPage>
    <iDate class="sql-timestamp">2012-03-06 16:47:31.67</iDate>
    <type>htmlpage</type>
    <owner></owner>
    <inode>3f46d122-07ce-441f-88c4-172bd422a433</inode>
    <identifier>0572b59b-340f-4085-a023-bb25f512041a</identifier>
    <title>Thank You</title>
    <friendlyName>Thank You</friendlyName>
    <modDate class="sql-timestamp">2012-03-06 16:47:31.684</modDate>
    <modUser>dotcms.org.1</modUser>
    <sortOrder>0</sortOrder>
    <showOnMenu>false</showOnMenu>
    <metadata></metadata>
    <startDate class="sql-timestamp">2012-03-06 00:00:00.0</startDate>
    <endDate class="sql-timestamp">2012-03-06 00:00:00.0</endDate>
    <pageUrl>thank_you.html</pageUrl>
    <httpsRequired>false</httpsRequired>
    <redirect></redirect>
    <cacheTTL>0</cacheTTL>
    <seoKeywords></seoKeywords>
    <seoDescription></seoDescription>
    <templateId>003d08f4-e0c9-4bc7-9949-b686301338ba</templateId>
  </com.dotmarketing.portlets.htmlpages.model.HTMLPage>
  <com.dotmarketing.portlets.htmlpages.model.HTMLPage>
    <iDate class="sql-timestamp">2012-01-11 12:34:50.606</iDate>
    <type>htmlpage</type>
    <owner></owner>
    <inode>bc3f3b5b-fa66-49ff-8a94-e2146c2c5b0c</inode>
    <identifier>6247c3b2-f5bf-40c6-9b07-ae06d56a1b7c</identifier>
    <title>Thank You</title>
    <friendlyName>Thank You</friendlyName>
    <modDate class="sql-timestamp">2012-01-11 12:35:16.166</modDate>
    <modUser>dotcms.org.1</modUser>
    <sortOrder>0</sortOrder>
    <showOnMenu>false</showOnMenu>
    <metadata></metadata>
    <startDate class="sql-timestamp">2012-01-11 00:00:00.0</startDate>
    <endDate class="sql-timestamp">2012-01-11 00:00:00.0</endDate>
    <pageUrl>thank-you.html</pageUrl>
    <httpsRequired>false</httpsRequired>
    <redirect></redirect>
    <cacheTTL>0</cacheTTL>
    <seoKeywords></seoKeywords>
    <seoDescription></seoDescription>
    <templateId>003d08f4-e0c9-4bc7-9949-b686301338ba</templateId>
  </com.dotmarketing.portlets.htmlpages.model.HTMLPage>
  <com.dotmarketing.portlets.htmlpages.model.HTMLPage>
    <iDate class="sql-timestamp">2012-03-05 14:47:51.183</iDate>
    <type>htmlpage</type>
    <owner></owner>
    <inode>c802dd4a-536a-4df0-9f4d-e9284601924e</inode>
    <identifier>69dcec4a-4364-445e-8d88-98e96d6ef5de</identifier>
    <title>Site Search</title>
    <friendlyName>site search</friendlyName>
    <modDate class="sql-timestamp">2012-06-19 15:44:24.842</modDate>
    <modUser>dotcms.org.1</modUser>
    <sortOrder>0</sortOrder>
    <showOnMenu>false</showOnMenu>
    <metadata></metadata>
    <startDate class="sql-timestamp">2012-03-05 00:00:00.0</startDate>
    <endDate class="sql-timestamp">2012-03-05 00:00:00.0</endDate>
    <pageUrl>site-search.html</pageUrl>
    <httpsRequired>false</httpsRequired>
    <redirect></redirect>
    <cacheTTL>0</cacheTTL>
    <seoKeywords></seoKeywords>
    <seoDescription></seoDescription>
    <templateId>003d08f4-e0c9-4bc7-9949-b686301338ba</templateId>
  </com.dotmarketing.portlets.htmlpages.model.HTMLPage>
  <com.dotmarketing.portlets.htmlpages.model.HTMLPage>
    <iDate class="sql-timestamp">2011-11-15 09:47:35.697</iDate>
    <type>htmlpage</type>
    <owner>dotcms.org.1</owner>
    <inode>856b6e32-0ad5-47bb-97c0-937ab8328914</inode>
    <identifier>1b074c9c-6da4-4f0c-aba2-33052f325ed7</identifier>
    <title>Site Map</title>
    <friendlyName>Site Map</friendlyName>
    <modDate class="sql-timestamp">2011-11-15 09:47:35.78</modDate>
    <modUser>dotcms.org.1</modUser>
    <sortOrder>0</sortOrder>
    <showOnMenu>false</showOnMenu>
    <metadata></metadata>
    <startDate class="sql-timestamp">2011-07-05 00:00:00.0</startDate>
    <endDate class="sql-timestamp">2011-07-05 00:00:00.0</endDate>
    <pageUrl>site-map.html</pageUrl>
    <httpsRequired>false</httpsRequired>
    <redirect></redirect>
    <cacheTTL>0</cacheTTL>
    <seoKeywords></seoKeywords>
    <seoDescription></seoDescription>
    <templateId>003d08f4-e0c9-4bc7-9949-b686301338ba</templateId>
  </com.dotmarketing.portlets.htmlpages.model.HTMLPage>
  <com.dotmarketing.portlets.htmlpages.model.HTMLPage>
    <iDate class="sql-timestamp">2012-03-08 12:24:13.936</iDate>
    <type>htmlpage</type>
    <owner></owner>
    <inode>d83b1129-1938-4429-a286-b65099890999</inode>
    <identifier>d7c4b69f-7675-4678-9eb6-a0e953c2f871</identifier>
    <title>Services</title>
    <friendlyName>Services</friendlyName>
    <modDate class="sql-timestamp">2012-03-21 12:09:54.912</modDate>
    <modUser>dotcms.org.1</modUser>
    <sortOrder>0</sortOrder>
    <showOnMenu>false</showOnMenu>
    <metadata>Question Financial</metadata>
    <startDate class="sql-timestamp">2012-03-02 00:00:00.0</startDate>
    <endDate class="sql-timestamp">2012-03-02 00:00:00.0</endDate>
    <pageUrl>index.html</pageUrl>
    <httpsRequired>false</httpsRequired>
    <redirect></redirect>
    <cacheTTL>0</cacheTTL>
    <seoKeywords>Investment Banking, Market Research, Private Banking and Wealth Management</seoKeywords>
    <seoDescription>Question Financial offers the following services for our clients; Investment Banking, Market Research, Private Banking and Wealth Management</seoDescription>
    <templateId>f7bc93f9-6527-4c42-a120-bb19124c6e4f</templateId>
  </com.dotmarketing.portlets.htmlpages.model.HTMLPage>
  <com.dotmarketing.portlets.htmlpages.model.HTMLPage>
    <iDate class="sql-timestamp">2012-03-05 15:36:46.963</iDate>
    <type>htmlpage</type>
    <owner></owner>
    <inode>fdfb3b1b-8129-4f15-970e-4f373bef0079</inode>
    <identifier>a088b172-e621-4870-8389-a1c5f284e7d9</identifier>
    <title>Reset Password Email Sent</title>
    <friendlyName>Reset Password Email Sent</friendlyName>
    <modDate class="sql-timestamp">2012-03-05 15:36:46.988</modDate>
    <modUser>dotcms.org.1</modUser>
    <sortOrder>0</sortOrder>
    <showOnMenu>false</showOnMenu>
    <metadata></metadata>
    <startDate class="sql-timestamp">2012-03-01 00:00:00.0</startDate>
    <endDate class="sql-timestamp">2012-03-01 00:00:00.0</endDate>
    <pageUrl>reset_password_email_sent.html</pageUrl>
    <httpsRequired>false</httpsRequired>
    <redirect></redirect>
    <cacheTTL>0</cacheTTL>
    <seoKeywords></seoKeywords>
    <seoDescription></seoDescription>
    <templateId>003d08f4-e0c9-4bc7-9949-b686301338ba</templateId>
  </com.dotmarketing.portlets.htmlpages.model.HTMLPage>
  <com.dotmarketing.portlets.htmlpages.model.HTMLPage>
    <iDate class="sql-timestamp">2012-03-05 15:37:13.197</iDate>
    <type>htmlpage</type>
    <owner></owner>
    <inode>a30a6e1f-2493-46af-b222-07e3afdec843</inode>
    <identifier>d9f12ac9-e37a-46ba-930d-bdd41d46ab22</identifier>
    <title>Reset Password Confirmation</title>
    <friendlyName>Reset Password Confirmation</friendlyName>
    <modDate class="sql-timestamp">2012-03-05 15:37:13.217</modDate>
    <modUser>dotcms.org.1</modUser>
    <sortOrder>0</sortOrder>
    <showOnMenu>false</showOnMenu>
    <metadata></metadata>
    <startDate class="sql-timestamp">2012-03-01 00:00:00.0</startDate>
    <endDate class="sql-timestamp">2012-03-01 00:00:00.0</endDate>
    <pageUrl>reset_password_confirmation.html</pageUrl>
    <httpsRequired>false</httpsRequired>
    <redirect></redirect>
    <cacheTTL>0</cacheTTL>
    <seoKeywords></seoKeywords>
    <seoDescription></seoDescription>
    <templateId>003d08f4-e0c9-4bc7-9949-b686301338ba</templateId>
  </com.dotmarketing.portlets.htmlpages.model.HTMLPage>
  <com.dotmarketing.portlets.htmlpages.model.HTMLPage>
    <iDate class="sql-timestamp">2012-03-05 15:36:34.896</iDate>
    <type>htmlpage</type>
    <owner></owner>
    <inode>53251e45-5599-4307-b676-3d99762f5414</inode>
    <identifier>5aaf726e-efe1-45ac-be67-22d7a8b8ea8f</identifier>
    <title>Reset Password</title>
    <friendlyName>Reset Password</friendlyName>
    <modDate class="sql-timestamp">2012-03-05 15:36:34.938</modDate>
    <modUser>dotcms.org.1</modUser>
    <sortOrder>0</sortOrder>
    <showOnMenu>false</showOnMenu>
    <metadata></metadata>
    <startDate class="sql-timestamp">2012-03-01 00:00:00.0</startDate>
    <endDate class="sql-timestamp">2012-03-01 00:00:00.0</endDate>
    <pageUrl>reset_password.html</pageUrl>
    <httpsRequired>false</httpsRequired>
    <redirect></redirect>
    <cacheTTL>0</cacheTTL>
    <seoKeywords></seoKeywords>
    <seoDescription></seoDescription>
    <templateId>003d08f4-e0c9-4bc7-9949-b686301338ba</templateId>
  </com.dotmarketing.portlets.htmlpages.model.HTMLPage>
  <com.dotmarketing.portlets.htmlpages.model.HTMLPage>
    <iDate class="sql-timestamp">2012-03-01 16:10:17.727</iDate>
    <type>htmlpage</type>
    <owner></owner>
    <inode>811bed17-808a-4701-bce6-81ac2aa31bd0</inode>
    <identifier>813b1cef-465f-455d-920f-063718cdd6f9</identifier>
    <title>Resend Activation Email</title>
    <friendlyName>Resend Activation Email</friendlyName>
    <modDate class="sql-timestamp">2012-03-02 10:07:35.926</modDate>
    <modUser>dotcms.org.1</modUser>
    <sortOrder>1</sortOrder>
    <showOnMenu>true</showOnMenu>
    <metadata></metadata>
    <startDate class="sql-timestamp">2012-03-01 00:00:00.0</startDate>
    <endDate class="sql-timestamp">2012-03-01 00:00:00.0</endDate>
    <pageUrl>resend_activation_email.html</pageUrl>
    <httpsRequired>false</httpsRequired>
    <redirect></redirect>
    <cacheTTL>0</cacheTTL>
    <seoKeywords></seoKeywords>
    <seoDescription></seoDescription>
    <templateId>003d08f4-e0c9-4bc7-9949-b686301338ba</templateId>
  </com.dotmarketing.portlets.htmlpages.model.HTMLPage>
  <com.dotmarketing.portlets.htmlpages.model.HTMLPage>
    <iDate class="sql-timestamp">2012-07-06 14:28:05.757</iDate>
    <type>htmlpage</type>
    <owner></owner>
    <inode>386e2ec9-e266-467e-a5f8-9f0ed14bdb1c</inode>
    <identifier>47e72441-654d-4cf1-9d44-97fe9d5ecef5</identifier>
    <title>Reports</title>
    <friendlyName>Reports</friendlyName>
    <modDate class="sql-timestamp">2012-07-10 14:54:26.692</modDate>
    <modUser>dotcms.org.1</modUser>
    <sortOrder>2</sortOrder>
    <showOnMenu>true</showOnMenu>
    <metadata></metadata>
    <startDate class="sql-timestamp">2012-07-06 00:00:00.0</startDate>
    <endDate class="sql-timestamp">2012-07-06 00:00:00.0</endDate>
    <pageUrl>reports.html</pageUrl>
    <httpsRequired>false</httpsRequired>
    <redirect></redirect>
    <cacheTTL>0</cacheTTL>
    <seoKeywords></seoKeywords>
    <seoDescription></seoDescription>
    <templateId>0f2d2e2d-ecdd-4b6a-9692-1f511b81af5e</templateId>
  </com.dotmarketing.portlets.htmlpages.model.HTMLPage>
  <com.dotmarketing.portlets.htmlpages.model.HTMLPage>
    <iDate class="sql-timestamp">2012-03-13 09:10:05.545</iDate>
    <type>htmlpage</type>
    <owner></owner>
    <inode>200641b0-3d21-46f7-bd95-0bf2cbaa7401</inode>
    <identifier>e476a7f6-d252-4a47-be8a-6de4c5d4cc4b</identifier>
    <title>Products</title>
    <friendlyName>Products</friendlyName>
    <modDate class="sql-timestamp">2012-03-13 09:10:05.573</modDate>
    <modUser>dotcms.org.1</modUser>
    <sortOrder>0</sortOrder>
    <showOnMenu>false</showOnMenu>
    <metadata></metadata>
    <startDate class="sql-timestamp">2011-07-05 00:00:00.0</startDate>
    <endDate class="sql-timestamp">2011-07-05 00:00:00.0</endDate>
    <pageUrl>index.html</pageUrl>
    <httpsRequired>false</httpsRequired>
    <redirect></redirect>
    <cacheTTL>0</cacheTTL>
    <seoKeywords></seoKeywords>
    <seoDescription></seoDescription>
    <templateId>003d08f4-e0c9-4bc7-9949-b686301338ba</templateId>
  </com.dotmarketing.portlets.htmlpages.model.HTMLPage>
  <com.dotmarketing.portlets.htmlpages.model.HTMLPage>
    <iDate class="sql-timestamp">2012-03-01 16:08:24.44</iDate>
    <type>htmlpage</type>
    <owner></owner>
    <inode>c77b850b-6b58-406e-aa68-fbc7921559ba</inode>
    <identifier>495ddd83-0238-41f5-bf75-80137ea747fc</identifier>
    <title>Product Order Detail</title>
    <friendlyName>Product Order Detail</friendlyName>
    <modDate class="sql-timestamp">2012-03-05 15:59:30.845</modDate>
    <modUser>dotcms.org.1</modUser>
    <sortOrder>3</sortOrder>
    <showOnMenu>true</showOnMenu>
    <metadata></metadata>
    <startDate class="sql-timestamp">2012-03-01 00:00:00.0</startDate>
    <endDate class="sql-timestamp">2012-03-01 00:00:00.0</endDate>
    <pageUrl>product_order_detail.html</pageUrl>
    <httpsRequired>false</httpsRequired>
    <redirect></redirect>
    <cacheTTL>0</cacheTTL>
    <seoKeywords></seoKeywords>
    <seoDescription></seoDescription>
    <templateId>003d08f4-e0c9-4bc7-9949-b686301338ba</templateId>
  </com.dotmarketing.portlets.htmlpages.model.HTMLPage>
  <com.dotmarketing.portlets.htmlpages.model.HTMLPage>
    <iDate class="sql-timestamp">2012-03-13 09:10:27.459</iDate>
    <type>htmlpage</type>
    <owner></owner>
    <inode>1b391aa1-daab-40b3-a67a-88e84f633565</inode>
    <identifier>4b64a746-9df0-4e32-bae2-1cb9b7e6dea7</identifier>
    <title>Product Detail</title>
    <friendlyName>Product Detail</friendlyName>
    <modDate class="sql-timestamp">2012-03-13 09:10:27.476</modDate>
    <modUser>dotcms.org.1</modUser>
    <sortOrder>0</sortOrder>
    <showOnMenu>false</showOnMenu>
    <metadata></metadata>
    <startDate class="sql-timestamp">2011-07-20 00:00:00.0</startDate>
    <endDate class="sql-timestamp">2011-07-20 00:00:00.0</endDate>
    <pageUrl>detail.html</pageUrl>
    <httpsRequired>false</httpsRequired>
    <redirect></redirect>
    <cacheTTL>0</cacheTTL>
    <seoKeywords></seoKeywords>
    <seoDescription></seoDescription>
    <templateId>4cb76166-6763-44ca-ab22-e9eb50885430</templateId>
  </com.dotmarketing.portlets.htmlpages.model.HTMLPage>
  <com.dotmarketing.portlets.htmlpages.model.HTMLPage>
    <iDate class="sql-timestamp">2012-03-27 12:05:34.875</iDate>
    <type>htmlpage</type>
    <owner></owner>
    <inode>9b4831d4-01d6-4f5a-b814-f6eb0e12069a</inode>
    <identifier>7cfa54eb-1612-401f-96b3-3e04fa14c52d</identifier>
    <title>Private Banking</title>
    <friendlyName>Private Banking</friendlyName>
    <modDate class="sql-timestamp">2012-03-27 12:05:34.937</modDate>
    <modUser>dotcms.org.1</modUser>
    <sortOrder>0</sortOrder>
    <showOnMenu>false</showOnMenu>
    <metadata></metadata>
    <startDate class="sql-timestamp">2012-03-02 00:00:00.0</startDate>
    <endDate class="sql-timestamp">2012-03-02 00:00:00.0</endDate>
    <pageUrl>index.html</pageUrl>
    <httpsRequired>false</httpsRequired>
    <redirect></redirect>
    <cacheTTL>0</cacheTTL>
    <seoKeywords>banking, private banking, rich people, top 1%</seoKeywords>
    <seoDescription>Private banking is banking, investment and other financial services provided by banks to private individuals investing sizable assets.</seoDescription>
    <templateId>f7bc93f9-6527-4c42-a120-bb19124c6e4f</templateId>
  </com.dotmarketing.portlets.htmlpages.model.HTMLPage>
  <com.dotmarketing.portlets.htmlpages.model.HTMLPage>
    <iDate class="sql-timestamp">2012-03-19 19:01:04.295</iDate>
    <type>htmlpage</type>
    <owner></owner>
    <inode>d287d6e0-9c87-42a1-8244-e74279356275</inode>
    <identifier>ee2a42c9-0845-4b87-b516-2519a87c69a6</identifier>
    <title>Private Banking</title>
    <friendlyName>Private Banking</friendlyName>
    <modDate class="sql-timestamp">2012-03-21 12:12:02.465</modDate>
    <modUser>dotcms.org.1</modUser>
    <sortOrder>0</sortOrder>
    <showOnMenu>false</showOnMenu>
    <metadata></metadata>
    <startDate class="sql-timestamp">2012-03-19 00:00:00.0</startDate>
    <endDate class="sql-timestamp">2012-03-19 00:00:00.0</endDate>
    <pageUrl>index.html</pageUrl>
    <httpsRequired>false</httpsRequired>
    <redirect></redirect>
    <cacheTTL>0</cacheTTL>
    <seoKeywords></seoKeywords>
    <seoDescription></seoDescription>
    <templateId>0f2d2e2d-ecdd-4b6a-9692-1f511b81af5e</templateId>
  </com.dotmarketing.portlets.htmlpages.model.HTMLPage>
  <com.dotmarketing.portlets.htmlpages.model.HTMLPage>
    <iDate class="sql-timestamp">2012-07-10 15:28:30.224</iDate>
    <type>htmlpage</type>
    <owner></owner>
    <inode>2721e3b8-00e0-4fb0-ad57-b1be13a0a73d</inode>
    <identifier>a199aa48-db48-463b-a8b0-5a4ac30b90a3</identifier>
    <title>Photos</title>
    <friendlyName>Photos</friendlyName>
    <modDate class="sql-timestamp">2012-07-10 15:28:30.237</modDate>
    <modUser>dotcms.org.1</modUser>
    <sortOrder>1</sortOrder>
    <showOnMenu>true</showOnMenu>
    <metadata></metadata>
    <startDate class="sql-timestamp">2012-03-27 00:00:00.0</startDate>
    <endDate class="sql-timestamp">2012-03-27 00:00:00.0</endDate>
    <pageUrl>photos.html</pageUrl>
    <httpsRequired>false</httpsRequired>
    <redirect></redirect>
    <cacheTTL>0</cacheTTL>
    <seoKeywords></seoKeywords>
    <seoDescription></seoDescription>
    <templateId>0f2d2e2d-ecdd-4b6a-9692-1f511b81af5e</templateId>
  </com.dotmarketing.portlets.htmlpages.model.HTMLPage>
  <com.dotmarketing.portlets.htmlpages.model.HTMLPage>
    <iDate class="sql-timestamp">2012-07-10 13:07:00.519</iDate>
    <type>htmlpage</type>
    <owner></owner>
    <inode>8c4ed424-88b9-403d-b508-7e7a1b996f65</inode>
    <identifier>a199aa48-db48-463b-a8b0-5a4ac30b90a3</identifier>
    <title>Photos</title>
    <friendlyName>Photos</friendlyName>
    <modDate class="sql-timestamp">2012-07-10 13:07:00.533</modDate>
    <modUser>dotcms.org.1</modUser>
    <sortOrder>1</sortOrder>
    <showOnMenu>true</showOnMenu>
    <metadata></metadata>
    <startDate class="sql-timestamp">2012-03-27 00:00:00.0</startDate>
    <endDate class="sql-timestamp">2012-03-27 00:00:00.0</endDate>
    <pageUrl>photos.html</pageUrl>
    <httpsRequired>false</httpsRequired>
    <redirect></redirect>
    <cacheTTL>0</cacheTTL>
    <seoKeywords></seoKeywords>
    <seoDescription></seoDescription>
    <templateId>993d1322-b209-4720-b4c7-a0f816c49df8</templateId>
  </com.dotmarketing.portlets.htmlpages.model.HTMLPage>
  <com.dotmarketing.portlets.htmlpages.model.HTMLPage>
    <iDate class="sql-timestamp">2012-07-10 12:54:29.71</iDate>
    <type>htmlpage</type>
    <owner></owner>
    <inode>8cc29e3d-a67b-46c6-9088-36fea8509a8e</inode>
    <identifier>a199aa48-db48-463b-a8b0-5a4ac30b90a3</identifier>
    <title>Photos</title>
    <friendlyName>Photos</friendlyName>
    <modDate class="sql-timestamp">2012-07-10 12:54:29.79</modDate>
    <modUser>dotcms.org.1</modUser>
    <sortOrder>1</sortOrder>
    <showOnMenu>true</showOnMenu>
    <metadata></metadata>
    <startDate class="sql-timestamp">2012-03-27 00:00:00.0</startDate>
    <endDate class="sql-timestamp">2012-03-27 00:00:00.0</endDate>
    <pageUrl>photos.html</pageUrl>
    <httpsRequired>false</httpsRequired>
    <redirect></redirect>
    <cacheTTL>0</cacheTTL>
    <seoKeywords></seoKeywords>
    <seoDescription></seoDescription>
    <templateId>993d1322-b209-4720-b4c7-a0f816c49df8</templateId>
  </com.dotmarketing.portlets.htmlpages.model.HTMLPage>
  <com.dotmarketing.portlets.htmlpages.model.HTMLPage>
    <iDate class="sql-timestamp">2012-07-10 15:29:50.423</iDate>
    <type>htmlpage</type>
    <owner></owner>
    <inode>92e1814a-1a71-4660-8fd0-78d507399e4b</inode>
    <identifier>a199aa48-db48-463b-a8b0-5a4ac30b90a3</identifier>
    <title>Photos</title>
    <friendlyName>Gallery1</friendlyName>
    <modDate class="sql-timestamp">2012-07-10 15:29:50.437</modDate>
    <modUser>dotcms.org.1</modUser>
    <sortOrder>1</sortOrder>
    <showOnMenu>true</showOnMenu>
    <metadata></metadata>
    <startDate class="sql-timestamp">2012-03-27 00:00:00.0</startDate>
    <endDate class="sql-timestamp">2012-03-27 00:00:00.0</endDate>
    <pageUrl>photos.html</pageUrl>
    <httpsRequired>false</httpsRequired>
    <redirect></redirect>
    <cacheTTL>0</cacheTTL>
    <seoKeywords></seoKeywords>
    <seoDescription></seoDescription>
    <templateId>0f2d2e2d-ecdd-4b6a-9692-1f511b81af5e</templateId>
  </com.dotmarketing.portlets.htmlpages.model.HTMLPage>
  <com.dotmarketing.portlets.htmlpages.model.HTMLPage>
    <iDate class="sql-timestamp">2012-03-08 11:22:04.658</iDate>
    <type>htmlpage</type>
    <owner></owner>
    <inode>99c86a43-1af3-4c1a-88b3-0fc50be14c34</inode>
    <identifier>8dac83a5-4a32-4786-bbe4-f09192a1ad77</identifier>
    <title>Photos</title>
    <friendlyName>Photos</friendlyName>
    <modDate class="sql-timestamp">2012-06-06 13:37:57.983</modDate>
    <modUser>dotcms.org.1</modUser>
    <sortOrder>2</sortOrder>
    <showOnMenu>true</showOnMenu>
    <metadata></metadata>
    <startDate class="sql-timestamp">2011-07-07 00:00:00.0</startDate>
    <endDate class="sql-timestamp">2011-07-07 00:00:00.0</endDate>
    <pageUrl>images.html</pageUrl>
    <httpsRequired>false</httpsRequired>
    <redirect></redirect>
    <cacheTTL>0</cacheTTL>
    <seoKeywords></seoKeywords>
    <seoDescription></seoDescription>
    <templateId>003d08f4-e0c9-4bc7-9949-b686301338ba</templateId>
  </com.dotmarketing.portlets.htmlpages.model.HTMLPage>
  <com.dotmarketing.portlets.htmlpages.model.HTMLPage>
    <iDate class="sql-timestamp">2012-07-10 15:25:30.207</iDate>
    <type>htmlpage</type>
    <owner></owner>
    <inode>b688ee24-3569-43f1-9e6a-3573d49c3eee</inode>
    <identifier>a199aa48-db48-463b-a8b0-5a4ac30b90a3</identifier>
    <title>Photos</title>
    <friendlyName>Gallery1</friendlyName>
    <modDate class="sql-timestamp">2012-07-10 15:25:30.222</modDate>
    <modUser>dotcms.org.1</modUser>
    <sortOrder>1</sortOrder>
    <showOnMenu>true</showOnMenu>
    <metadata></metadata>
    <startDate class="sql-timestamp">2012-03-27 00:00:00.0</startDate>
    <endDate class="sql-timestamp">2012-03-27 00:00:00.0</endDate>
    <pageUrl>photos.html</pageUrl>
    <httpsRequired>false</httpsRequired>
    <redirect></redirect>
    <cacheTTL>0</cacheTTL>
    <seoKeywords></seoKeywords>
    <seoDescription></seoDescription>
    <templateId>0f2d2e2d-ecdd-4b6a-9692-1f511b81af5e</templateId>
  </com.dotmarketing.portlets.htmlpages.model.HTMLPage>
  <com.dotmarketing.portlets.htmlpages.model.HTMLPage>
    <iDate class="sql-timestamp">2012-07-10 13:17:37.221</iDate>
    <type>htmlpage</type>
    <owner></owner>
    <inode>c23487c6-163a-4354-9384-64befceadff8</inode>
    <identifier>a199aa48-db48-463b-a8b0-5a4ac30b90a3</identifier>
    <title>Photos</title>
    <friendlyName>Photos</friendlyName>
    <modDate class="sql-timestamp">2012-07-10 13:17:37.235</modDate>
    <modUser>dotcms.org.1</modUser>
    <sortOrder>1</sortOrder>
    <showOnMenu>true</showOnMenu>
    <metadata></metadata>
    <startDate class="sql-timestamp">2012-03-27 00:00:00.0</startDate>
    <endDate class="sql-timestamp">2012-03-27 00:00:00.0</endDate>
    <pageUrl>photos.html</pageUrl>
    <httpsRequired>false</httpsRequired>
    <redirect></redirect>
    <cacheTTL>0</cacheTTL>
    <seoKeywords></seoKeywords>
    <seoDescription></seoDescription>
    <templateId>0f2d2e2d-ecdd-4b6a-9692-1f511b81af5e</templateId>
  </com.dotmarketing.portlets.htmlpages.model.HTMLPage>
  <com.dotmarketing.portlets.htmlpages.model.HTMLPage>
    <iDate class="sql-timestamp">2012-03-27 15:55:51.515</iDate>
    <type>htmlpage</type>
    <owner></owner>
    <inode>d21d168a-5a01-4122-8135-b0ba9de18444</inode>
    <identifier>a199aa48-db48-463b-a8b0-5a4ac30b90a3</identifier>
    <title>Photos</title>
    <friendlyName>Photos</friendlyName>
    <modDate class="sql-timestamp">2012-07-10 12:09:11.661</modDate>
    <modUser>dotcms.org.1</modUser>
    <sortOrder>1</sortOrder>
    <showOnMenu>true</showOnMenu>
    <metadata></metadata>
    <startDate class="sql-timestamp">2012-03-27 00:00:00.0</startDate>
    <endDate class="sql-timestamp">2012-03-27 00:00:00.0</endDate>
    <pageUrl>photos.html</pageUrl>
    <httpsRequired>false</httpsRequired>
    <redirect></redirect>
    <cacheTTL>0</cacheTTL>
    <seoKeywords></seoKeywords>
    <seoDescription></seoDescription>
    <templateId>0f2d2e2d-ecdd-4b6a-9692-1f511b81af5e</templateId>
  </com.dotmarketing.portlets.htmlpages.model.HTMLPage>
  <com.dotmarketing.portlets.htmlpages.model.HTMLPage>
    <iDate class="sql-timestamp">2012-07-10 15:36:50.784</iDate>
    <type>htmlpage</type>
    <owner></owner>
    <inode>dc3e2bfc-5be0-4363-aed7-0861e16c632b</inode>
    <identifier>a199aa48-db48-463b-a8b0-5a4ac30b90a3</identifier>
    <title>Photos</title>
    <friendlyName>Gallery1</friendlyName>
    <modDate class="sql-timestamp">2012-07-10 15:36:50.801</modDate>
    <modUser>dotcms.org.1</modUser>
    <sortOrder>1</sortOrder>
    <showOnMenu>true</showOnMenu>
    <metadata></metadata>
    <startDate class="sql-timestamp">2012-03-27 00:00:00.0</startDate>
    <endDate class="sql-timestamp">2012-03-27 00:00:00.0</endDate>
    <pageUrl>photos.html</pageUrl>
    <httpsRequired>false</httpsRequired>
    <redirect></redirect>
    <cacheTTL>0</cacheTTL>
    <seoKeywords></seoKeywords>
    <seoDescription></seoDescription>
    <templateId>993d1322-b209-4720-b4c7-a0f816c49df8</templateId>
  </com.dotmarketing.portlets.htmlpages.model.HTMLPage>
  <com.dotmarketing.portlets.htmlpages.model.HTMLPage>
    <iDate class="sql-timestamp">2012-07-10 13:02:59.608</iDate>
    <type>htmlpage</type>
    <owner></owner>
    <inode>fd97b274-a981-47c6-88a2-f9b257648df4</inode>
    <identifier>a199aa48-db48-463b-a8b0-5a4ac30b90a3</identifier>
    <title>Photos</title>
    <friendlyName>Photos</friendlyName>
    <modDate class="sql-timestamp">2012-07-10 13:02:59.622</modDate>
    <modUser>dotcms.org.1</modUser>
    <sortOrder>1</sortOrder>
    <showOnMenu>true</showOnMenu>
    <metadata></metadata>
    <startDate class="sql-timestamp">2012-03-27 00:00:00.0</startDate>
    <endDate class="sql-timestamp">2012-03-27 00:00:00.0</endDate>
    <pageUrl>photos.html</pageUrl>
    <httpsRequired>false</httpsRequired>
    <redirect></redirect>
    <cacheTTL>0</cacheTTL>
    <seoKeywords></seoKeywords>
    <seoDescription></seoDescription>
    <templateId>0f2d2e2d-ecdd-4b6a-9692-1f511b81af5e</templateId>
  </com.dotmarketing.portlets.htmlpages.model.HTMLPage>
  <com.dotmarketing.portlets.htmlpages.model.HTMLPage>
    <iDate class="sql-timestamp">2012-01-19 15:50:36.442</iDate>
    <type>htmlpage</type>
    <owner></owner>
    <inode>9c0f6772-d74e-4938-9393-e197c1b5310e</inode>
    <identifier>b0175d07-aca0-43be-9fc1-2e4ad637c00a</identifier>
    <title>Our Team</title>
    <friendlyName>Our Team</friendlyName>
    <modDate class="sql-timestamp">2012-02-14 13:52:35.428</modDate>
    <modUser>dotcms.org.1</modUser>
    <sortOrder>0</sortOrder>
    <showOnMenu>false</showOnMenu>
    <metadata></metadata>
    <startDate class="sql-timestamp">2012-01-19 00:00:00.0</startDate>
    <endDate class="sql-timestamp">2012-01-19 00:00:00.0</endDate>
    <pageUrl>index.html</pageUrl>
    <httpsRequired>false</httpsRequired>
    <redirect></redirect>
    <cacheTTL>0</cacheTTL>
    <seoKeywords></seoKeywords>
    <seoDescription></seoDescription>
    <templateId>9341b41d-e4d8-4ac3-bcca-5ac241db4f5d</templateId>
  </com.dotmarketing.portlets.htmlpages.model.HTMLPage>
  <com.dotmarketing.portlets.htmlpages.model.HTMLPage>
    <iDate class="sql-timestamp">2012-03-13 09:12:50.799</iDate>
    <type>htmlpage</type>
    <owner></owner>
    <inode>9d5003a8-7c18-4ef2-8791-84f99082f530</inode>
    <identifier>f9fc55e7-557a-4047-a8be-15e5ca69fa62</identifier>
    <title>Our Team</title>
    <friendlyName>Our Team</friendlyName>
    <modDate class="sql-timestamp">2012-03-13 09:12:50.816</modDate>
    <modUser>dotcms.org.1</modUser>
    <sortOrder>0</sortOrder>
    <showOnMenu>false</showOnMenu>
    <metadata></metadata>
    <startDate class="sql-timestamp">2011-07-05 00:00:00.0</startDate>
    <endDate class="sql-timestamp">2011-07-05 00:00:00.0</endDate>
    <pageUrl>index.html</pageUrl>
    <httpsRequired>false</httpsRequired>
    <redirect></redirect>
    <cacheTTL>0</cacheTTL>
    <seoKeywords></seoKeywords>
    <seoDescription></seoDescription>
    <templateId>003d08f4-e0c9-4bc7-9949-b686301338ba</templateId>
  </com.dotmarketing.portlets.htmlpages.model.HTMLPage>
  <com.dotmarketing.portlets.htmlpages.model.HTMLPage>
    <iDate class="sql-timestamp">2012-03-01 16:09:37.404</iDate>
    <type>htmlpage</type>
    <owner></owner>
    <inode>727cb975-ee11-4abe-9a31-810b3f4e1933</inode>
    <identifier>e6908634-4747-47f5-b1c6-038473f982a3</identifier>
    <title>Order and Registration History</title>
    <friendlyName>Order and Registration History</friendlyName>
    <modDate class="sql-timestamp">2012-03-05 15:59:46.456</modDate>
    <modUser>dotcms.org.1</modUser>
    <sortOrder>4</sortOrder>
    <showOnMenu>true</showOnMenu>
    <metadata></metadata>
    <startDate class="sql-timestamp">2012-03-01 00:00:00.0</startDate>
    <endDate class="sql-timestamp">2012-03-01 00:00:00.0</endDate>
    <pageUrl>order_and_registration_history.html</pageUrl>
    <httpsRequired>false</httpsRequired>
    <redirect></redirect>
    <cacheTTL>0</cacheTTL>
    <seoKeywords></seoKeywords>
    <seoDescription></seoDescription>
    <templateId>003d08f4-e0c9-4bc7-9949-b686301338ba</templateId>
  </com.dotmarketing.portlets.htmlpages.model.HTMLPage>
  <com.dotmarketing.portlets.htmlpages.model.HTMLPage>
    <iDate class="sql-timestamp">2012-06-27 10:33:02.618</iDate>
    <type>htmlpage</type>
    <owner></owner>
    <inode>3d9098d5-ec15-40d9-907f-f2cb0bd4bf63</inode>
    <identifier>63d655b2-ae21-4461-85a0-4993f450cfa7</identifier>
    <title>News RSS</title>
    <friendlyName>rss news</friendlyName>
    <modDate class="sql-timestamp">2012-06-27 10:44:16.057</modDate>
    <modUser>dotcms.org.1</modUser>
    <sortOrder>0</sortOrder>
    <showOnMenu>false</showOnMenu>
    <metadata></metadata>
    <startDate class="sql-timestamp">2012-06-27 00:00:00.0</startDate>
    <endDate class="sql-timestamp">2012-06-27 00:00:00.0</endDate>
    <pageUrl>news-rss.html</pageUrl>
    <httpsRequired>false</httpsRequired>
    <redirect></redirect>
    <cacheTTL>0</cacheTTL>
    <seoKeywords></seoKeywords>
    <seoDescription></seoDescription>
    <templateId>7623ea3e-c0e6-46d8-8db6-9070f7bfc342</templateId>
  </com.dotmarketing.portlets.htmlpages.model.HTMLPage>
  <com.dotmarketing.portlets.htmlpages.model.HTMLPage>
    <iDate class="sql-timestamp">2012-02-14 13:37:54.014</iDate>
    <type>htmlpage</type>
    <owner></owner>
    <inode>a6856f37-c977-448c-935d-230c9ccb0ac4</inode>
    <identifier>9e4e90b2-7f66-42e1-8146-c6328f5a5fb1</identifier>
    <title>News Listing</title>
    <friendlyName>News Listing</friendlyName>
    <modDate class="sql-timestamp">2012-02-14 14:02:18.668</modDate>
    <modUser>dotcms.org.1</modUser>
    <sortOrder>0</sortOrder>
    <showOnMenu>false</showOnMenu>
    <metadata></metadata>
    <startDate class="sql-timestamp">2012-02-14 00:00:00.0</startDate>
    <endDate class="sql-timestamp">2012-02-14 00:00:00.0</endDate>
    <pageUrl>index.html</pageUrl>
    <httpsRequired>false</httpsRequired>
    <redirect></redirect>
    <cacheTTL>0</cacheTTL>
    <seoKeywords></seoKeywords>
    <seoDescription></seoDescription>
    <templateId>9341b41d-e4d8-4ac3-bcca-5ac241db4f5d</templateId>
  </com.dotmarketing.portlets.htmlpages.model.HTMLPage>
  <com.dotmarketing.portlets.htmlpages.model.HTMLPage>
    <iDate class="sql-timestamp">2011-07-07 11:56:06.021</iDate>
    <type>htmlpage</type>
    <owner>dotcms.org.1</owner>
    <inode>15a4c2cb-0ee9-4665-8fae-094e1a400d6a</inode>
    <identifier>7621ce00-9b72-476d-b201-3b195f92a66f</identifier>
    <title>News Detail</title>
    <friendlyName>News Detail</friendlyName>
    <modDate class="sql-timestamp">2012-02-14 10:49:36.247</modDate>
    <modUser>dotcms.org.1</modUser>
    <sortOrder>0</sortOrder>
    <showOnMenu>false</showOnMenu>
    <metadata></metadata>
    <startDate class="sql-timestamp">2011-06-28 00:00:00.0</startDate>
    <endDate class="sql-timestamp">2011-06-28 00:00:00.0</endDate>
    <pageUrl>news-detail.html</pageUrl>
    <httpsRequired>false</httpsRequired>
    <redirect></redirect>
    <cacheTTL>0</cacheTTL>
    <seoKeywords></seoKeywords>
    <seoDescription></seoDescription>
    <templateId>460b0d3b-9b90-4b8a-a041-1f01b7edbbbc</templateId>
  </com.dotmarketing.portlets.htmlpages.model.HTMLPage>
  <com.dotmarketing.portlets.htmlpages.model.HTMLPage>
    <iDate class="sql-timestamp">2012-06-26 16:13:13.962</iDate>
    <type>htmlpage</type>
    <owner></owner>
    <inode>4ae6b31a-0329-4033-9754-fa3f23e6c2dd</inode>
    <identifier>dc9d1fcc-a499-44d8-a7f2-397f3da360b6</identifier>
    <title>News &amp;amp; Headlines</title>
    <friendlyName>News &amp;amp; Headlines</friendlyName>
    <modDate class="sql-timestamp">2012-06-26 16:13:13.982</modDate>
    <modUser>dotcms.org.1</modUser>
    <sortOrder>1</sortOrder>
    <showOnMenu>true</showOnMenu>
    <metadata></metadata>
    <startDate class="sql-timestamp">2011-07-05 00:00:00.0</startDate>
    <endDate class="sql-timestamp">2011-07-05 00:00:00.0</endDate>
    <pageUrl>index.html</pageUrl>
    <httpsRequired>false</httpsRequired>
    <redirect></redirect>
    <cacheTTL>0</cacheTTL>
    <seoKeywords></seoKeywords>
    <seoDescription></seoDescription>
    <templateId>460b0d3b-9b90-4b8a-a041-1f01b7edbbbc</templateId>
  </com.dotmarketing.portlets.htmlpages.model.HTMLPage>
  <com.dotmarketing.portlets.htmlpages.model.HTMLPage>
    <iDate class="sql-timestamp">2012-06-26 16:28:00.79</iDate>
    <type>htmlpage</type>
    <owner></owner>
    <inode>2d1a3d82-70bf-48bc-983e-4d2aa70565fe</inode>
    <identifier>dc9d1fcc-a499-44d8-a7f2-397f3da360b6</identifier>
    <title>News</title>
    <friendlyName>News &amp; Headlines</friendlyName>
    <modDate class="sql-timestamp">2012-06-26 16:28:00.805</modDate>
    <modUser>dotcms.org.1</modUser>
    <sortOrder>1</sortOrder>
    <showOnMenu>true</showOnMenu>
    <metadata></metadata>
    <startDate class="sql-timestamp">2011-07-05 00:00:00.0</startDate>
    <endDate class="sql-timestamp">2011-07-05 00:00:00.0</endDate>
    <pageUrl>index.html</pageUrl>
    <httpsRequired>false</httpsRequired>
    <redirect></redirect>
    <cacheTTL>0</cacheTTL>
    <seoKeywords></seoKeywords>
    <seoDescription></seoDescription>
    <templateId>460b0d3b-9b90-4b8a-a041-1f01b7edbbbc</templateId>
  </com.dotmarketing.portlets.htmlpages.model.HTMLPage>
  <com.dotmarketing.portlets.htmlpages.model.HTMLPage>
    <iDate class="sql-timestamp">2012-03-05 15:37:51.005</iDate>
    <type>htmlpage</type>
    <owner></owner>
    <inode>be350650-ea76-46bc-8b7e-e0914bbe404a</inode>
    <identifier>84a50687-8027-4d27-a8b9-b18db7d5450d</identifier>
    <title>My Account</title>
    <friendlyName>My Account</friendlyName>
    <modDate class="sql-timestamp">2012-03-06 16:08:57.286</modDate>
    <modUser>dotcms.org.1</modUser>
    <sortOrder>0</sortOrder>
    <showOnMenu>false</showOnMenu>
    <metadata></metadata>
    <startDate class="sql-timestamp">2012-03-01 00:00:00.0</startDate>
    <endDate class="sql-timestamp">2012-03-01 00:00:00.0</endDate>
    <pageUrl>my_account.html</pageUrl>
    <httpsRequired>false</httpsRequired>
    <redirect></redirect>
    <cacheTTL>0</cacheTTL>
    <seoKeywords></seoKeywords>
    <seoDescription></seoDescription>
    <templateId>003d08f4-e0c9-4bc7-9949-b686301338ba</templateId>
  </com.dotmarketing.portlets.htmlpages.model.HTMLPage>
  <com.dotmarketing.portlets.htmlpages.model.HTMLPage>
    <iDate class="sql-timestamp">2012-01-23 14:51:37.833</iDate>
    <type>htmlpage</type>
    <owner></owner>
    <inode>356f4ff8-e053-491d-9902-b4481f990a29</inode>
    <identifier>c09cdd1c-3740-409d-bc6b-dfdcb52ca070</identifier>
    <title>Mobile Home</title>
    <friendlyName>Mobile Home</friendlyName>
    <modDate class="sql-timestamp">2012-07-09 14:36:17.29</modDate>
    <modUser>dotcms.org.1</modUser>
    <sortOrder>1</sortOrder>
    <showOnMenu>false</showOnMenu>
    <metadata></metadata>
    <startDate class="sql-timestamp">2012-01-19 00:00:00.0</startDate>
    <endDate class="sql-timestamp">2012-01-19 00:00:00.0</endDate>
    <pageUrl>index.html</pageUrl>
    <httpsRequired>false</httpsRequired>
    <redirect></redirect>
    <cacheTTL>0</cacheTTL>
    <seoKeywords></seoKeywords>
    <seoDescription></seoDescription>
    <templateId>0a1cf815-ac9a-4619-9100-19631b739776</templateId>
  </com.dotmarketing.portlets.htmlpages.model.HTMLPage>
  <com.dotmarketing.portlets.htmlpages.model.HTMLPage>
    <iDate class="sql-timestamp">2012-03-27 12:06:10.197</iDate>
    <type>htmlpage</type>
    <owner></owner>
    <inode>9116206c-5e9e-4bff-856c-f061bd75d0b9</inode>
    <identifier>c6da18ef-487a-4c9f-9827-5dd60796fcee</identifier>
    <title>Market Research</title>
    <friendlyName>Market Research</friendlyName>
    <modDate class="sql-timestamp">2012-04-03 12:57:17.322</modDate>
    <modUser>dotcms.org.1</modUser>
    <sortOrder>0</sortOrder>
    <showOnMenu>false</showOnMenu>
    <metadata></metadata>
    <startDate class="sql-timestamp">2012-03-02 00:00:00.0</startDate>
    <endDate class="sql-timestamp">2012-03-02 00:00:00.0</endDate>
    <pageUrl>index.html</pageUrl>
    <httpsRequired>false</httpsRequired>
    <redirect></redirect>
    <cacheTTL>0</cacheTTL>
    <seoKeywords>Research, Market, Reports</seoKeywords>
    <seoDescription>Market research is any organized effort to gather information about markets or customers. It is a very important component of business strategy.</seoDescription>
    <templateId>f7bc93f9-6527-4c42-a120-bb19124c6e4f</templateId>
  </com.dotmarketing.portlets.htmlpages.model.HTMLPage>
  <com.dotmarketing.portlets.htmlpages.model.HTMLPage>
    <iDate class="sql-timestamp">2012-03-19 19:00:26.566</iDate>
    <type>htmlpage</type>
    <owner></owner>
    <inode>bfc542c4-6f34-4940-b97e-84ba091aa841</inode>
    <identifier>ed2bfdcc-436a-40fe-be5b-c847c942f34a</identifier>
    <title>Market Research</title>
    <friendlyName>Market Research</friendlyName>
    <modDate class="sql-timestamp">2012-07-06 09:24:31.721</modDate>
    <modUser>dotcms.org.1</modUser>
    <sortOrder>0</sortOrder>
    <showOnMenu>false</showOnMenu>
    <metadata></metadata>
    <startDate class="sql-timestamp">2012-03-19 00:00:00.0</startDate>
    <endDate class="sql-timestamp">2012-03-19 00:00:00.0</endDate>
    <pageUrl>index.html</pageUrl>
    <httpsRequired>false</httpsRequired>
    <redirect></redirect>
    <cacheTTL>0</cacheTTL>
    <seoKeywords></seoKeywords>
    <seoDescription></seoDescription>
    <templateId>0f2d2e2d-ecdd-4b6a-9692-1f511b81af5e</templateId>
  </com.dotmarketing.portlets.htmlpages.model.HTMLPage>
  <com.dotmarketing.portlets.htmlpages.model.HTMLPage>
    <iDate class="sql-timestamp">2012-03-12 11:03:41.09</iDate>
    <type>htmlpage</type>
    <owner></owner>
    <inode>b0169f54-13c0-4f1d-9f48-fe1fc83e57aa</inode>
    <identifier>ca8723a1-ce2d-4ae7-88cc-ac010d5405f5</identifier>
    <title>Login</title>
    <friendlyName>Login</friendlyName>
    <modDate class="sql-timestamp">2012-03-12 11:05:35.773</modDate>
    <modUser>dotcms.org.1</modUser>
    <sortOrder>0</sortOrder>
    <showOnMenu>false</showOnMenu>
    <metadata></metadata>
    <startDate class="sql-timestamp">2012-03-01 00:00:00.0</startDate>
    <endDate class="sql-timestamp">2012-03-01 00:00:00.0</endDate>
    <pageUrl>login.html</pageUrl>
    <httpsRequired>false</httpsRequired>
    <redirect></redirect>
    <cacheTTL>0</cacheTTL>
    <seoKeywords></seoKeywords>
    <seoDescription></seoDescription>
    <templateId>003d08f4-e0c9-4bc7-9949-b686301338ba</templateId>
  </com.dotmarketing.portlets.htmlpages.model.HTMLPage>
  <com.dotmarketing.portlets.htmlpages.model.HTMLPage>
    <iDate class="sql-timestamp">2011-11-15 09:43:14.328</iDate>
    <type>htmlpage</type>
    <owner>dotcms.org.1</owner>
    <inode>8b0a3ed7-4f9a-42ea-ae28-b2b3f6c267b9</inode>
    <identifier>8e7dccc5-928e-4c13-9044-cca0566ada23</identifier>
    <title>Locations</title>
    <friendlyName>Locations</friendlyName>
    <modDate class="sql-timestamp">2012-02-14 10:47:16.427</modDate>
    <modUser>dotcms.org.1</modUser>
    <sortOrder>1</sortOrder>
    <showOnMenu>true</showOnMenu>
    <metadata></metadata>
    <startDate class="sql-timestamp">2011-07-05 00:00:00.0</startDate>
    <endDate class="sql-timestamp">2011-07-05 00:00:00.0</endDate>
    <pageUrl>locations.html</pageUrl>
    <httpsRequired>false</httpsRequired>
    <redirect></redirect>
    <cacheTTL>0</cacheTTL>
    <seoKeywords></seoKeywords>
    <seoDescription></seoDescription>
    <templateId>003d08f4-e0c9-4bc7-9949-b686301338ba</templateId>
  </com.dotmarketing.portlets.htmlpages.model.HTMLPage>
  <com.dotmarketing.portlets.htmlpages.model.HTMLPage>
    <iDate class="sql-timestamp">2012-01-20 11:10:09.071</iDate>
    <type>htmlpage</type>
    <owner></owner>
    <inode>ccc56729-6c53-41eb-9cf6-0d9f8b2b0058</inode>
    <identifier>baf137d7-961a-494d-bd4d-786b0a60bac8</identifier>
    <title>Locations</title>
    <friendlyName>Locations</friendlyName>
    <modDate class="sql-timestamp">2012-02-14 14:01:01.302</modDate>
    <modUser>dotcms.org.1</modUser>
    <sortOrder>2</sortOrder>
    <showOnMenu>true</showOnMenu>
    <metadata></metadata>
    <startDate class="sql-timestamp">2012-01-20 00:00:00.0</startDate>
    <endDate class="sql-timestamp">2012-01-20 00:00:00.0</endDate>
    <pageUrl>locations.html</pageUrl>
    <httpsRequired>false</httpsRequired>
    <redirect></redirect>
    <cacheTTL>0</cacheTTL>
    <seoKeywords></seoKeywords>
    <seoDescription></seoDescription>
    <templateId>9341b41d-e4d8-4ac3-bcca-5ac241db4f5d</templateId>
  </com.dotmarketing.portlets.htmlpages.model.HTMLPage>
  <com.dotmarketing.portlets.htmlpages.model.HTMLPage>
    <iDate class="sql-timestamp">2012-02-16 11:39:34.028</iDate>
    <type>htmlpage</type>
    <owner></owner>
    <inode>1dc48946-0e6a-4a55-9422-fc15eeeebac6</inode>
    <identifier>8cf68df5-7cb3-4b6d-aed9-2d27fc00c5bb</identifier>
    <title>Location Detail</title>
    <friendlyName>Location Detail</friendlyName>
    <modDate class="sql-timestamp">2012-02-16 11:59:27.596</modDate>
    <modUser>dotcms.org.1</modUser>
    <sortOrder>0</sortOrder>
    <showOnMenu>false</showOnMenu>
    <metadata></metadata>
    <startDate class="sql-timestamp">2012-02-16 00:00:00.0</startDate>
    <endDate class="sql-timestamp">2012-02-16 00:00:00.0</endDate>
    <pageUrl>location-detail.html</pageUrl>
    <httpsRequired>false</httpsRequired>
    <redirect></redirect>
    <cacheTTL>0</cacheTTL>
    <seoKeywords></seoKeywords>
    <seoDescription></seoDescription>
    <templateId>0f2d2e2d-ecdd-4b6a-9692-1f511b81af5e</templateId>
  </com.dotmarketing.portlets.htmlpages.model.HTMLPage>
  <com.dotmarketing.portlets.htmlpages.model.HTMLPage>
    <iDate class="sql-timestamp">2011-11-15 09:40:45.036</iDate>
    <type>htmlpage</type>
    <owner>dotcms.org.1</owner>
    <inode>eee5764a-089b-4787-985e-f3102660bafc</inode>
    <identifier>fdeb07ff-6fc3-4237-91d9-728109bc621d</identifier>
    <title>Location Detail</title>
    <friendlyName>Location Detail</friendlyName>
    <modDate class="sql-timestamp">2012-03-02 09:11:03.081</modDate>
    <modUser>dotcms.org.1</modUser>
    <sortOrder>0</sortOrder>
    <showOnMenu>false</showOnMenu>
    <metadata></metadata>
    <startDate class="sql-timestamp">2011-07-08 00:00:00.0</startDate>
    <endDate class="sql-timestamp">2011-07-08 00:00:00.0</endDate>
    <pageUrl>location-detail.html</pageUrl>
    <httpsRequired>false</httpsRequired>
    <redirect></redirect>
    <cacheTTL>0</cacheTTL>
    <seoKeywords></seoKeywords>
    <seoDescription></seoDescription>
    <templateId>460b0d3b-9b90-4b8a-a041-1f01b7edbbbc</templateId>
  </com.dotmarketing.portlets.htmlpages.model.HTMLPage>
  <com.dotmarketing.portlets.htmlpages.model.HTMLPage>
    <iDate class="sql-timestamp">2012-03-05 15:37:30.876</iDate>
    <type>htmlpage</type>
    <owner></owner>
    <inode>975964f8-ef1f-451a-aa23-10a44c39ce98</inode>
    <identifier>1aeb328b-57b5-46e8-9eec-2cb2b4c24953</identifier>
    <title>Location Clickstream</title>
    <friendlyName>Location Clickstream</friendlyName>
    <modDate class="sql-timestamp">2012-03-05 15:37:30.905</modDate>
    <modUser>dotcms.org.1</modUser>
    <sortOrder>0</sortOrder>
    <showOnMenu>false</showOnMenu>
    <metadata></metadata>
    <startDate class="sql-timestamp">2012-03-02 00:00:00.0</startDate>
    <endDate class="sql-timestamp">2012-03-02 00:00:00.0</endDate>
    <pageUrl>location-clickstream.html</pageUrl>
    <httpsRequired>false</httpsRequired>
    <redirect></redirect>
    <cacheTTL>0</cacheTTL>
    <seoKeywords></seoKeywords>
    <seoDescription></seoDescription>
    <templateId>7623ea3e-c0e6-46d8-8db6-9070f7bfc342</templateId>
  </com.dotmarketing.portlets.htmlpages.model.HTMLPage>
  <com.dotmarketing.portlets.htmlpages.model.HTMLPage>
    <iDate class="sql-timestamp">2012-01-19 15:49:45.237</iDate>
    <type>htmlpage</type>
    <owner></owner>
    <inode>845a396c-1911-4224-97f5-13c3cff8751b</inode>
    <identifier>62e39701-ccf0-47b4-a118-a0d9c288758d</identifier>
    <title>Investor Resources</title>
    <friendlyName>Investor Resources</friendlyName>
    <modDate class="sql-timestamp">2012-03-27 15:59:40.74</modDate>
    <modUser>dotcms.org.1</modUser>
    <sortOrder>0</sortOrder>
    <showOnMenu>false</showOnMenu>
    <metadata></metadata>
    <startDate class="sql-timestamp">2012-01-19 00:00:00.0</startDate>
    <endDate class="sql-timestamp">2012-01-19 00:00:00.0</endDate>
    <pageUrl>index.html</pageUrl>
    <httpsRequired>false</httpsRequired>
    <redirect></redirect>
    <cacheTTL>0</cacheTTL>
    <seoKeywords></seoKeywords>
    <seoDescription></seoDescription>
    <templateId>9341b41d-e4d8-4ac3-bcca-5ac241db4f5d</templateId>
  </com.dotmarketing.portlets.htmlpages.model.HTMLPage>
  <com.dotmarketing.portlets.htmlpages.model.HTMLPage>
    <iDate class="sql-timestamp">2012-06-25 11:36:34.708</iDate>
    <type>htmlpage</type>
    <owner></owner>
    <inode>35c0c973-d04a-4030-a55c-aace3fa3c8ed</inode>
    <identifier>2c86ef5a-fcfe-441e-990f-20a87cd85aa2</identifier>
    <title>Investment Professionals</title>
    <friendlyName>index</friendlyName>
    <modDate class="sql-timestamp">2012-06-25 11:36:34.783</modDate>
    <modUser>dotcms.org.1</modUser>
    <sortOrder>1</sortOrder>
    <showOnMenu>true</showOnMenu>
    <metadata></metadata>
    <startDate class="sql-timestamp">2012-06-25 00:00:00.0</startDate>
    <endDate class="sql-timestamp">2012-06-25 00:00:00.0</endDate>
    <pageUrl>index.html</pageUrl>
    <httpsRequired>false</httpsRequired>
    <redirect></redirect>
    <cacheTTL>0</cacheTTL>
    <seoKeywords></seoKeywords>
    <seoDescription></seoDescription>
    <templateId>206ab018-77e2-47dd-ab3c-e8dc6feceab3</templateId>
  </com.dotmarketing.portlets.htmlpages.model.HTMLPage>
  <com.dotmarketing.portlets.htmlpages.model.HTMLPage>
    <iDate class="sql-timestamp">2012-06-26 12:44:19.742</iDate>
    <type>htmlpage</type>
    <owner></owner>
    <inode>3b82e251-bef5-4081-8c1f-88fe0fcdc9a7</inode>
    <identifier>2c86ef5a-fcfe-441e-990f-20a87cd85aa2</identifier>
    <title>Investment Professionals</title>
    <friendlyName>index</friendlyName>
    <modDate class="sql-timestamp">2012-07-05 15:31:42.528</modDate>
    <modUser>dotcms.org.1</modUser>
    <sortOrder>1</sortOrder>
    <showOnMenu>true</showOnMenu>
    <metadata></metadata>
    <startDate class="sql-timestamp">2012-06-25 00:00:00.0</startDate>
    <endDate class="sql-timestamp">2012-06-25 00:00:00.0</endDate>
    <pageUrl>index.html</pageUrl>
    <httpsRequired>false</httpsRequired>
    <redirect></redirect>
    <cacheTTL>0</cacheTTL>
    <seoKeywords></seoKeywords>
    <seoDescription></seoDescription>
    <templateId>3141ca88-71f9-4e1d-9721-849dce6362ed</templateId>
  </com.dotmarketing.portlets.htmlpages.model.HTMLPage>
  <com.dotmarketing.portlets.htmlpages.model.HTMLPage>
    <iDate class="sql-timestamp">2012-06-25 11:47:53.401</iDate>
    <type>htmlpage</type>
    <owner></owner>
    <inode>50666c5b-24fa-42e8-89a6-ebb31b8ecd1a</inode>
    <identifier>2c86ef5a-fcfe-441e-990f-20a87cd85aa2</identifier>
    <title>Investment Professionals</title>
    <friendlyName>index</friendlyName>
    <modDate class="sql-timestamp">2012-06-26 11:48:37.171</modDate>
    <modUser>dotcms.org.1</modUser>
    <sortOrder>1</sortOrder>
    <showOnMenu>true</showOnMenu>
    <metadata></metadata>
    <startDate class="sql-timestamp">2012-06-25 00:00:00.0</startDate>
    <endDate class="sql-timestamp">2012-06-25 00:00:00.0</endDate>
    <pageUrl>index.html</pageUrl>
    <httpsRequired>false</httpsRequired>
    <redirect></redirect>
    <cacheTTL>0</cacheTTL>
    <seoKeywords></seoKeywords>
    <seoDescription></seoDescription>
    <templateId>3141ca88-71f9-4e1d-9721-849dce6362ed</templateId>
  </com.dotmarketing.portlets.htmlpages.model.HTMLPage>
  <com.dotmarketing.portlets.htmlpages.model.HTMLPage>
    <iDate class="sql-timestamp">2012-03-23 16:45:40.574</iDate>
    <type>htmlpage</type>
    <owner></owner>
    <inode>a8f8d427-d041-4500-adee-593a8330858a</inode>
    <identifier>026a6d1a-5eeb-449a-9465-8a3ecc719571</identifier>
    <title>Investment Banking</title>
    <friendlyName>Investment Banking</friendlyName>
    <modDate class="sql-timestamp">2012-03-23 16:45:40.674</modDate>
    <modUser>dotcms.org.1</modUser>
    <sortOrder>0</sortOrder>
    <showOnMenu>false</showOnMenu>
    <metadata></metadata>
    <startDate class="sql-timestamp">2012-03-20 00:00:00.0</startDate>
    <endDate class="sql-timestamp">2012-03-20 00:00:00.0</endDate>
    <pageUrl>index.html</pageUrl>
    <httpsRequired>false</httpsRequired>
    <redirect></redirect>
    <cacheTTL>0</cacheTTL>
    <seoKeywords></seoKeywords>
    <seoDescription></seoDescription>
    <templateId>f7bc93f9-6527-4c42-a120-bb19124c6e4f</templateId>
  </com.dotmarketing.portlets.htmlpages.model.HTMLPage>
  <com.dotmarketing.portlets.htmlpages.model.HTMLPage>
    <iDate class="sql-timestamp">2012-03-20 16:43:31.712</iDate>
    <type>htmlpage</type>
    <owner></owner>
    <inode>e49a2a92-ad3e-477f-adbb-1ab1ee703190</inode>
    <identifier>ca55a959-18bb-4c7d-956d-4478315ae6b1</identifier>
    <title>Investment Banking</title>
    <friendlyName>Investment Banking</friendlyName>
    <modDate class="sql-timestamp">2012-03-21 12:10:29.175</modDate>
    <modUser>dotcms.org.1</modUser>
    <sortOrder>0</sortOrder>
    <showOnMenu>false</showOnMenu>
    <metadata></metadata>
    <startDate class="sql-timestamp">2012-03-19 00:00:00.0</startDate>
    <endDate class="sql-timestamp">2012-03-19 00:00:00.0</endDate>
    <pageUrl>index.html</pageUrl>
    <httpsRequired>false</httpsRequired>
    <redirect></redirect>
    <cacheTTL>0</cacheTTL>
    <seoKeywords></seoKeywords>
    <seoDescription></seoDescription>
    <templateId>0f2d2e2d-ecdd-4b6a-9692-1f511b81af5e</templateId>
  </com.dotmarketing.portlets.htmlpages.model.HTMLPage>
  <com.dotmarketing.portlets.htmlpages.model.HTMLPage>
    <iDate class="sql-timestamp">2012-01-19 15:48:18.112</iDate>
    <type>htmlpage</type>
    <owner></owner>
    <inode>468f0da7-eef4-41eb-90fc-1f587a3b145c</inode>
    <identifier>5072e590-e88a-463a-b38c-e4217d41d0b5</identifier>
    <title>Investable Products</title>
    <friendlyName>Investable Products</friendlyName>
    <modDate class="sql-timestamp">2012-02-14 14:01:52.877</modDate>
    <modUser>dotcms.org.1</modUser>
    <sortOrder>0</sortOrder>
    <showOnMenu>false</showOnMenu>
    <metadata></metadata>
    <startDate class="sql-timestamp">2012-01-19 00:00:00.0</startDate>
    <endDate class="sql-timestamp">2012-01-19 00:00:00.0</endDate>
    <pageUrl>index.html</pageUrl>
    <httpsRequired>false</httpsRequired>
    <redirect></redirect>
    <cacheTTL>0</cacheTTL>
    <seoKeywords></seoKeywords>
    <seoDescription></seoDescription>
    <templateId>9341b41d-e4d8-4ac3-bcca-5ac241db4f5d</templateId>
  </com.dotmarketing.portlets.htmlpages.model.HTMLPage>
  <com.dotmarketing.portlets.htmlpages.model.HTMLPage>
    <iDate class="sql-timestamp">2011-11-15 09:46:05.966</iDate>
    <type>htmlpage</type>
    <owner>dotcms.org.1</owner>
    <inode>eb1cc37f-5e21-490d-a4bd-f795b6e95517</inode>
    <identifier>69bd8ab7-861c-4eba-826b-19adec1d7ec8</identifier>
    <title>Home Page</title>
    <friendlyName>Home Page</friendlyName>
    <modDate class="sql-timestamp">2012-04-27 16:48:48.763</modDate>
    <modUser>dotcms.org.1</modUser>
    <sortOrder>0</sortOrder>
    <showOnMenu>false</showOnMenu>
    <metadata></metadata>
    <startDate class="sql-timestamp">2011-06-17 00:00:00.0</startDate>
    <endDate class="sql-timestamp">2011-06-17 00:00:00.0</endDate>
    <pageUrl>index.html</pageUrl>
    <httpsRequired>false</httpsRequired>
    <redirect></redirect>
    <cacheTTL>0</cacheTTL>
    <seoKeywords></seoKeywords>
    <seoDescription></seoDescription>
    <templateId>fc07eac0-c1a5-4835-bd6b-981315b2e8a2</templateId>
  </com.dotmarketing.portlets.htmlpages.model.HTMLPage>
  <com.dotmarketing.portlets.htmlpages.model.HTMLPage>
    <iDate class="sql-timestamp">2012-03-13 09:09:31.981</iDate>
    <type>htmlpage</type>
    <owner></owner>
    <inode>3c70b512-9fd6-4201-a239-4bc730ab4b59</inode>
    <identifier>dc9d1fcc-a499-44d8-a7f2-397f3da360b6</identifier>
    <title>Headlines</title>
    <friendlyName>Headlines</friendlyName>
    <modDate class="sql-timestamp">2012-06-26 16:02:01.258</modDate>
    <modUser>dotcms.org.1</modUser>
    <sortOrder>0</sortOrder>
    <showOnMenu>false</showOnMenu>
    <metadata></metadata>
    <startDate class="sql-timestamp">2011-07-05 00:00:00.0</startDate>
    <endDate class="sql-timestamp">2011-07-05 00:00:00.0</endDate>
    <pageUrl>index.html</pageUrl>
    <httpsRequired>false</httpsRequired>
    <redirect></redirect>
    <cacheTTL>0</cacheTTL>
    <seoKeywords></seoKeywords>
    <seoDescription></seoDescription>
    <templateId>460b0d3b-9b90-4b8a-a041-1f01b7edbbbc</templateId>
  </com.dotmarketing.portlets.htmlpages.model.HTMLPage>
  <com.dotmarketing.portlets.htmlpages.model.HTMLPage>
    <iDate class="sql-timestamp">2012-02-14 16:08:42.705</iDate>
    <type>htmlpage</type>
    <owner></owner>
    <inode>a92e9cc3-8470-4ce6-bf1f-9bf4264e3609</inode>
    <identifier>422b78b6-5b2f-4c40-9c1e-eccc70e37413</identifier>
    <title>Headlines</title>
    <friendlyName>Headlines</friendlyName>
    <modDate class="sql-timestamp">2012-02-29 10:49:00.523</modDate>
    <modUser>dotcms.org.1</modUser>
    <sortOrder>0</sortOrder>
    <showOnMenu>false</showOnMenu>
    <metadata></metadata>
    <startDate class="sql-timestamp">2012-01-31 00:00:00.0</startDate>
    <endDate class="sql-timestamp">2012-01-31 00:00:00.0</endDate>
    <pageUrl>news-detail.html</pageUrl>
    <httpsRequired>false</httpsRequired>
    <redirect></redirect>
    <cacheTTL>0</cacheTTL>
    <seoKeywords></seoKeywords>
    <seoDescription></seoDescription>
    <templateId>0f2d2e2d-ecdd-4b6a-9692-1f511b81af5e</templateId>
  </com.dotmarketing.portlets.htmlpages.model.HTMLPage>
  <com.dotmarketing.portlets.htmlpages.model.HTMLPage>
    <iDate class="sql-timestamp">2012-01-20 11:10:30.357</iDate>
    <type>htmlpage</type>
    <owner></owner>
    <inode>f2cfd0f5-308a-45d3-a1b5-f6e8745cd269</inode>
    <identifier>c0d0ba73-0c45-49d5-86df-2f1dd793a8bd</identifier>
    <title>Headlines</title>
    <friendlyName>Headlines</friendlyName>
    <modDate class="sql-timestamp">2012-02-14 14:01:25.25</modDate>
    <modUser>dotcms.org.1</modUser>
    <sortOrder>3</sortOrder>
    <showOnMenu>true</showOnMenu>
    <metadata></metadata>
    <startDate class="sql-timestamp">2012-01-20 00:00:00.0</startDate>
    <endDate class="sql-timestamp">2012-01-20 00:00:00.0</endDate>
    <pageUrl>headlines.html</pageUrl>
    <httpsRequired>false</httpsRequired>
    <redirect></redirect>
    <cacheTTL>0</cacheTTL>
    <seoKeywords></seoKeywords>
    <seoDescription></seoDescription>
    <templateId>9341b41d-e4d8-4ac3-bcca-5ac241db4f5d</templateId>
  </com.dotmarketing.portlets.htmlpages.model.HTMLPage>
  <com.dotmarketing.portlets.htmlpages.model.HTMLPage>
    <iDate class="sql-timestamp">2012-03-05 15:37:01.185</iDate>
    <type>htmlpage</type>
    <owner></owner>
    <inode>81d685a4-02d9-4bb1-a0e9-d47b4ef4f5ee</inode>
    <identifier>1edc9ffe-cfdf-42a7-9b90-18cf090ddeba</identifier>
    <title>Forgot Password</title>
    <friendlyName>Forgot Password</friendlyName>
    <modDate class="sql-timestamp">2012-03-05 15:37:01.213</modDate>
    <modUser>dotcms.org.1</modUser>
    <sortOrder>0</sortOrder>
    <showOnMenu>false</showOnMenu>
    <metadata></metadata>
    <startDate class="sql-timestamp">2012-03-01 00:00:00.0</startDate>
    <endDate class="sql-timestamp">2012-03-01 00:00:00.0</endDate>
    <pageUrl>forgot_password.html</pageUrl>
    <httpsRequired>false</httpsRequired>
    <redirect></redirect>
    <cacheTTL>0</cacheTTL>
    <seoKeywords></seoKeywords>
    <seoDescription></seoDescription>
    <templateId>003d08f4-e0c9-4bc7-9949-b686301338ba</templateId>
  </com.dotmarketing.portlets.htmlpages.model.HTMLPage>
  <com.dotmarketing.portlets.htmlpages.model.HTMLPage>
    <iDate class="sql-timestamp">2012-03-27 12:05:53.049</iDate>
    <type>htmlpage</type>
    <owner></owner>
    <inode>0f1aa45b-f22b-4615-bd97-0a8c4aa5d750</inode>
    <identifier>cebbdee0-82f8-4fe0-a08d-9326542c1651</identifier>
    <title>For The 1%</title>
    <friendlyName>For The 1%</friendlyName>
    <modDate class="sql-timestamp">2012-07-02 15:06:23.108</modDate>
    <modUser>dotcms.org.1</modUser>
    <sortOrder>0</sortOrder>
    <showOnMenu>true</showOnMenu>
    <metadata></metadata>
    <startDate class="sql-timestamp">2012-03-02 00:00:00.0</startDate>
    <endDate class="sql-timestamp">2012-03-02 00:00:00.0</endDate>
    <pageUrl>for-the-1-percent.html</pageUrl>
    <httpsRequired>false</httpsRequired>
    <redirect></redirect>
    <cacheTTL>0</cacheTTL>
    <seoKeywords></seoKeywords>
    <seoDescription></seoDescription>
    <templateId>f7bc93f9-6527-4c42-a120-bb19124c6e4f</templateId>
  </com.dotmarketing.portlets.htmlpages.model.HTMLPage>
  <com.dotmarketing.portlets.htmlpages.model.HTMLPage>
    <iDate class="sql-timestamp">2012-03-08 12:24:46.969</iDate>
    <type>htmlpage</type>
    <owner></owner>
    <inode>54df3fc8-61f6-4197-9beb-1f96ce1fe0d0</inode>
    <identifier>a882178f-0433-4404-881e-c30634362517</identifier>
    <title>For Everyone Else</title>
    <friendlyName>For Everyone Else</friendlyName>
    <modDate class="sql-timestamp">2012-03-23 16:47:09.771</modDate>
    <modUser>dotcms.org.1</modUser>
    <sortOrder>1</sortOrder>
    <showOnMenu>true</showOnMenu>
    <metadata></metadata>
    <startDate class="sql-timestamp">2012-03-02 00:00:00.0</startDate>
    <endDate class="sql-timestamp">2012-03-02 00:00:00.0</endDate>
    <pageUrl>for-everyone-else.html</pageUrl>
    <httpsRequired>false</httpsRequired>
    <redirect></redirect>
    <cacheTTL>0</cacheTTL>
    <seoKeywords></seoKeywords>
    <seoDescription></seoDescription>
    <templateId>f7bc93f9-6527-4c42-a120-bb19124c6e4f</templateId>
  </com.dotmarketing.portlets.htmlpages.model.HTMLPage>
  <com.dotmarketing.portlets.htmlpages.model.HTMLPage>
    <iDate class="sql-timestamp">2012-01-19 15:49:04.952</iDate>
    <type>htmlpage</type>
    <owner></owner>
    <inode>54ad55d2-2ac9-4d9a-b743-6e229108ace0</inode>
    <identifier>97914806-c0cd-488d-9214-364e1d5721fa</identifier>
    <title>Financial Services</title>
    <friendlyName>Financial Services</friendlyName>
    <modDate class="sql-timestamp">2012-03-19 18:59:33.139</modDate>
    <modUser>dotcms.org.1</modUser>
    <sortOrder>0</sortOrder>
    <showOnMenu>false</showOnMenu>
    <metadata></metadata>
    <startDate class="sql-timestamp">2012-01-19 00:00:00.0</startDate>
    <endDate class="sql-timestamp">2012-01-19 00:00:00.0</endDate>
    <pageUrl>index.html</pageUrl>
    <httpsRequired>false</httpsRequired>
    <redirect></redirect>
    <cacheTTL>0</cacheTTL>
    <seoKeywords></seoKeywords>
    <seoDescription></seoDescription>
    <templateId>9341b41d-e4d8-4ac3-bcca-5ac241db4f5d</templateId>
  </com.dotmarketing.portlets.htmlpages.model.HTMLPage>
  <com.dotmarketing.portlets.htmlpages.model.HTMLPage>
    <iDate class="sql-timestamp">2012-06-26 16:12:07.397</iDate>
    <type>htmlpage</type>
    <owner></owner>
    <inode>1e4e6ad4-44b5-4d5a-8da9-370c0ac6e4c1</inode>
    <identifier>a9aaca31-e460-45f3-a150-2c709796362d</identifier>
    <title>Events</title>
    <friendlyName>Events</friendlyName>
    <modDate class="sql-timestamp">2012-06-26 16:12:07.446</modDate>
    <modUser>dotcms.org.1</modUser>
    <sortOrder>2</sortOrder>
    <showOnMenu>true</showOnMenu>
    <metadata></metadata>
    <startDate class="sql-timestamp">2011-11-17 00:00:00.0</startDate>
    <endDate class="sql-timestamp">2011-11-17 00:00:00.0</endDate>
    <pageUrl>events.html</pageUrl>
    <httpsRequired>false</httpsRequired>
    <redirect></redirect>
    <cacheTTL>0</cacheTTL>
    <seoKeywords></seoKeywords>
    <seoDescription></seoDescription>
    <templateId>460b0d3b-9b90-4b8a-a041-1f01b7edbbbc</templateId>
  </com.dotmarketing.portlets.htmlpages.model.HTMLPage>
  <com.dotmarketing.portlets.htmlpages.model.HTMLPage>
    <iDate class="sql-timestamp">2012-03-13 09:06:33.064</iDate>
    <type>htmlpage</type>
    <owner></owner>
    <inode>5d8118e2-fb9f-4522-b9d4-17d4a4424ce3</inode>
    <identifier>a9aaca31-e460-45f3-a150-2c709796362d</identifier>
    <title>Events</title>
    <friendlyName>Events</friendlyName>
    <modDate class="sql-timestamp">2012-03-13 09:06:33.178</modDate>
    <modUser>dotcms.org.1</modUser>
    <sortOrder>0</sortOrder>
    <showOnMenu>false</showOnMenu>
    <metadata></metadata>
    <startDate class="sql-timestamp">2011-11-17 00:00:00.0</startDate>
    <endDate class="sql-timestamp">2011-11-17 00:00:00.0</endDate>
    <pageUrl>index.html</pageUrl>
    <httpsRequired>false</httpsRequired>
    <redirect></redirect>
    <cacheTTL>0</cacheTTL>
    <seoKeywords></seoKeywords>
    <seoDescription></seoDescription>
    <templateId>460b0d3b-9b90-4b8a-a041-1f01b7edbbbc</templateId>
  </com.dotmarketing.portlets.htmlpages.model.HTMLPage>
  <com.dotmarketing.portlets.htmlpages.model.HTMLPage>
    <iDate class="sql-timestamp">2011-11-18 11:07:47.417</iDate>
    <type>htmlpage</type>
    <owner>dotcms.org.1</owner>
    <inode>b7c08d5e-2265-4486-987d-bb0fd3ac72ef</inode>
    <identifier>8aff34ed-d163-4311-9712-9b74e51e0044</identifier>
    <title>Event Detail</title>
    <friendlyName>event-detail.dot</friendlyName>
    <modDate class="sql-timestamp">2012-02-13 16:39:01.422</modDate>
    <modUser>dotcms.org.1</modUser>
    <sortOrder>0</sortOrder>
    <showOnMenu>false</showOnMenu>
    <metadata></metadata>
    <startDate class="sql-timestamp">2011-11-18 00:00:00.0</startDate>
    <endDate class="sql-timestamp">2011-11-18 00:00:00.0</endDate>
    <pageUrl>event-detail.html</pageUrl>
    <httpsRequired>false</httpsRequired>
    <redirect></redirect>
    <cacheTTL>0</cacheTTL>
    <seoKeywords></seoKeywords>
    <seoDescription></seoDescription>
    <templateId>460b0d3b-9b90-4b8a-a041-1f01b7edbbbc</templateId>
  </com.dotmarketing.portlets.htmlpages.model.HTMLPage>
  <com.dotmarketing.portlets.htmlpages.model.HTMLPage>
    <iDate class="sql-timestamp">2012-03-01 16:04:00.279</iDate>
    <type>htmlpage</type>
    <owner></owner>
    <inode>ffbc78a8-5009-42c6-b1ed-6ef5249f2101</inode>
    <identifier>e33153ff-d668-4afe-b055-afc176a51787</identifier>
    <title>Edit User Address</title>
    <friendlyName>Edit User Address</friendlyName>
    <modDate class="sql-timestamp">2012-03-06 14:11:44.155</modDate>
    <modUser>dotcms.org.1</modUser>
    <sortOrder>2</sortOrder>
    <showOnMenu>true</showOnMenu>
    <metadata></metadata>
    <startDate class="sql-timestamp">2012-03-01 00:00:00.0</startDate>
    <endDate class="sql-timestamp">2012-03-01 00:00:00.0</endDate>
    <pageUrl>edit_user_address.html</pageUrl>
    <httpsRequired>false</httpsRequired>
    <redirect></redirect>
    <cacheTTL>0</cacheTTL>
    <seoKeywords></seoKeywords>
    <seoDescription></seoDescription>
    <templateId>003d08f4-e0c9-4bc7-9949-b686301338ba</templateId>
  </com.dotmarketing.portlets.htmlpages.model.HTMLPage>
  <com.dotmarketing.portlets.htmlpages.model.HTMLPage>
    <iDate class="sql-timestamp">2012-03-05 11:18:27.401</iDate>
    <type>htmlpage</type>
    <owner></owner>
    <inode>26527ffd-b2ac-4adb-8f35-aac7c8e3a13d</inode>
    <identifier>1f5559e3-df40-4032-887e-b1aa02d59021</identifier>
    <title>Documents</title>
    <friendlyName>Documents</friendlyName>
    <modDate class="sql-timestamp">2012-06-21 15:22:48.885</modDate>
    <modUser>dotcms.org.1</modUser>
    <sortOrder>0</sortOrder>
    <showOnMenu>true</showOnMenu>
    <metadata></metadata>
    <startDate class="sql-timestamp">2011-07-05 00:00:00.0</startDate>
    <endDate class="sql-timestamp">2011-07-05 00:00:00.0</endDate>
    <pageUrl>index.html</pageUrl>
    <httpsRequired>false</httpsRequired>
    <redirect></redirect>
    <cacheTTL>0</cacheTTL>
    <seoKeywords></seoKeywords>
    <seoDescription></seoDescription>
    <templateId>a0ead91b-fd4c-4182-abc8-a6d173a07ab4</templateId>
  </com.dotmarketing.portlets.htmlpages.model.HTMLPage>
  <com.dotmarketing.portlets.htmlpages.model.HTMLPage>
    <iDate class="sql-timestamp">2012-06-11 17:31:42.019</iDate>
    <type>htmlpage</type>
    <owner></owner>
    <inode>467145ac-09c5-4ffe-ae63-77fe34a5816b</inode>
    <identifier>d45026fa-dcd9-4a93-a243-c15e5f9fb9f7</identifier>
    <title>Document Infinity Scroll</title>
    <friendlyName>Document Listing Infinity Scroll</friendlyName>
    <modDate class="sql-timestamp">2012-06-11 17:31:42.059</modDate>
    <modUser>dotcms.org.1</modUser>
    <sortOrder>4</sortOrder>
    <showOnMenu>true</showOnMenu>
    <metadata></metadata>
    <startDate class="sql-timestamp">2012-05-15 00:00:00.0</startDate>
    <endDate class="sql-timestamp">2012-05-15 00:00:00.0</endDate>
    <pageUrl>document-listing-infinity-scroll.html</pageUrl>
    <httpsRequired>false</httpsRequired>
    <redirect></redirect>
    <cacheTTL>0</cacheTTL>
    <seoKeywords></seoKeywords>
    <seoDescription></seoDescription>
    <templateId>003d08f4-e0c9-4bc7-9949-b686301338ba</templateId>
  </com.dotmarketing.portlets.htmlpages.model.HTMLPage>
  <com.dotmarketing.portlets.htmlpages.model.HTMLPage>
    <iDate class="sql-timestamp">2012-05-07 17:54:25.903</iDate>
    <type>htmlpage</type>
    <owner></owner>
    <inode>fe3b14de-fbee-489f-a62a-f4b9d4c28c5b</inode>
    <identifier>c308f4bb-77d0-4735-a84b-21d7af8d2604</identifier>
    <title>Document Detail</title>
    <friendlyName>Document Detail</friendlyName>
    <modDate class="sql-timestamp">2012-05-07 18:05:09.366</modDate>
    <modUser>dotcms.org.1</modUser>
    <sortOrder>0</sortOrder>
    <showOnMenu>false</showOnMenu>
    <metadata></metadata>
    <startDate class="sql-timestamp">2012-02-20 00:00:00.0</startDate>
    <endDate class="sql-timestamp">2012-02-20 00:00:00.0</endDate>
    <pageUrl>document-detail.html</pageUrl>
    <httpsRequired>false</httpsRequired>
    <redirect></redirect>
    <cacheTTL>0</cacheTTL>
    <seoKeywords></seoKeywords>
    <seoDescription></seoDescription>
    <templateId>003d08f4-e0c9-4bc7-9949-b686301338ba</templateId>
  </com.dotmarketing.portlets.htmlpages.model.HTMLPage>
  <com.dotmarketing.portlets.htmlpages.model.HTMLPage>
    <iDate class="sql-timestamp">2012-03-06 16:47:47.855</iDate>
    <type>htmlpage</type>
    <owner></owner>
    <inode>e452272c-d826-4ea1-b8c8-d21635154b14</inode>
    <identifier>fd4c5695-2f23-42de-8dd5-25d8e856b6ce</identifier>
    <title>Create Account</title>
    <friendlyName>Create Account</friendlyName>
    <modDate class="sql-timestamp">2012-03-06 17:30:30.38</modDate>
    <modUser>dotcms.org.1</modUser>
    <sortOrder>0</sortOrder>
    <showOnMenu>false</showOnMenu>
    <metadata></metadata>
    <startDate class="sql-timestamp">2012-03-06 00:00:00.0</startDate>
    <endDate class="sql-timestamp">2012-03-06 00:00:00.0</endDate>
    <pageUrl>create_account.html</pageUrl>
    <httpsRequired>false</httpsRequired>
    <redirect></redirect>
    <cacheTTL>0</cacheTTL>
    <seoKeywords></seoKeywords>
    <seoDescription></seoDescription>
    <templateId>003d08f4-e0c9-4bc7-9949-b686301338ba</templateId>
  </com.dotmarketing.portlets.htmlpages.model.HTMLPage>
  <com.dotmarketing.portlets.htmlpages.model.HTMLPage>
    <iDate class="sql-timestamp">2011-11-22 15:13:18.738</iDate>
    <type>htmlpage</type>
    <owner>dotcms.org.1</owner>
    <inode>7c421bee-c23f-4a6e-9384-bb6216b6b8cf</inode>
    <identifier>ef223c47-b99c-4e50-9dbd-39cc7b68e527</identifier>
    <title>Contact Us</title>
    <friendlyName>Contact Us</friendlyName>
    <modDate class="sql-timestamp">2012-01-11 14:12:29.145</modDate>
    <modUser>dotcms.org.1</modUser>
    <sortOrder>1</sortOrder>
    <showOnMenu>false</showOnMenu>
    <metadata></metadata>
    <startDate class="sql-timestamp">2011-07-05 00:00:00.0</startDate>
    <endDate class="sql-timestamp">2011-07-05 00:00:00.0</endDate>
    <pageUrl>index.html</pageUrl>
    <httpsRequired>false</httpsRequired>
    <redirect></redirect>
    <cacheTTL>0</cacheTTL>
    <seoKeywords></seoKeywords>
    <seoDescription></seoDescription>
    <templateId>460b0d3b-9b90-4b8a-a041-1f01b7edbbbc</templateId>
  </com.dotmarketing.portlets.htmlpages.model.HTMLPage>
  <com.dotmarketing.portlets.htmlpages.model.HTMLPage>
    <iDate class="sql-timestamp">2012-01-20 11:09:39.566</iDate>
    <type>htmlpage</type>
    <owner></owner>
    <inode>c563c188-905b-4f4d-877a-261f42deb029</inode>
    <identifier>d732dd28-0716-4a09-bdc7-486e97437396</identifier>
    <title>Contact Us</title>
    <friendlyName>Contact Us</friendlyName>
    <modDate class="sql-timestamp">2012-02-01 15:15:31.359</modDate>
    <modUser>dotcms.org.1</modUser>
    <sortOrder>1</sortOrder>
    <showOnMenu>true</showOnMenu>
    <metadata></metadata>
    <startDate class="sql-timestamp">2012-01-20 00:00:00.0</startDate>
    <endDate class="sql-timestamp">2012-01-20 00:00:00.0</endDate>
    <pageUrl>contact-us.html</pageUrl>
    <httpsRequired>false</httpsRequired>
    <redirect></redirect>
    <cacheTTL>0</cacheTTL>
    <seoKeywords></seoKeywords>
    <seoDescription></seoDescription>
    <templateId>9341b41d-e4d8-4ac3-bcca-5ac241db4f5d</templateId>
  </com.dotmarketing.portlets.htmlpages.model.HTMLPage>
  <com.dotmarketing.portlets.htmlpages.model.HTMLPage>
    <iDate class="sql-timestamp">2012-03-05 15:36:23.713</iDate>
    <type>htmlpage</type>
    <owner></owner>
    <inode>4825841b-4c11-483b-a5ae-40c8f1ce3e4f</inode>
    <identifier>ebc05a98-d211-494f-afb0-582ce6386e24</identifier>
    <title>Challenge Question</title>
    <friendlyName>Challenge Question</friendlyName>
    <modDate class="sql-timestamp">2012-03-05 15:36:23.76</modDate>
    <modUser>dotcms.org.1</modUser>
    <sortOrder>0</sortOrder>
    <showOnMenu>false</showOnMenu>
    <metadata></metadata>
    <startDate class="sql-timestamp">2012-03-01 00:00:00.0</startDate>
    <endDate class="sql-timestamp">2012-03-01 00:00:00.0</endDate>
    <pageUrl>challenge_question.html</pageUrl>
    <httpsRequired>false</httpsRequired>
    <redirect></redirect>
    <cacheTTL>0</cacheTTL>
    <seoKeywords></seoKeywords>
    <seoDescription></seoDescription>
    <templateId>003d08f4-e0c9-4bc7-9949-b686301338ba</templateId>
  </com.dotmarketing.portlets.htmlpages.model.HTMLPage>
  <com.dotmarketing.portlets.htmlpages.model.HTMLPage>
    <iDate class="sql-timestamp">2012-03-13 09:12:08.609</iDate>
    <type>htmlpage</type>
    <owner></owner>
    <inode>f76a316a-2ed5-4a1c-82af-ecbb561b1a82</inode>
    <identifier>9c5f42da-31b1-4935-9df6-153f5de1bdf2</identifier>
    <title>Blogs</title>
    <friendlyName>Blogs</friendlyName>
    <modDate class="sql-timestamp">2012-03-13 09:12:08.625</modDate>
    <modUser>dotcms.org.1</modUser>
    <sortOrder>0</sortOrder>
    <showOnMenu>false</showOnMenu>
    <metadata></metadata>
    <startDate class="sql-timestamp">2011-08-25 00:00:00.0</startDate>
    <endDate class="sql-timestamp">2011-08-25 00:00:00.0</endDate>
    <pageUrl>index.html</pageUrl>
    <httpsRequired>false</httpsRequired>
    <redirect></redirect>
    <cacheTTL>0</cacheTTL>
    <seoKeywords></seoKeywords>
    <seoDescription></seoDescription>
    <templateId>460b0d3b-9b90-4b8a-a041-1f01b7edbbbc</templateId>
  </com.dotmarketing.portlets.htmlpages.model.HTMLPage>
  <com.dotmarketing.portlets.htmlpages.model.HTMLPage>
    <iDate class="sql-timestamp">2012-03-13 09:12:24.682</iDate>
    <type>htmlpage</type>
    <owner></owner>
    <inode>f1199b95-290f-4012-9e28-30852f06a285</inode>
    <identifier>8f9892b8-de32-439a-b496-5c6620ac317a</identifier>
    <title>Blog Detail</title>
    <friendlyName>Blog Detail</friendlyName>
    <modDate class="sql-timestamp">2012-03-13 09:12:24.698</modDate>
    <modUser>dotcms.org.1</modUser>
    <sortOrder>0</sortOrder>
    <showOnMenu>false</showOnMenu>
    <metadata></metadata>
    <startDate class="sql-timestamp">2011-08-25 00:00:00.0</startDate>
    <endDate class="sql-timestamp">2011-08-25 00:00:00.0</endDate>
    <pageUrl>blog-detail.html</pageUrl>
    <httpsRequired>false</httpsRequired>
    <redirect></redirect>
    <cacheTTL>0</cacheTTL>
    <seoKeywords></seoKeywords>
    <seoDescription></seoDescription>
    <templateId>460b0d3b-9b90-4b8a-a041-1f01b7edbbbc</templateId>
  </com.dotmarketing.portlets.htmlpages.model.HTMLPage>
  <com.dotmarketing.portlets.htmlpages.model.HTMLPage>
    <iDate class="sql-timestamp">2011-11-15 09:42:39.644</iDate>
    <type>htmlpage</type>
    <owner>dotcms.org.1</owner>
    <inode>077bce24-8b5e-4180-8b2d-4c428cba94a4</inode>
    <identifier>c12fe7e6-d338-49d5-973b-2d974d57015b</identifier>
    <title>About Us</title>
    <friendlyName>About Us</friendlyName>
    <modDate class="sql-timestamp">2012-06-12 10:29:22.88</modDate>
    <modUser>dotcms.org.1</modUser>
    <sortOrder>0</sortOrder>
    <showOnMenu>false</showOnMenu>
    <metadata></metadata>
    <startDate class="sql-timestamp">2011-06-28 00:00:00.0</startDate>
    <endDate class="sql-timestamp">2011-06-28 00:00:00.0</endDate>
    <pageUrl>index.html</pageUrl>
    <httpsRequired>false</httpsRequired>
    <redirect></redirect>
    <cacheTTL>0</cacheTTL>
    <seoKeywords></seoKeywords>
    <seoDescription></seoDescription>
    <templateId>460b0d3b-9b90-4b8a-a041-1f01b7edbbbc</templateId>
  </com.dotmarketing.portlets.htmlpages.model.HTMLPage>
  <com.dotmarketing.portlets.htmlpages.model.HTMLPage>
    <iDate class="sql-timestamp">2012-01-19 15:43:16.2</iDate>
    <type>htmlpage</type>
    <owner></owner>
    <inode>08c1a683-5481-4882-b5e6-5028493e6650</inode>
    <identifier>04d5585e-6fae-46d6-b542-8e74cdc51a80</identifier>
    <title>About Quest Financial</title>
    <friendlyName>About Quest Financial</friendlyName>
    <modDate class="sql-timestamp">2012-01-20 16:38:32.984</modDate>
    <modUser>dotcms.org.1</modUser>
    <sortOrder>0</sortOrder>
    <showOnMenu>false</showOnMenu>
    <metadata></metadata>
    <startDate class="sql-timestamp">2012-01-19 00:00:00.0</startDate>
    <endDate class="sql-timestamp">2012-01-19 00:00:00.0</endDate>
    <pageUrl>index.html</pageUrl>
    <httpsRequired>false</httpsRequired>
    <redirect></redirect>
    <cacheTTL>0</cacheTTL>
    <seoKeywords></seoKeywords>
    <seoDescription></seoDescription>
    <templateId>9341b41d-e4d8-4ac3-bcca-5ac241db4f5d</templateId>
  </com.dotmarketing.portlets.htmlpages.model.HTMLPage>
  <com.dotmarketing.portlets.htmlpages.model.HTMLPage>
    <iDate class="sql-timestamp">2011-06-28 15:40:43.898</iDate>
    <type>htmlpage</type>
    <owner>dotcms.org.1</owner>
    <inode>90262d3d-f081-49d2-88c0-f61994468a70</inode>
    <identifier>fe50e1fc-689b-4ba4-b109-9351a8fd2c54</identifier>
    <title>404 Error</title>
    <friendlyName>404 Error</friendlyName>
    <modDate class="sql-timestamp">2011-07-20 10:18:41.097</modDate>
    <modUser>dotcms.org.1</modUser>
    <sortOrder>0</sortOrder>
    <showOnMenu>false</showOnMenu>
    <metadata></metadata>
    <startDate class="sql-timestamp">2011-06-28 00:00:00.0</startDate>
    <endDate class="sql-timestamp">2011-06-28 00:00:00.0</endDate>
    <pageUrl>404-error.html</pageUrl>
    <httpsRequired>false</httpsRequired>
    <redirect></redirect>
    <cacheTTL>0</cacheTTL>
    <seoKeywords></seoKeywords>
    <seoDescription></seoDescription>
    <templateId>003d08f4-e0c9-4bc7-9949-b686301338ba</templateId>
  </com.dotmarketing.portlets.htmlpages.model.HTMLPage>
</list>