<list>
  <com.dotmarketing.business.PortletsLayouts>
    <id>01d6a6ab-f65d-445c-9310-74fde13b1d70</id>
    <portletId>EXT_LANG</portletId>
    <layoutId>a8e430e3-8010-40cf-ade1-5978e61241a8</layoutId>
    <portletOrder>6</portletOrder>
  </com.dotmarketing.business.PortletsLayouts>
  <com.dotmarketing.business.PortletsLayouts>
    <id>123f5d2e-e21a-483e-a989-f7b16efd6f0f</id>
    <portletId>EXT_16</portletId>
    <layoutId>a2ba85b5-627a-43da-96c9-d59a0ec3d020</layoutId>
    <portletOrder>1</portletOrder>
  </com.dotmarketing.business.PortletsLayouts>
  <com.dotmarketing.business.PortletsLayouts>
    <id>14c68dbb-6fe9-4707-acfb-2c085ddfd2b8</id>
    <portletId>EXT_13</portletId>
    <layoutId>b7ab5d3c-5ee0-4195-a17e-8f5579d718dd</layoutId>
    <portletOrder>4</portletOrder>
  </com.dotmarketing.business.PortletsLayouts>
  <com.dotmarketing.business.PortletsLayouts>
    <id>175006bc-cfe3-4f1d-b36a-d7707845acc2</id>
    <portletId>EXT_18</portletId>
    <layoutId>b7ab5d3c-5ee0-4195-a17e-8f5579d718dd</layoutId>
    <portletOrder>3</portletOrder>
  </com.dotmarketing.business.PortletsLayouts>
  <com.dotmarketing.business.PortletsLayouts>
    <id>1f1e6dea-b2ca-41d1-9799-76edced16ea8</id>
    <portletId>EXT_DASHBOARD</portletId>
    <layoutId>34885ddb-3537-4a79-a02c-0550c5087d5c</layoutId>
    <portletOrder>2</portletOrder>
  </com.dotmarketing.business.PortletsLayouts>
  <com.dotmarketing.business.PortletsLayouts>
    <id>203996b0-c254-41a4-925c-7cc79ba13be6</id>
    <portletId>OSGI_MANAGER</portletId>
    <layoutId>a8e430e3-8010-40cf-ade1-5978e61241a8</layoutId>
    <portletOrder>10</portletOrder>
  </com.dotmarketing.business.PortletsLayouts>
  <com.dotmarketing.business.PortletsLayouts>
    <id>2e358b84-eb01-441e-8931-53c3abc8a353</id>
    <portletId>EXT_USER_ADMIN</portletId>
    <layoutId>a8e430e3-8010-40cf-ade1-5978e61241a8</layoutId>
    <portletOrder>1</portletOrder>
  </com.dotmarketing.business.PortletsLayouts>
  <com.dotmarketing.business.PortletsLayouts>
    <id>33262dd6-eba1-4b62-aac8-2b0931da73c8</id>
    <portletId>EXT_ROLE_ADMIN</portletId>
    <layoutId>a8e430e3-8010-40cf-ade1-5978e61241a8</layoutId>
    <portletOrder>2</portletOrder>
  </com.dotmarketing.business.PortletsLayouts>
  <com.dotmarketing.business.PortletsLayouts>
    <id>58c0b60c-e300-4852-9232-e416b14c3236</id>
    <portletId>EXT_CALENDAR</portletId>
    <layoutId>d36bad18-63e1-4642-9a45-e7c69ba8d4a5</layoutId>
    <portletOrder>1</portletOrder>
  </com.dotmarketing.business.PortletsLayouts>
  <com.dotmarketing.business.PortletsLayouts>
    <id>58d56b24-b632-4110-90d3-f66b9dbc709b</id>
    <portletId>EXT_STRUCTURE</portletId>
    <layoutId>56fedb43-dbbf-4ce2-8b77-41fb73bad015</layoutId>
    <portletOrder>1</portletOrder>
  </com.dotmarketing.business.PortletsLayouts>
  <com.dotmarketing.business.PortletsLayouts>
    <id>5c597407-e3e3-4391-ac7b-4f59efbb55ac</id>
    <portletId>EXT_COMMUNICATIONS_MANAGER</portletId>
    <layoutId>a2ba85b5-627a-43da-96c9-d59a0ec3d020</layoutId>
    <portletOrder>3</portletOrder>
  </com.dotmarketing.business.PortletsLayouts>
  <com.dotmarketing.business.PortletsLayouts>
    <id>7075565a-a96d-4536-b849-6dbfd48cbddf</id>
    <portletId>WORKFLOW_SCHEMES</portletId>
    <layoutId>56fedb43-dbbf-4ce2-8b77-41fb73bad015</layoutId>
    <portletOrder>4</portletOrder>
  </com.dotmarketing.business.PortletsLayouts>
  <com.dotmarketing.business.PortletsLayouts>
    <id>751dc8eb-256f-4509-a83b-03884857cfd3</id>
    <portletId>9</portletId>
    <layoutId>a8e430e3-8010-40cf-ade1-5978e61241a8</layoutId>
    <portletOrder>5</portletOrder>
  </com.dotmarketing.business.PortletsLayouts>
  <com.dotmarketing.business.PortletsLayouts>
    <id>75812320-b98e-4af2-872b-a3a6e095d16c</id>
    <portletId>25</portletId>
    <layoutId>81c3bb50-9f64-4a39-9027-46ee92192799</layoutId>
    <portletOrder>2</portletOrder>
  </com.dotmarketing.business.PortletsLayouts>
  <com.dotmarketing.business.PortletsLayouts>
    <id>78604b9f-6ce0-446c-9f53-2d740910cc43</id>
    <portletId>EXT_BROWSER</portletId>
    <layoutId>931f0b26-92c1-420b-8fbf-e48089040921</layoutId>
    <portletOrder>1</portletOrder>
  </com.dotmarketing.business.PortletsLayouts>
  <com.dotmarketing.business.PortletsLayouts>
    <id>7d282e88-3b1a-4367-a242-1403667b82da</id>
    <portletId>EXT_BROWSER</portletId>
    <layoutId>b7ab5d3c-5ee0-4195-a17e-8f5579d718dd</layoutId>
    <portletOrder>1</portletOrder>
  </com.dotmarketing.business.PortletsLayouts>
  <com.dotmarketing.business.PortletsLayouts>
    <id>86d5784a-be59-4669-9185-78012eb249ff</id>
    <portletId>EXT_HOSTADMIN</portletId>
    <layoutId>a8e430e3-8010-40cf-ade1-5978e61241a8</layoutId>
    <portletOrder>4</portletOrder>
  </com.dotmarketing.business.PortletsLayouts>
  <com.dotmarketing.business.PortletsLayouts>
    <id>945d153a-0b79-4892-8a3a-5492df0b6930</id>
    <portletId>EXT_VIRTUAL_LINKS</portletId>
    <layoutId>b7ab5d3c-5ee0-4195-a17e-8f5579d718dd</layoutId>
    <portletOrder>6</portletOrder>
  </com.dotmarketing.business.PortletsLayouts>
  <com.dotmarketing.business.PortletsLayouts>
    <id>98884a17-d7ef-4951-8ba2-5e503d429a1d</id>
    <portletId>EXT_CMS_MAINTENANCE</portletId>
    <layoutId>a8e430e3-8010-40cf-ade1-5978e61241a8</layoutId>
    <portletOrder>3</portletOrder>
  </com.dotmarketing.business.PortletsLayouts>
  <com.dotmarketing.business.PortletsLayouts>
    <id>9e8aa098-5854-4c17-ab0b-0726a71fc6d0</id>
    <portletId>EXT_15</portletId>
    <layoutId>b7ab5d3c-5ee0-4195-a17e-8f5579d718dd</layoutId>
    <portletOrder>2</portletOrder>
  </com.dotmarketing.business.PortletsLayouts>
  <com.dotmarketing.business.PortletsLayouts>
    <id>a4d6bfa5-b8db-47a0-8052-a535df095626</id>
    <portletId>EXT_21</portletId>
    <layoutId>34885ddb-3537-4a79-a02c-0550c5087d5c</layoutId>
    <portletOrder>1</portletOrder>
  </com.dotmarketing.business.PortletsLayouts>
  <com.dotmarketing.business.PortletsLayouts>
    <id>a53a4e74-fff8-40df-8383-000a152dd0f3</id>
    <portletId>EXT_12</portletId>
    <layoutId>b7ab5d3c-5ee0-4195-a17e-8f5579d718dd</layoutId>
    <portletOrder>5</portletOrder>
  </com.dotmarketing.business.PortletsLayouts>
  <com.dotmarketing.business.PortletsLayouts>
    <id>a5e656a5-7d03-45f5-8a73-9a35093979a2</id>
    <portletId>EXT_4</portletId>
    <layoutId>56fedb43-dbbf-4ce2-8b77-41fb73bad015</layoutId>
    <portletOrder>2</portletOrder>
  </com.dotmarketing.business.PortletsLayouts>
  <com.dotmarketing.business.PortletsLayouts>
    <id>ab8021dd-580f-4032-9533-3b89e2163cc4</id>
    <portletId>EXT_SITESEARCH</portletId>
    <layoutId>a8e430e3-8010-40cf-ade1-5978e61241a8</layoutId>
    <portletOrder>9</portletOrder>
  </com.dotmarketing.business.PortletsLayouts>
  <com.dotmarketing.business.PortletsLayouts>
    <id>b6ffc835-ef1c-41b5-8f9c-7d37fdad9910</id>
    <portletId>EXT_LUCENE_TOOL</portletId>
    <layoutId>a8e430e3-8010-40cf-ade1-5978e61241a8</layoutId>
    <portletOrder>7</portletOrder>
  </com.dotmarketing.business.PortletsLayouts>
  <com.dotmarketing.business.PortletsLayouts>
    <id>c1f085d2-ff84-4c42-931f-4a20c34ddb02</id>
    <portletId>EXT_19</portletId>
    <layoutId>a2ba85b5-627a-43da-96c9-d59a0ec3d020</layoutId>
    <portletOrder>2</portletOrder>
  </com.dotmarketing.business.PortletsLayouts>
  <com.dotmarketing.business.PortletsLayouts>
    <id>c5c4341f-171b-43d2-8037-ccce7596b2fd</id>
    <portletId>EXT_TAG_MANAGER</portletId>
    <layoutId>56fedb43-dbbf-4ce2-8b77-41fb73bad015</layoutId>
    <portletOrder>3</portletOrder>
  </com.dotmarketing.business.PortletsLayouts>
  <com.dotmarketing.business.PortletsLayouts>
    <id>c63033e2-d957-4197-a70e-167e7a3c7c8e</id>
    <portletId>EXT_11</portletId>
    <layoutId>71b8a1ca-37b6-4b6e-a43b-c7482f28db6c</layoutId>
    <portletOrder>1</portletOrder>
  </com.dotmarketing.business.PortletsLayouts>
  <com.dotmarketing.business.PortletsLayouts>
    <id>cd869b04-0261-4d7a-87f5-f8d6d38f37e5</id>
    <portletId>EXT_REPORTMANAGER</portletId>
    <layoutId>81c3bb50-9f64-4a39-9027-46ee92192799</layoutId>
    <portletOrder>3</portletOrder>
  </com.dotmarketing.business.PortletsLayouts>
  <com.dotmarketing.business.PortletsLayouts>
    <id>dc690620-ab60-4d8c-9d28-bb17b11dfc21</id>
    <portletId>EXT_FORM_HANDLER</portletId>
    <layoutId>81c3bb50-9f64-4a39-9027-46ee92192799</layoutId>
    <portletOrder>1</portletOrder>
  </com.dotmarketing.business.PortletsLayouts>
  <com.dotmarketing.business.PortletsLayouts>
    <id>f977dba9-fe67-4ea6-8ced-531061212de8</id>
    <portletId>EXT_LICENSE_MANAGER</portletId>
    <layoutId>a8e430e3-8010-40cf-ade1-5978e61241a8</layoutId>
    <portletOrder>8</portletOrder>
  </com.dotmarketing.business.PortletsLayouts>
</list>