<list>
  <com.dotmarketing.portlets.workflows.model.WorkflowComment>
    <id>2992398e-0d01-4872-80de-763684a2e135</id>
    <creationDate class="sql-timestamp">2012-07-02 16:44:49.3</creationDate>
    <postedBy>89676cc9-fb8f-44aa-adea-938b6f7656b5</postedBy>
    <comment>Please take a look</comment>
    <workflowtaskId>5e6e314e-bd95-4c5d-b0a5-235563e3ff2c</workflowtaskId>
  </com.dotmarketing.portlets.workflows.model.WorkflowComment>
  <com.dotmarketing.portlets.workflows.model.WorkflowComment>
    <id>54483c54-7767-4619-9ce3-49694e51e6bd</id>
    <creationDate class="sql-timestamp">2012-07-02 16:45:27.312</creationDate>
    <postedBy>2549f855-269d-45b9-9d92-0551d81a6155</postedBy>
    <comment>I like, go ahead and publish</comment>
    <workflowtaskId>5e6e314e-bd95-4c5d-b0a5-235563e3ff2c</workflowtaskId>
  </com.dotmarketing.portlets.workflows.model.WorkflowComment>
</list>