<list>
  <com.dotmarketing.beans.ContainerStructure>
    <id>1acccead-6e6f-4dd2-ab07-008c9c3eaa80</id>
    <structureId>2182e848-0240-4931-b63d-824962b66007</structureId>
    <containerId>ab7d4317-68da-45ea-addc-9a57c69b8a24</containerId>
    <code>#if ($UtilMethods.isSet(${fileBinaryFileURI}))&#xd;
  #set ($filePath = $!{fileBinaryFileURI} + &apos;/&apos; + $!{fileBinaryFileTitle})&#xd;
#else&#xd;
  #set ($filePath = $url)&#xd;
#end&#xd;
&#xd;
#if ($UtilMethods.getFileExtension($filePath) != &apos;mp3&apos;)&#xd;
  &#xd;
  #if ($UtilMethods.isImage($filePath))&#xd;
    &lt;a href=&quot;${filePath}&quot; class=&quot;hoverImage prettyPhoto&quot; title=&quot;$!{title}&quot;&gt;&#xd;
      &lt;img src=&quot;/contentAsset/resize-image/${ContentIdentifier}/file/w/325&quot; alt=&quot;$!{title}&quot; /&gt;&#xd;
    &lt;/a&gt;&#xd;
  #else&#xd;
    &lt;a href=&quot;${filePath}?width=640&amp;height=272&quot; class=&quot;hoverVideo prettyPhoto&quot; title=&quot;$!{title}&quot;&gt;&#xd;
      #if ($UtilMethods.isSet(${thumbnailBinaryFileURI}))&#xd;
        &lt;img src=&quot;/contentAsset/resize-image/${ContentIdentifier}/thumbnail/w/325&quot; alt=&quot;$!{title}&quot; /&gt;&#xd;
      #else&#xd;
        $!{title}&#xd;
      #end&#xd;
    &lt;/a&gt;&#xd;
  #end&#xd;
   &#xd;
#else&#xd;
&#xd;
  &lt;a href=&quot;#playerDiv&quot; class=&quot;hoverVideo prettyPhoto&quot; title=&quot;$!{title}&quot;&gt;&#xd;
    #if ($UtilMethods.isSet(${thumbnailBinaryFileURI}))&#xd;
      &lt;img src=&quot;/contentAsset/resize-image/${ContentIdentifier}/thumbnail/w/325&quot; alt=&quot;$!{title}&quot; /&gt;&#xd;
    #else&#xd;
      $!{title}&#xd;
    #end&#xd;
  &lt;/a&gt;&#xd;
&#xd;
  &#xd;
  &lt;div id=&quot;playerDiv&quot; style=&quot;display:none;&quot;&gt;&#xd;
    &lt;div style=&quot;width:425px;height:30px;margin:0 auto;padding:20px;&quot;&gt;&#xd;
      &lt;object class=&quot;playerpreview&quot; type=&quot;application/x-shockwave-flash&quot; data=&quot;/images/prettyPhoto/player_mp3.swf&quot; width=&quot;400&quot; height=&quot;40&quot;&gt;&#xd;
      &lt;param name=&quot;movie&quot; value=&quot;/images/prettyPhoto/player_mp3.swf&quot; /&gt;&#xd;
      &lt;param name=&quot;FlashVars&quot; value=&quot;mp3=${filePath}&amp;autoplay=1&amp;showstop=1&amp;showvolume=1&amp;bgcolor1=4287b5&amp;bgcolor2=0b698f&quot; /&gt;&#xd;
      &lt;/object&gt;&#xd;
    &lt;/div&gt;&#xd;
  &lt;/div&gt;&#xd;
#end</code>
  </com.dotmarketing.beans.ContainerStructure>
  <com.dotmarketing.beans.ContainerStructure>
    <id>1b16679b-5f1e-4719-8fa9-3c1773a5da7f</id>
    <structureId>2a3e91e4-fbbf-4876-8c5b-2233c1739b05</structureId>
    <containerId>8f17696b-4e25-46b6-94b1-66c849a28bbe</containerId>
    <code>#dotedit($CONTENT_INODE, $body)</code>
  </com.dotmarketing.beans.ContainerStructure>
  <com.dotmarketing.beans.ContainerStructure>
    <id>3341e77a-6129-4b38-939b-c60e08561568</id>
    <structureId>2a3e91e4-fbbf-4876-8c5b-2233c1739b05</structureId>
    <containerId>5eb11b21-6b13-4fb8-a823-1de20bba56c0</containerId>
    <code>#dotedit($CONTENT_INODE, $body)</code>
  </com.dotmarketing.beans.ContainerStructure>
  <com.dotmarketing.beans.ContainerStructure>
    <id>44b49bb5-e635-4ccf-90e5-23ccc1afe676</id>
    <structureId>091b5c2b-d3fa-4502-853c-06c167ad867d</structureId>
    <containerId>3f0255e8-b45d-46ea-8bb7-eb6597db4c1e</containerId>
    <code> &lt;div class=&quot;span3&quot;&gt;&#xd;
  &lt;div class=&quot;promoBlock #if($velocityCount == 4) promoLast #end&quot;&gt;&#xd;
     &lt;a href=&quot;$!{link}&quot;&gt;&#xd;
       &lt;h2&gt;$title&lt;/h2&gt;&#xd;
       &lt;p&gt;$teaser&lt;/p&gt;&#xd;
     &lt;/a&gt;&#xd;
  &lt;/div&gt;     &#xd;
&lt;/div&gt;&#xd;
</code>
  </com.dotmarketing.beans.ContainerStructure>
  <com.dotmarketing.beans.ContainerStructure>
    <id>65a8551f-5aab-4cb0-b7d4-4c695b5182af</id>
    <structureId>2a3e91e4-fbbf-4876-8c5b-2233c1739b05</structureId>
    <containerId>a6e9652b-8183-4c09-b775-26196b09a300</containerId>
    <code>#dotedit($CONTENT_INODE, $body)</code>
  </com.dotmarketing.beans.ContainerStructure>
  <com.dotmarketing.beans.ContainerStructure>
    <id>719e151c-6649-4b5c-b2aa-fa3526f005bd</id>
    <structureId>2a3e91e4-fbbf-4876-8c5b-2233c1739b05</structureId>
    <containerId>56bd55ea-b04b-480d-9e37-5d6f9217dcc3</containerId>
    <code>#dotedit($CONTENT_INODE, $body)&#xd;
</code>
  </com.dotmarketing.beans.ContainerStructure>
  <com.dotmarketing.beans.ContainerStructure>
    <id>9cd0ccc1-15d5-41d0-bb2a-99569fea9b16</id>
    <structureId>091b5c2b-d3fa-4502-853c-06c167ad867d</structureId>
    <containerId>55aca12f-0d1c-4733-aae3-28b96cf36895</containerId>
    <code>&lt;div class=&quot;grid_3&quot;&gt;&#xd;
  &lt;a class=&quot;promotions&quot; href=&quot;$!{link}&quot;&gt;$!{title}&lt;/a&gt;&#xd;
&lt;/div&gt;&#xd;
</code>
  </com.dotmarketing.beans.ContainerStructure>
  <com.dotmarketing.beans.ContainerStructure>
    <id>c7267928-0e32-4673-958e-4b6f4e2519f0</id>
    <structureId>2a3e91e4-fbbf-4876-8c5b-2233c1739b05</structureId>
    <containerId>f1ba7688-453c-4c0d-a214-e5ac802b8034</containerId>
    <code>#dotedit($CONTENT_INODE, $body)</code>
  </com.dotmarketing.beans.ContainerStructure>
  <com.dotmarketing.beans.ContainerStructure>
    <id>dffee1ae-b3c8-476e-b961-c12b33c38c07</id>
    <structureId>2182e848-0240-4931-b63d-824962b66007</structureId>
    <containerId>214d7269-242b-4cf5-a3d7-59052d81e540</containerId>
    <code>&lt;div class=&quot;feat-video clear-fix&quot;&gt;&#xd;
  &#xd;
  &lt;div style=&quot;width:30%;float:right;min-width:250px;&quot;&gt;&#xd;
    #if ($UtilMethods.isSet(${fileBinaryFileURI}))&#xd;
      #set ($filePath = $!{fileBinaryFileURI} + &apos;/&apos; + $!{fileBinaryFileTitle})&#xd;
    #else&#xd;
      #set ($filePath = $url)&#xd;
    #end&#xd;
    &#xd;
    #if ($UtilMethods.getFileExtension($filePath) != &apos;mp3&apos;)&#xd;
        #if ($UtilMethods.isImage($filePath))&#xd;
          &lt;a href=&quot;${filePath}&quot; class=&quot;hoverImage prettyPhoto&quot; title=&quot;$!{title}&quot;&gt;&#xd;
            &lt;img src=&quot;/contentAsset/resize-image/${ContentIdentifier}/file/w/325&quot; alt=&quot;$!{title}&quot; /&gt;&#xd;
          &lt;/a&gt;&#xd;
        #else&#xd;
          &lt;a href=&quot;${filePath}?width=640&amp;height=272&quot; class=&quot;hoverVideo prettyPhoto&quot; title=&quot;$!{title}&quot;&gt;&#xd;
            #if ($UtilMethods.isSet(${thumbnailBinaryFileURI}))&#xd;
            &lt;img src=&quot;/contentAsset/resize-image/${ContentIdentifier}/thumbnail/w/325&quot; alt=&quot;$!{title}&quot; /&gt;&#xd;
            #else&#xd;
              $!{title}&#xd;
            #end&#xd;
          &lt;/a&gt;&#xd;
        #end&#xd;
    #else&#xd;
        &lt;a href=&quot;#playerDiv&quot; class=&quot;hoverVideo prettyPhoto&quot; title=&quot;$!{title}&quot;&gt;&#xd;
          #if ($UtilMethods.isSet(${thumbnailBinaryFileURI}))&#xd;
          &lt;img src=&quot;/contentAsset/resize-image/${ContentIdentifier}/thumbnail/w/325&quot; alt=&quot;$!{title}&quot; /&gt;&#xd;
          #else&#xd;
            $!{title}&#xd;
          #end&#xd;
        &lt;/a&gt;&#xd;
&#xd;
      &#xd;
        &lt;div id=&quot;playerDiv&quot; style=&quot;display:none;&quot;&gt;&#xd;
          &lt;div style=&quot;width:425px;height:30px;margin:0 auto;padding:20px;&quot;&gt;&#xd;
            &lt;object class=&quot;playerpreview&quot; type=&quot;application/x-shockwave-flash&quot; data=&quot;/images/prettyPhoto/player_mp3.swf&quot; width=&quot;400&quot; height=&quot;40&quot;&gt;&#xd;
                    &lt;param name=&quot;movie&quot; value=&quot;/images/prettyPhoto/player_mp3.swf&quot; /&gt;&#xd;
                    &lt;param name=&quot;FlashVars&quot; value=&quot;mp3=${filePath}&amp;autoplay=1&amp;showstop=1&amp;showvolume=1&amp;bgcolor1=4287b5&amp;bgcolor2=0b698f&quot; /&gt;&#xd;
                &lt;/object&gt;&#xd;
          &lt;/div&gt;&#xd;
        &lt;/div&gt;&#xd;
    #end&#xd;
    &#xd;
    &#xd;
  &lt;/div&gt;&#xd;
  &#xd;
  &#xd;
  &lt;div style=&quot;width:65%;float:left;&quot;&gt;&#xd;
    &lt;h2&gt;Featured video&lt;/h2&gt;&#xd;
    #if ($UtilMethods.isSet($description))&#xd;
      &lt;p&gt;&lt;strong&gt;$!{title}:&lt;/strong&gt; $!{description}&lt;/p&gt;&#xd;
    #end&#xd;
  &lt;/div&gt;&#xd;
&#xd;
&#xd;
&lt;/div&gt;</code>
  </com.dotmarketing.beans.ContainerStructure>
  <com.dotmarketing.beans.ContainerStructure>
    <id>ec76cc77-ad3a-49e7-9b0a-8e41e1900bca</id>
    <structureId>4c441ada-944a-43af-a653-9bb4f3f0cb2b</structureId>
    <containerId>6a12bbda-0ae2-4121-a98b-ad8069eaff3a</containerId>
    <code>&lt;li&gt;&#xd;
  &lt;img src=&quot;/contentAsset/resize-image/${ContentIdentifier}/image/w/954/h/348&quot; alt=&quot;$!{title}&quot; /&gt;&#xd;
  &lt;div class=&quot;flexSlider-title&quot;&gt;&#xd;
    &lt;h2&gt;$!{title}&lt;/h2&gt;&#xd;
    &lt;h3&gt;$!{caption}&lt;a href=&quot;$!{link}&quot;&gt;Learn More&lt;/a&gt;&lt;/h3&gt;&#xd;
  &lt;/div&gt;&#xd;
&lt;/li&gt;&#xd;
&#xd;
&#xd;
</code>
  </com.dotmarketing.beans.ContainerStructure>
  <com.dotmarketing.beans.ContainerStructure>
    <id>f5272e63-6810-4552-afd6-e5f413b69113</id>
    <structureId>2a3e91e4-fbbf-4876-8c5b-2233c1739b05</structureId>
    <containerId>c7776bbb-d38a-43a1-af3b-6cfa36ba9747</containerId>
    <code>$!{body}</code>
  </com.dotmarketing.beans.ContainerStructure>
</list>