<list>
  <com.dotmarketing.portlets.dashboard.model.DashboardWorkStream>
    <id>1001</id>
    <inode>fea889dc-94c8-437a-97bb-37688af7fced</inode>
    <assetType>contentlet</assetType>
    <hostId>48190c8c-42c4-46af-8d1a-0cd5db894797</hostId>
    <action>Published</action>
    <name>Company History</name>
    <modUserId>dotcms.org.1</modUserId>
    <modDate class="sql-timestamp">2011-01-05 07:48:35.337</modDate>
  </com.dotmarketing.portlets.dashboard.model.DashboardWorkStream>
  <com.dotmarketing.portlets.dashboard.model.DashboardWorkStream>
    <id>1002</id>
    <inode>f11d86d3-1002-4dfb-9915-928fab363601</inode>
    <assetType>contentlet</assetType>
    <hostId>bee14013-9a29-4187-9985-afaa9522e01d</hostId>
    <action>Published</action>
    <name>News Detail</name>
    <modUserId>dotcms.org.1</modUserId>
    <modDate class="sql-timestamp">2011-01-04 23:06:19.791</modDate>
  </com.dotmarketing.portlets.dashboard.model.DashboardWorkStream>
  <com.dotmarketing.portlets.dashboard.model.DashboardWorkStream>
    <id>1003</id>
    <inode>ddd66ee8-5018-477d-aad0-3b3441a69b29</inode>
    <assetType>contentlet</assetType>
    <hostId>48190c8c-42c4-46af-8d1a-0cd5db894797</hostId>
    <action>Saved</action>
    <name>Testing Page</name>
    <modUserId>dotcms.org.1</modUserId>
    <modDate class="sql-timestamp">2011-01-04 23:09:46.894</modDate>
  </com.dotmarketing.portlets.dashboard.model.DashboardWorkStream>
  <com.dotmarketing.portlets.dashboard.model.DashboardWorkStream>
    <id>1004</id>
    <inode>e6c666a9-75fd-4c98-9cf0-c85110f096c6</inode>
    <assetType>contentlet</assetType>
    <hostId>48190c8c-42c4-46af-8d1a-0cd5db894797</hostId>
    <action>Saved</action>
    <name>Testing Page</name>
    <modUserId>dotcms.org.1</modUserId>
    <modDate class="sql-timestamp">2011-01-04 23:10:07.756</modDate>
  </com.dotmarketing.portlets.dashboard.model.DashboardWorkStream>
  <com.dotmarketing.portlets.dashboard.model.DashboardWorkStream>
    <id>1005</id>
    <inode>1ed0e426-5ec2-4796-8d55-2804d3b3cdca</inode>
    <assetType>htmlpage</assetType>
    <hostId>48190c8c-42c4-46af-8d1a-0cd5db894797</hostId>
    <action>Published</action>
    <name>/demos/index.dot</name>
    <modUserId>dotcms.org.1</modUserId>
    <modDate class="sql-timestamp">2011-01-04 23:11:23.077</modDate>
  </com.dotmarketing.portlets.dashboard.model.DashboardWorkStream>
  <com.dotmarketing.portlets.dashboard.model.DashboardWorkStream>
    <id>1006</id>
    <inode>cb59af67-e5f9-4f78-9b81-d15ed8913f5e</inode>
    <assetType>htmlpage</assetType>
    <hostId>48190c8c-42c4-46af-8d1a-0cd5db894797</hostId>
    <action>Published</action>
    <name>/news/index.dot</name>
    <modUserId>dotcms.org.1</modUserId>
    <modDate class="sql-timestamp">2011-01-04 23:06:19.932</modDate>
  </com.dotmarketing.portlets.dashboard.model.DashboardWorkStream>
  <com.dotmarketing.portlets.dashboard.model.DashboardWorkStream>
    <id>1007</id>
    <inode>1986838c-fa35-4857-b4b2-4f68b687aa0c</inode>
    <assetType>htmlpage</assetType>
    <hostId>48190c8c-42c4-46af-8d1a-0cd5db894797</hostId>
    <action>Published</action>
    <name>/company/index.dot</name>
    <modUserId>dotcms.org.1</modUserId>
    <modDate class="sql-timestamp">2011-01-05 08:16:37.23</modDate>
  </com.dotmarketing.portlets.dashboard.model.DashboardWorkStream>
  <com.dotmarketing.portlets.dashboard.model.DashboardWorkStream>
    <id>1008</id>
    <inode>9b7f5fd4-81a2-4fec-819a-f2e906ff90a1</inode>
    <assetType>htmlpage</assetType>
    <hostId>48190c8c-42c4-46af-8d1a-0cd5db894797</hostId>
    <action>Published</action>
    <name>/demos/tag-based-caching.dot</name>
    <modUserId>dotcms.org.1</modUserId>
    <modDate class="sql-timestamp">2011-01-04 23:13:54.585</modDate>
  </com.dotmarketing.portlets.dashboard.model.DashboardWorkStream>
  <com.dotmarketing.portlets.dashboard.model.DashboardWorkStream>
    <id>1009</id>
    <inode>77e25734-ca8a-49c0-89d2-1e5a1a580af9</inode>
    <assetType>container</assetType>
    <hostId>48190c8c-42c4-46af-8d1a-0cd5db894797</hostId>
    <action>Saved</action>
    <name>Starter - Body Container 1</name>
    <modUserId>dotcms.org.1</modUserId>
    <modDate class="sql-timestamp">2011-01-04 22:01:53.363</modDate>
  </com.dotmarketing.portlets.dashboard.model.DashboardWorkStream>
  <com.dotmarketing.portlets.dashboard.model.DashboardWorkStream>
    <id>1010</id>
    <inode>a51495a3-9d9b-42bf-a7b8-ef7215a2c4b8</inode>
    <assetType>container</assetType>
    <hostId>48190c8c-42c4-46af-8d1a-0cd5db894797</hostId>
    <action>Published</action>
    <name>Starter - Body Container 1</name>
    <modUserId>dotcms.org.1</modUserId>
    <modDate class="sql-timestamp">2011-01-04 22:02:01.258</modDate>
  </com.dotmarketing.portlets.dashboard.model.DashboardWorkStream>
  <com.dotmarketing.portlets.dashboard.model.DashboardWorkStream>
    <id>1011</id>
    <inode>3077eca5-521a-4e4c-8145-1bce4e10122c</inode>
    <assetType>contentlet</assetType>
    <hostId>48190c8c-42c4-46af-8d1a-0cd5db894797</hostId>
    <action>Saved</action>
    <name>This content is cached</name>
    <modUserId>dotcms.org.1</modUserId>
    <modDate class="sql-timestamp">2011-01-06 08:34:59.226</modDate>
  </com.dotmarketing.portlets.dashboard.model.DashboardWorkStream>
  <com.dotmarketing.portlets.dashboard.model.DashboardWorkStream>
    <id>1012</id>
    <inode>a8ea3c8c-41c3-4f7d-a228-7c5f13340297</inode>
    <assetType>contentlet</assetType>
    <hostId>48190c8c-42c4-46af-8d1a-0cd5db894797</hostId>
    <action>Saved</action>
    <name>Testing Page</name>
    <modUserId>dotcms.org.1</modUserId>
    <modDate class="sql-timestamp">2011-01-05 17:20:46.985</modDate>
  </com.dotmarketing.portlets.dashboard.model.DashboardWorkStream>
  <com.dotmarketing.portlets.dashboard.model.DashboardWorkStream>
    <id>1013</id>
    <inode>1561216d-45f1-4e72-813f-9ac585b0ecaf</inode>
    <assetType>contentlet</assetType>
    <hostId>48190c8c-42c4-46af-8d1a-0cd5db894797</hostId>
    <action>Saved</action>
    <name>Company History</name>
    <modUserId>dotcms.org.1</modUserId>
    <modDate class="sql-timestamp">2011-01-05 17:18:32.52</modDate>
  </com.dotmarketing.portlets.dashboard.model.DashboardWorkStream>
  <com.dotmarketing.portlets.dashboard.model.DashboardWorkStream>
    <id>1014</id>
    <inode>77d93019-e7d0-4a3a-84f8-d73a48631246</inode>
    <assetType>contentlet</assetType>
    <hostId>48190c8c-42c4-46af-8d1a-0cd5db894797</hostId>
    <action>Saved</action>
    <name>Company History</name>
    <modUserId>dotcms.org.1</modUserId>
    <modDate class="sql-timestamp">2011-01-06 08:14:24.387</modDate>
  </com.dotmarketing.portlets.dashboard.model.DashboardWorkStream>
  <com.dotmarketing.portlets.dashboard.model.DashboardWorkStream>
    <id>1015</id>
    <inode>fc7c6095-83fb-4fde-9bdb-fc67d16c562e</inode>
    <assetType>contentlet</assetType>
    <hostId>bee14013-9a29-4187-9985-afaa9522e01d</hostId>
    <action>Published</action>
    <name>News Detail</name>
    <modUserId>dotcms.org.1</modUserId>
    <modDate class="sql-timestamp">2011-01-05 17:19:39.08</modDate>
  </com.dotmarketing.portlets.dashboard.model.DashboardWorkStream>
  <com.dotmarketing.portlets.dashboard.model.DashboardWorkStream>
    <id>1016</id>
    <inode>0548c88b-8d11-4df1-be46-e415659c7acf</inode>
    <assetType>contentlet</assetType>
    <hostId>48190c8c-42c4-46af-8d1a-0cd5db894797</hostId>
    <action>Saved</action>
    <name>Earnings boost US exchanges</name>
    <modUserId>dotcms.org.1</modUserId>
    <modDate class="sql-timestamp">2011-01-06 08:15:01.256</modDate>
  </com.dotmarketing.portlets.dashboard.model.DashboardWorkStream>
  <com.dotmarketing.portlets.dashboard.model.DashboardWorkStream>
    <id>1017</id>
    <inode>8bcf495b-672e-4b10-9556-16d1a43e243c</inode>
    <assetType>contentlet</assetType>
    <hostId>48190c8c-42c4-46af-8d1a-0cd5db894797</hostId>
    <action>Published</action>
    <name>Testing Page</name>
    <modUserId>dotcms.org.1</modUserId>
    <modDate class="sql-timestamp">2011-01-05 17:20:41.958</modDate>
  </com.dotmarketing.portlets.dashboard.model.DashboardWorkStream>
  <com.dotmarketing.portlets.dashboard.model.DashboardWorkStream>
    <id>1018</id>
    <inode>5a5f1ebd-2e9f-4683-9053-f4dd36b0fec9</inode>
    <assetType>contentlet</assetType>
    <hostId>48190c8c-42c4-46af-8d1a-0cd5db894797</hostId>
    <action>Saved</action>
    <name>Company History</name>
    <modUserId>dotcms.org.1</modUserId>
    <modDate class="sql-timestamp">2011-01-05 14:03:43.042</modDate>
  </com.dotmarketing.portlets.dashboard.model.DashboardWorkStream>
  <com.dotmarketing.portlets.dashboard.model.DashboardWorkStream>
    <id>1019</id>
    <inode>fea889dc-94c8-437a-97bb-37688af7fced</inode>
    <assetType>contentlet</assetType>
    <hostId>48190c8c-42c4-46af-8d1a-0cd5db894797</hostId>
    <action>Published</action>
    <name>Company History</name>
    <modUserId>dotcms.org.1</modUserId>
    <modDate class="sql-timestamp">2011-01-05 14:03:35.867</modDate>
  </com.dotmarketing.portlets.dashboard.model.DashboardWorkStream>
  <com.dotmarketing.portlets.dashboard.model.DashboardWorkStream>
    <id>1020</id>
    <inode>f11d86d3-1002-4dfb-9915-928fab363601</inode>
    <assetType>contentlet</assetType>
    <hostId>bee14013-9a29-4187-9985-afaa9522e01d</hostId>
    <action>Saved</action>
    <name>News Detail</name>
    <modUserId>dotcms.org.1</modUserId>
    <modDate class="sql-timestamp">2011-01-05 17:19:39.075</modDate>
  </com.dotmarketing.portlets.dashboard.model.DashboardWorkStream>
  <com.dotmarketing.portlets.dashboard.model.DashboardWorkStream>
    <id>1021</id>
    <inode>d8d1a40d-3aaa-4413-a94c-86fd68da8f7f</inode>
    <assetType>contentlet</assetType>
    <hostId>48190c8c-42c4-46af-8d1a-0cd5db894797</hostId>
    <action>Saved</action>
    <name>This content is cached</name>
    <modUserId>dotcms.org.1</modUserId>
    <modDate class="sql-timestamp">2011-01-06 08:38:00.958</modDate>
  </com.dotmarketing.portlets.dashboard.model.DashboardWorkStream>
  <com.dotmarketing.portlets.dashboard.model.DashboardWorkStream>
    <id>1022</id>
    <inode>f3327ce5-e731-472d-a944-846ac76aadcb</inode>
    <assetType>contentlet</assetType>
    <hostId>48190c8c-42c4-46af-8d1a-0cd5db894797</hostId>
    <action>Saved</action>
    <name>This content is cached</name>
    <modUserId>dotcms.org.1</modUserId>
    <modDate class="sql-timestamp">2011-01-06 08:40:46.915</modDate>
  </com.dotmarketing.portlets.dashboard.model.DashboardWorkStream>
  <com.dotmarketing.portlets.dashboard.model.DashboardWorkStream>
    <id>1023</id>
    <inode>40aed56f-af36-434b-9611-3c3a04eca755</inode>
    <assetType>contentlet</assetType>
    <hostId>48190c8c-42c4-46af-8d1a-0cd5db894797</hostId>
    <action>Saved</action>
    <name>This content is cached</name>
    <modUserId>dotcms.org.1</modUserId>
    <modDate class="sql-timestamp">2011-01-06 08:41:02.955</modDate>
  </com.dotmarketing.portlets.dashboard.model.DashboardWorkStream>
  <com.dotmarketing.portlets.dashboard.model.DashboardWorkStream>
    <id>1024</id>
    <inode>704f9978-bbf9-4908-b5a0-e7a4164a10ab</inode>
    <assetType>contentlet</assetType>
    <hostId>48190c8c-42c4-46af-8d1a-0cd5db894797</hostId>
    <action>Saved</action>
    <name>This content is cached</name>
    <modUserId>dotcms.org.1</modUserId>
    <modDate class="sql-timestamp">2011-01-06 08:41:52.39</modDate>
  </com.dotmarketing.portlets.dashboard.model.DashboardWorkStream>
  <com.dotmarketing.portlets.dashboard.model.DashboardWorkStream>
    <id>1025</id>
    <inode>bad89c1f-4655-4f86-a989-c79c392a44ea</inode>
    <assetType>contentlet</assetType>
    <hostId>48190c8c-42c4-46af-8d1a-0cd5db894797</hostId>
    <action>Saved</action>
    <name>This content is cached</name>
    <modUserId>dotcms.org.1</modUserId>
    <modDate class="sql-timestamp">2011-01-06 08:43:13.619</modDate>
  </com.dotmarketing.portlets.dashboard.model.DashboardWorkStream>
  <com.dotmarketing.portlets.dashboard.model.DashboardWorkStream>
    <id>1026</id>
    <inode>9b94d22d-4fcf-4899-9f51-405abcc3eb2a</inode>
    <assetType>contentlet</assetType>
    <hostId>48190c8c-42c4-46af-8d1a-0cd5db894797</hostId>
    <action>Published</action>
    <name>This content is cached</name>
    <modUserId>dotcms.org.1</modUserId>
    <modDate class="sql-timestamp">2011-01-06 08:43:13.622</modDate>
  </com.dotmarketing.portlets.dashboard.model.DashboardWorkStream>
  <com.dotmarketing.portlets.dashboard.model.DashboardWorkStream>
    <id>1027</id>
    <inode>d5b8b2be-ae15-4e14-b8a5-3aef4c2891f1</inode>
    <assetType>contentlet</assetType>
    <hostId>48190c8c-42c4-46af-8d1a-0cd5db894797</hostId>
    <action>Saved</action>
    <name>KonaKart and dotCMS Join Forces to Create CMS-Driven e-Commerce</name>
    <modUserId>dotcms.org.1</modUserId>
    <modDate class="sql-timestamp">2011-01-06 09:16:19.716</modDate>
  </com.dotmarketing.portlets.dashboard.model.DashboardWorkStream>
  <com.dotmarketing.portlets.dashboard.model.DashboardWorkStream>
    <id>1028</id>
    <inode>1ed0e426-5ec2-4796-8d55-2804d3b3cdca</inode>
    <assetType>htmlpage</assetType>
    <hostId>48190c8c-42c4-46af-8d1a-0cd5db894797</hostId>
    <action>Published</action>
    <name>/demos/index.dot</name>
    <modUserId>dotcms.org.1</modUserId>
    <modDate class="sql-timestamp">2011-01-05 17:20:46.933</modDate>
  </com.dotmarketing.portlets.dashboard.model.DashboardWorkStream>
  <com.dotmarketing.portlets.dashboard.model.DashboardWorkStream>
    <id>1029</id>
    <inode>cb59af67-e5f9-4f78-9b81-d15ed8913f5e</inode>
    <assetType>htmlpage</assetType>
    <hostId>48190c8c-42c4-46af-8d1a-0cd5db894797</hostId>
    <action>Published</action>
    <name>/news/index.dot</name>
    <modUserId>dotcms.org.1</modUserId>
    <modDate class="sql-timestamp">2011-01-06 08:15:13.173</modDate>
  </com.dotmarketing.portlets.dashboard.model.DashboardWorkStream>
  <com.dotmarketing.portlets.dashboard.model.DashboardWorkStream>
    <id>1030</id>
    <inode>1986838c-fa35-4857-b4b2-4f68b687aa0c</inode>
    <assetType>htmlpage</assetType>
    <hostId>48190c8c-42c4-46af-8d1a-0cd5db894797</hostId>
    <action>Published</action>
    <name>/company/index.dot</name>
    <modUserId>dotcms.org.1</modUserId>
    <modDate class="sql-timestamp">2011-01-05 13:44:17.8</modDate>
  </com.dotmarketing.portlets.dashboard.model.DashboardWorkStream>
  <com.dotmarketing.portlets.dashboard.model.DashboardWorkStream>
    <id>1031</id>
    <inode>9b7f5fd4-81a2-4fec-819a-f2e906ff90a1</inode>
    <assetType>htmlpage</assetType>
    <hostId>48190c8c-42c4-46af-8d1a-0cd5db894797</hostId>
    <action>Published</action>
    <name>/demos/tag-based-caching.dot</name>
    <modUserId>dotcms.org.1</modUserId>
    <modDate class="sql-timestamp">2011-01-06 08:43:13.698</modDate>
  </com.dotmarketing.portlets.dashboard.model.DashboardWorkStream>
  <com.dotmarketing.portlets.dashboard.model.DashboardWorkStream>
    <id>1032</id>
    <inode>1729b84f-02c4-4513-9c2b-fe489e37912a</inode>
    <assetType>template</assetType>
    <hostId>48190c8c-42c4-46af-8d1a-0cd5db894797</hostId>
    <action>Published</action>
    <name>dotCMS Starter - Body Page (2 Column) </name>
    <modUserId>dotcms.org.1</modUserId>
    <modDate class="sql-timestamp">2011-01-05 17:18:54.264</modDate>
  </com.dotmarketing.portlets.dashboard.model.DashboardWorkStream>
  <com.dotmarketing.portlets.dashboard.model.DashboardWorkStream>
    <id>1033</id>
    <inode>80ca277d-63d5-41e7-8ff2-180e1b7e3b7b</inode>
    <assetType>container</assetType>
    <hostId>48190c8c-42c4-46af-8d1a-0cd5db894797</hostId>
    <action>Saved</action>
    <name>Starter - Body Container 1</name>
    <modUserId>dotcms.org.1</modUserId>
    <modDate class="sql-timestamp">2011-01-05 14:07:02.149</modDate>
  </com.dotmarketing.portlets.dashboard.model.DashboardWorkStream>
  <com.dotmarketing.portlets.dashboard.model.DashboardWorkStream>
    <id>1034</id>
    <inode>0fc6d16d-3b3e-47ff-90cd-523cac10ce05</inode>
    <assetType>container</assetType>
    <hostId>48190c8c-42c4-46af-8d1a-0cd5db894797</hostId>
    <action>Saved</action>
    <name>Starter - Body Container 1</name>
    <modUserId>dotcms.org.1</modUserId>
    <modDate class="sql-timestamp">2011-01-05 17:17:41.613</modDate>
  </com.dotmarketing.portlets.dashboard.model.DashboardWorkStream>
  <com.dotmarketing.portlets.dashboard.model.DashboardWorkStream>
    <id>1035</id>
    <inode>a51495a3-9d9b-42bf-a7b8-ef7215a2c4b8</inode>
    <assetType>container</assetType>
    <hostId>48190c8c-42c4-46af-8d1a-0cd5db894797</hostId>
    <action>Published</action>
    <name>Starter - Body Container 1</name>
    <modUserId>dotcms.org.1</modUserId>
    <modDate class="sql-timestamp">2011-01-05 17:17:57.312</modDate>
  </com.dotmarketing.portlets.dashboard.model.DashboardWorkStream>
</list>