<list>
  <com.dotmarketing.business.PortletsLayouts>
    <id>0487c5fa-b96f-45f0-9b69-6f4586f5559b</id>
    <portletId>EXT_15</portletId>
    <layoutId>b7ab5d3c-5ee0-4195-a17e-8f5579d718dd</layoutId>
    <portletOrder>2</portletOrder>
  </com.dotmarketing.business.PortletsLayouts>
  <com.dotmarketing.business.PortletsLayouts>
    <id>0d35967c-2559-4e2e-8a7b-284675aa62dd</id>
    <portletId>EXT_LICENSE_MANAGER</portletId>
    <layoutId>a8e430e3-8010-40cf-ade1-5978e61241a8</layoutId>
    <portletOrder>8</portletOrder>
  </com.dotmarketing.business.PortletsLayouts>
  <com.dotmarketing.business.PortletsLayouts>
    <id>157d9ee3-6360-4045-9158-a22d2bfeb60f</id>
    <portletId>EXT_SITESEARCH</portletId>
    <layoutId>a8e430e3-8010-40cf-ade1-5978e61241a8</layoutId>
    <portletOrder>9</portletOrder>
  </com.dotmarketing.business.PortletsLayouts>
  <com.dotmarketing.business.PortletsLayouts>
    <id>1f1e6dea-b2ca-41d1-9799-76edced16ea8</id>
    <portletId>EXT_DASHBOARD</portletId>
    <layoutId>34885ddb-3537-4a79-a02c-0550c5087d5c</layoutId>
    <portletOrder>2</portletOrder>
  </com.dotmarketing.business.PortletsLayouts>
  <com.dotmarketing.business.PortletsLayouts>
    <id>1f738ce3-021b-40c1-a177-76b78d0ceba5</id>
    <portletId>EXT_18</portletId>
    <layoutId>b7ab5d3c-5ee0-4195-a17e-8f5579d718dd</layoutId>
    <portletOrder>3</portletOrder>
  </com.dotmarketing.business.PortletsLayouts>
  <com.dotmarketing.business.PortletsLayouts>
    <id>26d508cf-cd02-4ccd-b36e-fcb166056a95</id>
    <portletId>9</portletId>
    <layoutId>a8e430e3-8010-40cf-ade1-5978e61241a8</layoutId>
    <portletOrder>5</portletOrder>
  </com.dotmarketing.business.PortletsLayouts>
  <com.dotmarketing.business.PortletsLayouts>
    <id>27b0dc66-1dfe-4a89-acd2-3f65a3fadafa</id>
    <portletId>TIMEMACHINE</portletId>
    <layoutId>b7ab5d3c-5ee0-4195-a17e-8f5579d718dd</layoutId>
    <portletOrder>7</portletOrder>
  </com.dotmarketing.business.PortletsLayouts>
  <com.dotmarketing.business.PortletsLayouts>
    <id>28ed3c1d-685a-4655-807b-2fbd379e9213</id>
    <portletId>OSGI_MANAGER</portletId>
    <layoutId>a8e430e3-8010-40cf-ade1-5978e61241a8</layoutId>
    <portletOrder>10</portletOrder>
  </com.dotmarketing.business.PortletsLayouts>
  <com.dotmarketing.business.PortletsLayouts>
    <id>2c1b0db7-83aa-4b43-85ba-94752c865363</id>
    <portletId>EXT_12</portletId>
    <layoutId>b7ab5d3c-5ee0-4195-a17e-8f5579d718dd</layoutId>
    <portletOrder>5</portletOrder>
  </com.dotmarketing.business.PortletsLayouts>
  <com.dotmarketing.business.PortletsLayouts>
    <id>2e1f74e2-a285-4f09-a2cc-a512f67715e3</id>
    <portletId>EXT_BROKEN_LINKS</portletId>
    <layoutId>71b8a1ca-37b6-4b6e-a43b-c7482f28db6c</layoutId>
    <portletOrder>2</portletOrder>
  </com.dotmarketing.business.PortletsLayouts>
  <com.dotmarketing.business.PortletsLayouts>
    <id>36b1147c-3b51-416e-b570-fe6a1af67734</id>
    <portletId>EXT_LUCENE_TOOL</portletId>
    <layoutId>a8e430e3-8010-40cf-ade1-5978e61241a8</layoutId>
    <portletOrder>7</portletOrder>
  </com.dotmarketing.business.PortletsLayouts>
  <com.dotmarketing.business.PortletsLayouts>
    <id>4291546b-ea06-4b1c-abf2-13a62e7fc322</id>
    <portletId>EXT_BROWSER</portletId>
    <layoutId>b7ab5d3c-5ee0-4195-a17e-8f5579d718dd</layoutId>
    <portletOrder>1</portletOrder>
  </com.dotmarketing.business.PortletsLayouts>
  <com.dotmarketing.business.PortletsLayouts>
    <id>58c0b60c-e300-4852-9232-e416b14c3236</id>
    <portletId>EXT_CALENDAR</portletId>
    <layoutId>d36bad18-63e1-4642-9a45-e7c69ba8d4a5</layoutId>
    <portletOrder>1</portletOrder>
  </com.dotmarketing.business.PortletsLayouts>
  <com.dotmarketing.business.PortletsLayouts>
    <id>58d56b24-b632-4110-90d3-f66b9dbc709b</id>
    <portletId>EXT_STRUCTURE</portletId>
    <layoutId>56fedb43-dbbf-4ce2-8b77-41fb73bad015</layoutId>
    <portletOrder>1</portletOrder>
  </com.dotmarketing.business.PortletsLayouts>
  <com.dotmarketing.business.PortletsLayouts>
    <id>7075565a-a96d-4536-b849-6dbfd48cbddf</id>
    <portletId>WORKFLOW_SCHEMES</portletId>
    <layoutId>56fedb43-dbbf-4ce2-8b77-41fb73bad015</layoutId>
    <portletOrder>4</portletOrder>
  </com.dotmarketing.business.PortletsLayouts>
  <com.dotmarketing.business.PortletsLayouts>
    <id>75812320-b98e-4af2-872b-a3a6e095d16c</id>
    <portletId>25</portletId>
    <layoutId>81c3bb50-9f64-4a39-9027-46ee92192799</layoutId>
    <portletOrder>2</portletOrder>
  </com.dotmarketing.business.PortletsLayouts>
  <com.dotmarketing.business.PortletsLayouts>
    <id>78604b9f-6ce0-446c-9f53-2d740910cc43</id>
    <portletId>EXT_BROWSER</portletId>
    <layoutId>931f0b26-92c1-420b-8fbf-e48089040921</layoutId>
    <portletOrder>1</portletOrder>
  </com.dotmarketing.business.PortletsLayouts>
  <com.dotmarketing.business.PortletsLayouts>
    <id>827fa28c-0bcc-4556-a8e5-88965aa14dda</id>
    <portletId>EXT_ROLE_ADMIN</portletId>
    <layoutId>a8e430e3-8010-40cf-ade1-5978e61241a8</layoutId>
    <portletOrder>2</portletOrder>
  </com.dotmarketing.business.PortletsLayouts>
  <com.dotmarketing.business.PortletsLayouts>
    <id>8aa7452a-c85e-4f71-afb4-fa6e005e0ec5</id>
    <portletId>EXT_13</portletId>
    <layoutId>b7ab5d3c-5ee0-4195-a17e-8f5579d718dd</layoutId>
    <portletOrder>4</portletOrder>
  </com.dotmarketing.business.PortletsLayouts>
  <com.dotmarketing.business.PortletsLayouts>
    <id>94841c0a-8734-4d2f-b3ce-cebeb3917f71</id>
    <portletId>EXT_HOSTADMIN</portletId>
    <layoutId>a8e430e3-8010-40cf-ade1-5978e61241a8</layoutId>
    <portletOrder>3</portletOrder>
  </com.dotmarketing.business.PortletsLayouts>
  <com.dotmarketing.business.PortletsLayouts>
    <id>9593147b-ca55-417a-90fc-1e28447991ae</id>
    <portletId>EXT_CMS_MAINTENANCE</portletId>
    <layoutId>a8e430e3-8010-40cf-ade1-5978e61241a8</layoutId>
    <portletOrder>4</portletOrder>
  </com.dotmarketing.business.PortletsLayouts>
  <com.dotmarketing.business.PortletsLayouts>
    <id>99ef0754-6694-4646-bfc4-d41b815e236c</id>
    <portletId>EXT_11</portletId>
    <layoutId>71b8a1ca-37b6-4b6e-a43b-c7482f28db6c</layoutId>
    <portletOrder>1</portletOrder>
  </com.dotmarketing.business.PortletsLayouts>
  <com.dotmarketing.business.PortletsLayouts>
    <id>a4d6bfa5-b8db-47a0-8052-a535df095626</id>
    <portletId>EXT_21</portletId>
    <layoutId>34885ddb-3537-4a79-a02c-0550c5087d5c</layoutId>
    <portletOrder>1</portletOrder>
  </com.dotmarketing.business.PortletsLayouts>
  <com.dotmarketing.business.PortletsLayouts>
    <id>a5788d85-38fe-44b5-9e0e-2415ec8f2a1d</id>
    <portletId>EXT_LANG</portletId>
    <layoutId>a8e430e3-8010-40cf-ade1-5978e61241a8</layoutId>
    <portletOrder>6</portletOrder>
  </com.dotmarketing.business.PortletsLayouts>
  <com.dotmarketing.business.PortletsLayouts>
    <id>a5e656a5-7d03-45f5-8a73-9a35093979a2</id>
    <portletId>EXT_4</portletId>
    <layoutId>56fedb43-dbbf-4ce2-8b77-41fb73bad015</layoutId>
    <portletOrder>2</portletOrder>
  </com.dotmarketing.business.PortletsLayouts>
  <com.dotmarketing.business.PortletsLayouts>
    <id>c5c4341f-171b-43d2-8037-ccce7596b2fd</id>
    <portletId>EXT_TAG_MANAGER</portletId>
    <layoutId>56fedb43-dbbf-4ce2-8b77-41fb73bad015</layoutId>
    <portletOrder>3</portletOrder>
  </com.dotmarketing.business.PortletsLayouts>
  <com.dotmarketing.business.PortletsLayouts>
    <id>c6f4166f-bf37-4607-9143-d159d8a65872</id>
    <portletId>EXT_CONTENT_PUBLISHING_TOOL</portletId>
    <layoutId>e1b97e66-6efc-4626-9f81-cc1b6312cb31</layoutId>
    <portletOrder>1</portletOrder>
  </com.dotmarketing.business.PortletsLayouts>
  <com.dotmarketing.business.PortletsLayouts>
    <id>cd869b04-0261-4d7a-87f5-f8d6d38f37e5</id>
    <portletId>EXT_REPORTMANAGER</portletId>
    <layoutId>81c3bb50-9f64-4a39-9027-46ee92192799</layoutId>
    <portletOrder>3</portletOrder>
  </com.dotmarketing.business.PortletsLayouts>
  <com.dotmarketing.business.PortletsLayouts>
    <id>d4772671-4b4a-442a-99c9-0714cc47f5b2</id>
    <portletId>EXT_CONTENT_PUBLISHING_TOOL</portletId>
    <layoutId>b7ab5d3c-5ee0-4195-a17e-8f5579d718dd</layoutId>
    <portletOrder>8</portletOrder>
  </com.dotmarketing.business.PortletsLayouts>
  <com.dotmarketing.business.PortletsLayouts>
    <id>dc690620-ab60-4d8c-9d28-bb17b11dfc21</id>
    <portletId>EXT_FORM_HANDLER</portletId>
    <layoutId>81c3bb50-9f64-4a39-9027-46ee92192799</layoutId>
    <portletOrder>1</portletOrder>
  </com.dotmarketing.business.PortletsLayouts>
  <com.dotmarketing.business.PortletsLayouts>
    <id>e408b7cb-34c4-45da-abc7-abd03b9556ea</id>
    <portletId>EXT_USER_ADMIN</portletId>
    <layoutId>a8e430e3-8010-40cf-ade1-5978e61241a8</layoutId>
    <portletOrder>1</portletOrder>
  </com.dotmarketing.business.PortletsLayouts>
  <com.dotmarketing.business.PortletsLayouts>
    <id>e8214868-dd2f-4ede-8eef-69c61b871aad</id>
    <portletId>EXT_VIRTUAL_LINKS</portletId>
    <layoutId>b7ab5d3c-5ee0-4195-a17e-8f5579d718dd</layoutId>
    <portletOrder>6</portletOrder>
  </com.dotmarketing.business.PortletsLayouts>
</list>