<list>
  <com.dotmarketing.beans.Clickstream404>
    <clickstream404Id>1337</clickstream404Id>
    <requestURI>/resources/document-listing-infinity-scroll.html</requestURI>
    <queryString>page=2&amp;ext=all</queryString>
    <refererURI>http://starter.dotcms.com:8080/resources/index.html</refererURI>
    <hostId>48190c8c-42c4-46af-8d1a-0cd5db894797</hostId>
    <timestamp class="sql-timestamp">2012-10-08 11:30:19.206</timestamp>
  </com.dotmarketing.beans.Clickstream404>
  <com.dotmarketing.beans.Clickstream404>
    <clickstream404Id>1338</clickstream404Id>
    <requestURI>/resources/document-listing-infinity-scroll.html</requestURI>
    <queryString>page=2&amp;ext=all</queryString>
    <refererURI>http://starter.dotcms.com:8080/resources/index.html</refererURI>
    <hostId>48190c8c-42c4-46af-8d1a-0cd5db894797</hostId>
    <timestamp class="sql-timestamp">2012-10-08 13:23:51.211</timestamp>
  </com.dotmarketing.beans.Clickstream404>
  <com.dotmarketing.beans.Clickstream404>
    <clickstream404Id>1339</clickstream404Id>
    <requestURI>/resources/document-listing-infinity-scroll.html</requestURI>
    <queryString>page=2&amp;ext=all</queryString>
    <refererURI>http://starter.dotcms.com:8080/resources/index.html</refererURI>
    <hostId>48190c8c-42c4-46af-8d1a-0cd5db894797</hostId>
    <timestamp class="sql-timestamp">2012-10-09 09:27:35.614</timestamp>
  </com.dotmarketing.beans.Clickstream404>
  <com.dotmarketing.beans.Clickstream404>
    <clickstream404Id>1340</clickstream404Id>
    <requestURI>/contact-us/thank-you.dot</requestURI>
    <refererURI>http://starter.dotcms.com:8080/contact-us/</refererURI>
    <hostId>48190c8c-42c4-46af-8d1a-0cd5db894797</hostId>
    <timestamp class="sql-timestamp">2012-10-09 17:16:07.653</timestamp>
  </com.dotmarketing.beans.Clickstream404>
  <com.dotmarketing.beans.Clickstream404>
    <clickstream404Id>1341</clickstream404Id>
    <requestURI>/favicon.ico</requestURI>
    <hostId>48190c8c-42c4-46af-8d1a-0cd5db894797</hostId>
    <timestamp class="sql-timestamp">2012-10-09 17:53:03.55</timestamp>
  </com.dotmarketing.beans.Clickstream404>
  <com.dotmarketing.beans.Clickstream404>
    <clickstream404Id>1342</clickstream404Id>
    <requestURI>/favicon.ico</requestURI>
    <hostId>48190c8c-42c4-46af-8d1a-0cd5db894797</hostId>
    <timestamp class="sql-timestamp">2012-10-09 18:07:12.431</timestamp>
  </com.dotmarketing.beans.Clickstream404>
  <com.dotmarketing.beans.Clickstream404>
    <clickstream404Id>1343</clickstream404Id>
    <requestURI>/favicon.ico</requestURI>
    <hostId>48190c8c-42c4-46af-8d1a-0cd5db894797</hostId>
    <timestamp class="sql-timestamp">2012-10-09 18:07:28.979</timestamp>
  </com.dotmarketing.beans.Clickstream404>
</list>