<list>
  <com.dotmarketing.portlets.templates.model.Template>
    <iDate class="sql-timestamp">2013-04-25 21:05:10.751</iDate>
    <type>template</type>
    <owner></owner>
    <inode>dbef7378-a604-4763-a38d-1df5e14006ed</inode>
    <identifier>8380507e-9491-4e53-9a66-28b2754ac9e9</identifier>
    <title>openBank - Homepage</title>
    <friendlyName>openBank - Homepage</friendlyName>
    <modDate class="sql-timestamp">2013-04-25 21:05:10.837</modDate>
    <modUser>dotcms.org.1</modUser>
    <sortOrder>0</sortOrder>
    <showOnMenu>false</showOnMenu>
    <body>&lt;html&gt;
 &lt;head&gt;
  #dotParse(&apos;//demo.dotcms.com/application/themes/openbank/html_head.vtl&apos;)
  &lt;link rel=&quot;stylesheet&quot; type=&quot;text/css&quot; href=&quot;/html/css/template/reset-fonts-grids.css&quot; /&gt;
 &lt;/head&gt;
 &lt;body&gt;
  &lt;div name=&quot;globalContainer&quot; id=&quot;resp-template&quot;&gt;
   &lt;div id=&quot;hd-template&quot;&gt;
    #dotParse(&apos;//demo.dotcms.com/application/themes/openbank/header.vtl&apos;)
   &lt;/div&gt;
   &lt;div id=&quot;bd-template&quot;&gt;
    &lt;div id=&quot;yui-main-template&quot;&gt;
     &lt;div id=&quot;splitBody0&quot; class=&quot;yui-b-template&quot;&gt;
      #parseContainer(&apos;6a12bbda-0ae2-4121-a98b-ad8069eaff3a&apos;)
     &lt;/div&gt;
     &lt;div id=&quot;splitBody1&quot; class=&quot;yui-b-template&quot;&gt;
      &lt;div id=&quot;yui-gc-template&quot; class=&quot;yui-gc-template&quot;&gt;
       &lt;div id=&quot;1_yui-u-grid-1&quot; class=&quot;yui-u-template first&quot;&gt;
        #parseContainer(&apos;56bd55ea-b04b-480d-9e37-5d6f9217dcc3&apos;)
       &lt;/div&gt;
       &lt;div id=&quot;1_yui-u-grid-2&quot; class=&quot;yui-u-template&quot;&gt;
        #parseContainer(&apos;ab7d4317-68da-45ea-addc-9a57c69b8a24&apos;)
       &lt;/div&gt;
      &lt;/div&gt;
     &lt;/div&gt;
     &lt;div class=&quot;yui-b-template&quot; id=&quot;splitBody2&quot;&gt;
      &lt;div class=&quot;yui-gb-template&quot; id=&quot;yui-gb-template&quot;&gt;
       &lt;div class=&quot;yui-u-template first&quot; id=&quot;2_yui-u-grid-1&quot;&gt;
        #parseContainer(&apos;f1ba7688-453c-4c0d-a214-e5ac802b8034&apos;)
       &lt;/div&gt;
       &lt;div class=&quot;yui-u-template&quot; id=&quot;2_yui-u-grid-2&quot;&gt;
        #parseContainer(&apos;a6e9652b-8183-4c09-b775-26196b09a300&apos;)
       &lt;/div&gt;
       &lt;div class=&quot;yui-u-template&quot; id=&quot;2_yui-u-grid-3&quot;&gt;
        #parseContainer(&apos;8f17696b-4e25-46b6-94b1-66c849a28bbe&apos;)
       &lt;/div&gt;
      &lt;/div&gt;
     &lt;/div&gt;
    &lt;/div&gt;
   &lt;/div&gt;
   &lt;div id=&quot;ft-template&quot;&gt;
    #dotParse(&apos;//demo.dotcms.com/application/themes/openbank/footer.vtl&apos;)
   &lt;/div&gt;
  &lt;/div&gt;
 &lt;/body&gt;
&lt;/html&gt;</body>
    <image></image>
    <drawed>true</drawed>
    <drawedBody>&lt;div name=&quot;globalContainer&quot; id=&quot;resp-template&quot;&gt;&lt;div id=&quot;hd-template&quot;&gt;&lt;h1&gt;Header&lt;/h1&gt;&lt;/div&gt;&lt;div id=&quot;bd-template&quot;&gt;&lt;div id=&quot;yui-main-template&quot;&gt;&lt;div id=&quot;splitBody0&quot; class=&quot;yui-b-template&quot;&gt;&lt;div class=&quot;addContainerSpan&quot;&gt;&lt;a href=&quot;javascript: showAddContainerDialog(&apos;splitBody0&apos;);&quot; title=&quot;Add Container&quot;&gt;&lt;span class=&quot;plusBlueIcon&quot;&gt;&lt;/span&gt;Add Container&lt;/a&gt;&lt;/div&gt;&lt;span class=&quot;titleContainerSpan&quot; id=&quot;splitBody0_span_6a12bbda-0ae2-4121-a98b-ad8069eaff3a&quot; title=&quot;container_6a12bbda-0ae2-4121-a98b-ad8069eaff3a&quot;&gt;&lt;div class=&quot;removeDiv&quot;&gt;&lt;a href=&quot;javascript: removeDrawedContainer(&apos;splitBody0&apos;,&apos;6a12bbda-0ae2-4121-a98b-ad8069eaff3a&apos;);&quot; title=&quot;Remove Container&quot;&gt;&lt;span class=&quot;minusIcon&quot;&gt;&lt;/span&gt;Remove Container&lt;/a&gt;&lt;/div&gt;&lt;div class=&quot;clear&quot;&gt;&lt;/div&gt;&lt;h2&gt;Container: Banner (Homepage)&lt;/h2&gt;&lt;p&gt;Lorem ipsum dolor sit amet, consectetur adipisicing elit, sed do eiusmod tempor incididunt ut labore et dolore magna aliqua. Ut enim ad minim veniam, quis nostrud exercitation ullamco laboris nisi ut aliquip ex ea commodo consequat.&lt;/p&gt;&lt;/span&gt;&lt;div style=&quot;display: none;&quot; title=&quot;container_6a12bbda-0ae2-4121-a98b-ad8069eaff3a&quot; id=&quot;splitBody0_div_6a12bbda-0ae2-4121-a98b-ad8069eaff3a&quot;&gt;#parseContainer(&apos;6a12bbda-0ae2-4121-a98b-ad8069eaff3a&apos;)&#xd;
&lt;/div&gt;&lt;/div&gt;&lt;div id=&quot;splitBody1&quot; class=&quot;yui-b-template&quot;&gt;&lt;div id=&quot;yui-gc-template&quot; class=&quot;yui-gc-template&quot;&gt;&lt;div id=&quot;1_yui-u-grid-1&quot; class=&quot;yui-u-template first&quot;&gt;&lt;div class=&quot;addContainerSpan&quot;&gt;&lt;a href=&quot;javascript: showAddContainerDialog(&apos;1_yui-u-grid-1&apos;);&quot; title=&quot;Add Container&quot;&gt;&lt;span class=&quot;plusBlueIcon&quot;&gt;&lt;/span&gt;Add Container&lt;/a&gt;&lt;/div&gt;&lt;span class=&quot;titleContainerSpan&quot; id=&quot;1_yui-u-grid-1_span_56bd55ea-b04b-480d-9e37-5d6f9217dcc3&quot; title=&quot;container_56bd55ea-b04b-480d-9e37-5d6f9217dcc3&quot;&gt;&lt;div class=&quot;removeDiv&quot;&gt;&lt;a href=&quot;javascript: removeDrawedContainer(&apos;1_yui-u-grid-1&apos;,&apos;56bd55ea-b04b-480d-9e37-5d6f9217dcc3&apos;);&quot; title=&quot;Remove Container&quot;&gt;&lt;span class=&quot;minusIcon&quot;&gt;&lt;/span&gt;Remove Container&lt;/a&gt;&lt;/div&gt;&lt;div class=&quot;clear&quot;&gt;&lt;/div&gt;&lt;h2&gt;Container: Default 1 (Page Content)&lt;/h2&gt;&lt;p&gt;Lorem ipsum dolor sit amet, consectetur adipisicing elit, sed do eiusmod tempor incididunt ut labore et dolore magna aliqua. Ut enim ad minim veniam, quis nostrud exercitation ullamco laboris nisi ut aliquip ex ea commodo consequat.&lt;/p&gt;&lt;/span&gt;&lt;div style=&quot;display: none;&quot; title=&quot;container_56bd55ea-b04b-480d-9e37-5d6f9217dcc3&quot; id=&quot;1_yui-u-grid-1_div_56bd55ea-b04b-480d-9e37-5d6f9217dcc3&quot;&gt;#parseContainer(&apos;56bd55ea-b04b-480d-9e37-5d6f9217dcc3&apos;)&#xd;
&lt;/div&gt;&lt;/div&gt;&lt;div id=&quot;1_yui-u-grid-2&quot; class=&quot;yui-u-template&quot;&gt;&lt;div class=&quot;addContainerSpan&quot;&gt;&lt;a href=&quot;javascript: showAddContainerDialog(&apos;1_yui-u-grid-2&apos;);&quot; title=&quot;Add Container&quot;&gt;&lt;span class=&quot;plusBlueIcon&quot;&gt;&lt;/span&gt;Add Container&lt;/a&gt;&lt;/div&gt;&lt;span class=&quot;titleContainerSpan&quot; id=&quot;1_yui-u-grid-2_span_ab7d4317-68da-45ea-addc-9a57c69b8a24&quot; title=&quot;container_ab7d4317-68da-45ea-addc-9a57c69b8a24&quot;&gt;&lt;div class=&quot;removeDiv&quot;&gt;&lt;a href=&quot;javascript: removeDrawedContainer(&apos;1_yui-u-grid-2&apos;,&apos;ab7d4317-68da-45ea-addc-9a57c69b8a24&apos;);&quot; title=&quot;Remove Container&quot;&gt;&lt;span class=&quot;minusIcon&quot;&gt;&lt;/span&gt;Remove Container&lt;/a&gt;&lt;/div&gt;&lt;div class=&quot;clear&quot;&gt;&lt;/div&gt;&lt;h2&gt;Container: Media&lt;/h2&gt;&lt;p&gt;Lorem ipsum dolor sit amet, consectetur adipisicing elit, sed do eiusmod tempor incididunt ut labore et dolore magna aliqua. Ut enim ad minim veniam, quis nostrud exercitation ullamco laboris nisi ut aliquip ex ea commodo consequat.&lt;/p&gt;&lt;/span&gt;&lt;div style=&quot;display: none;&quot; title=&quot;container_ab7d4317-68da-45ea-addc-9a57c69b8a24&quot; id=&quot;1_yui-u-grid-2_div_ab7d4317-68da-45ea-addc-9a57c69b8a24&quot;&gt;#parseContainer(&apos;ab7d4317-68da-45ea-addc-9a57c69b8a24&apos;)&#xd;
&lt;/div&gt;&lt;/div&gt;&lt;/div&gt;&lt;/div&gt;&lt;div class=&quot;yui-b-template&quot; id=&quot;splitBody2&quot;&gt;&lt;div class=&quot;yui-gb-template&quot; id=&quot;yui-gb-template&quot;&gt;&lt;div class=&quot;yui-u-template first&quot; id=&quot;2_yui-u-grid-1&quot;&gt;&lt;div class=&quot;addContainerSpan&quot;&gt;&lt;a href=&quot;javascript: showAddContainerDialog(&apos;2_yui-u-grid-1&apos;);&quot; title=&quot;Add Container&quot;&gt;&lt;span class=&quot;plusBlueIcon&quot;&gt;&lt;/span&gt;Add Container&lt;/a&gt;&lt;/div&gt;&lt;span class=&quot;titleContainerSpan&quot; id=&quot;2_yui-u-grid-1_span_f1ba7688-453c-4c0d-a214-e5ac802b8034&quot; title=&quot;container_f1ba7688-453c-4c0d-a214-e5ac802b8034&quot;&gt;&lt;div class=&quot;removeDiv&quot;&gt;&lt;a href=&quot;javascript: removeDrawedContainer(&apos;2_yui-u-grid-1&apos;,&apos;f1ba7688-453c-4c0d-a214-e5ac802b8034&apos;);&quot; title=&quot;Remove Container&quot;&gt;&lt;span class=&quot;minusIcon&quot;&gt;&lt;/span&gt;Remove Container&lt;/a&gt;&lt;/div&gt;&lt;div class=&quot;clear&quot;&gt;&lt;/div&gt;&lt;h2&gt;Container: Default 3 (Page Content)&lt;/h2&gt;&lt;p&gt;Lorem ipsum dolor sit amet, consectetur adipisicing elit, sed do eiusmod tempor incididunt ut labore et dolore magna aliqua. Ut enim ad minim veniam, quis nostrud exercitation ullamco laboris nisi ut aliquip ex ea commodo consequat.&lt;/p&gt;&lt;/span&gt;&lt;div style=&quot;display: none;&quot; title=&quot;container_f1ba7688-453c-4c0d-a214-e5ac802b8034&quot; id=&quot;2_yui-u-grid-1_div_f1ba7688-453c-4c0d-a214-e5ac802b8034&quot;&gt;#parseContainer(&apos;f1ba7688-453c-4c0d-a214-e5ac802b8034&apos;)&#xd;
&lt;/div&gt;&lt;/div&gt;&lt;div class=&quot;yui-u-template&quot; id=&quot;2_yui-u-grid-2&quot;&gt;&lt;div class=&quot;addContainerSpan&quot;&gt;&lt;a href=&quot;javascript: showAddContainerDialog(&apos;2_yui-u-grid-2&apos;);&quot; title=&quot;Add Container&quot;&gt;&lt;span class=&quot;plusBlueIcon&quot;&gt;&lt;/span&gt;Add Container&lt;/a&gt;&lt;/div&gt;&lt;span class=&quot;titleContainerSpan&quot; id=&quot;2_yui-u-grid-2_span_a6e9652b-8183-4c09-b775-26196b09a300&quot; title=&quot;container_a6e9652b-8183-4c09-b775-26196b09a300&quot;&gt;&lt;div class=&quot;removeDiv&quot;&gt;&lt;a href=&quot;javascript: removeDrawedContainer(&apos;2_yui-u-grid-2&apos;,&apos;a6e9652b-8183-4c09-b775-26196b09a300&apos;);&quot; title=&quot;Remove Container&quot;&gt;&lt;span class=&quot;minusIcon&quot;&gt;&lt;/span&gt;Remove Container&lt;/a&gt;&lt;/div&gt;&lt;div class=&quot;clear&quot;&gt;&lt;/div&gt;&lt;h2&gt;Container: Default 4 (Page Content)&lt;/h2&gt;&lt;p&gt;Lorem ipsum dolor sit amet, consectetur adipisicing elit, sed do eiusmod tempor incididunt ut labore et dolore magna aliqua. Ut enim ad minim veniam, quis nostrud exercitation ullamco laboris nisi ut aliquip ex ea commodo consequat.&lt;/p&gt;&lt;/span&gt;&lt;div style=&quot;display: none;&quot; title=&quot;container_a6e9652b-8183-4c09-b775-26196b09a300&quot; id=&quot;2_yui-u-grid-2_div_a6e9652b-8183-4c09-b775-26196b09a300&quot;&gt;#parseContainer(&apos;a6e9652b-8183-4c09-b775-26196b09a300&apos;)&#xd;
&lt;/div&gt;&lt;/div&gt;&lt;div class=&quot;yui-u-template&quot; id=&quot;2_yui-u-grid-3&quot;&gt;&lt;div class=&quot;addContainerSpan&quot;&gt;&lt;a href=&quot;javascript: showAddContainerDialog(&apos;2_yui-u-grid-3&apos;);&quot; title=&quot;Add Container&quot;&gt;&lt;span class=&quot;plusBlueIcon&quot;&gt;&lt;/span&gt;Add Container&lt;/a&gt;&lt;/div&gt;&lt;span class=&quot;titleContainerSpan&quot; id=&quot;2_yui-u-grid-3_span_8f17696b-4e25-46b6-94b1-66c849a28bbe&quot; title=&quot;container_8f17696b-4e25-46b6-94b1-66c849a28bbe&quot;&gt;&lt;div class=&quot;removeDiv&quot;&gt;&lt;a href=&quot;javascript: removeDrawedContainer(&apos;2_yui-u-grid-3&apos;,&apos;8f17696b-4e25-46b6-94b1-66c849a28bbe&apos;);&quot; title=&quot;Remove Container&quot;&gt;&lt;span class=&quot;minusIcon&quot;&gt;&lt;/span&gt;Remove Container&lt;/a&gt;&lt;/div&gt;&lt;div class=&quot;clear&quot;&gt;&lt;/div&gt;&lt;h2&gt;Container: Default 5 (Page Content)&lt;/h2&gt;&lt;p&gt;Lorem ipsum dolor sit amet, consectetur adipisicing elit, sed do eiusmod tempor incididunt ut labore et dolore magna aliqua. Ut enim ad minim veniam, quis nostrud exercitation ullamco laboris nisi ut aliquip ex ea commodo consequat.&lt;/p&gt;&lt;/span&gt;&lt;div style=&quot;display: none;&quot; title=&quot;container_8f17696b-4e25-46b6-94b1-66c849a28bbe&quot; id=&quot;2_yui-u-grid-3_div_8f17696b-4e25-46b6-94b1-66c849a28bbe&quot;&gt;#parseContainer(&apos;8f17696b-4e25-46b6-94b1-66c849a28bbe&apos;)&#xd;
&lt;/div&gt;&lt;/div&gt;&lt;/div&gt;&lt;/div&gt;&lt;/div&gt;&lt;/div&gt;&lt;div id=&quot;ft-template&quot;&gt;&lt;h1&gt;Footer&lt;/h1&gt;&lt;/div&gt;&lt;/div&gt;</drawedBody>
    <countAddContainer>6</countAddContainer>
    <countContainers>6</countContainers>
    <theme>619c85c6-726d-4ea5-870b-72e7272b7f3f</theme>
  </com.dotmarketing.portlets.templates.model.Template>
  <com.dotmarketing.portlets.templates.model.Template>
    <iDate class="sql-timestamp">2013-04-25 21:05:01.874</iDate>
    <type>template</type>
    <owner></owner>
    <inode>a9054d86-5368-4ae8-842b-dfbc097a1f6e</inode>
    <identifier>a9026cb3-f34e-4052-95b3-5dc087172677</identifier>
    <title>openBank - Body Page (2 column w/Side Nav)</title>
    <friendlyName>openBank - Body Page (2 column w/Side Nav)</friendlyName>
    <modDate class="sql-timestamp">2013-04-25 21:05:01.94</modDate>
    <modUser>dotcms.org.1</modUser>
    <sortOrder>0</sortOrder>
    <showOnMenu>false</showOnMenu>
    <body>&lt;html&gt;
 &lt;head&gt;
  #dotParse(&apos;//demo.dotcms.com/application/themes/openbank/html_head.vtl&apos;)
  &lt;link rel=&quot;stylesheet&quot; type=&quot;text/css&quot; href=&quot;/html/css/template/reset-fonts-grids.css&quot; /&gt;
 &lt;/head&gt;
 &lt;body&gt;
  &lt;div id=&quot;resp-template&quot; class=&quot;yui-t2-template&quot; name=&quot;globalContainer&quot;&gt;
   &lt;div id=&quot;hd-template&quot;&gt;
    #dotParse(&apos;//demo.dotcms.com/application/themes/openbank/header.vtl&apos;)
   &lt;/div&gt;
   &lt;div id=&quot;bd-template&quot;&gt;
    &lt;div id=&quot;yui-main-template&quot;&gt;
     &lt;div id=&quot;splitBody0&quot; class=&quot;yui-b-template&quot;&gt;
      #parseContainer(&apos;56bd55ea-b04b-480d-9e37-5d6f9217dcc3&apos;)
     &lt;/div&gt;
     &lt;div id=&quot;splitBody1&quot; class=&quot;yui-b-template&quot;&gt;
      &lt;div id=&quot;yui-g-template&quot; class=&quot;yui-g-template&quot;&gt;
       &lt;div id=&quot;1_yui-u-grid-1&quot; class=&quot;yui-u-template first&quot;&gt;
        #parseContainer(&apos;5eb11b21-6b13-4fb8-a823-1de20bba56c0&apos;)
       &lt;/div&gt;
       &lt;div id=&quot;1_yui-u-grid-2&quot; class=&quot;yui-u-template&quot;&gt;
        #parseContainer(&apos;f1ba7688-453c-4c0d-a214-e5ac802b8034&apos;)
       &lt;/div&gt;
      &lt;/div&gt;
     &lt;/div&gt;
    &lt;/div&gt;
    &lt;div style=&quot;height: 70%;&quot; id=&quot;yui-b2&quot; class=&quot;yui-b-template&quot;&gt;
     #parseContainer(&apos;b590d738-8bf9-42b0-a8dd-5787a4e20962&apos;)
    &lt;/div&gt;
   &lt;/div&gt;
   &lt;div id=&quot;ft-template&quot;&gt;
    #dotParse(&apos;//demo.dotcms.com/application/themes/openbank/footer.vtl&apos;)
   &lt;/div&gt;
  &lt;/div&gt;
 &lt;/body&gt;
&lt;/html&gt;</body>
    <image></image>
    <drawed>true</drawed>
    <drawedBody>&lt;div id=&quot;resp-template&quot; class=&quot;yui-t2-template&quot; name=&quot;globalContainer&quot;&gt;&lt;div id=&quot;hd-template&quot;&gt;&lt;h1&gt;Header&lt;/h1&gt;&lt;/div&gt;&lt;div id=&quot;bd-template&quot;&gt;&lt;div id=&quot;yui-main-template&quot;&gt;&lt;div id=&quot;splitBody0&quot; class=&quot;yui-b-template&quot;&gt;&lt;div class=&quot;addContainerSpan&quot;&gt;&lt;a href=&quot;javascript: showAddContainerDialog(&apos;splitBody0&apos;);&quot; title=&quot;Add Container&quot;&gt;&lt;span class=&quot;plusBlueIcon&quot;&gt;&lt;/span&gt;Add Container&lt;/a&gt;&lt;/div&gt;&lt;span title=&quot;container_56bd55ea-b04b-480d-9e37-5d6f9217dcc3&quot; id=&quot;splitBody0_span_56bd55ea-b04b-480d-9e37-5d6f9217dcc3&quot; class=&quot;titleContainerSpan&quot;&gt;&lt;div class=&quot;removeDiv&quot;&gt;&lt;a href=&quot;javascript: removeDrawedContainer(&apos;splitBody0&apos;,&apos;56bd55ea-b04b-480d-9e37-5d6f9217dcc3&apos;);&quot; title=&quot;Remove Container&quot;&gt;&lt;span class=&quot;minusIcon&quot;&gt;&lt;/span&gt;Remove Container&lt;/a&gt;&lt;/div&gt;&lt;div class=&quot;clear&quot;&gt;&lt;/div&gt;&lt;h2&gt;Container: Default 1 (Page Content)&lt;/h2&gt;&lt;p&gt;Lorem ipsum dolor sit amet, consectetur adipisicing elit, sed do eiusmod tempor incididunt ut labore et dolore magna aliqua. Ut enim ad minim veniam, quis nostrud exercitation ullamco laboris nisi ut aliquip ex ea commodo consequat.&lt;/p&gt;&lt;/span&gt;&lt;div id=&quot;splitBody0_div_56bd55ea-b04b-480d-9e37-5d6f9217dcc3&quot; title=&quot;container_56bd55ea-b04b-480d-9e37-5d6f9217dcc3&quot; style=&quot;display: none;&quot;&gt;#parseContainer(&apos;56bd55ea-b04b-480d-9e37-5d6f9217dcc3&apos;)&#xd;
&lt;/div&gt;&lt;/div&gt;&lt;div id=&quot;splitBody1&quot; class=&quot;yui-b-template&quot;&gt;&lt;div id=&quot;yui-g-template&quot; class=&quot;yui-g-template&quot;&gt;&lt;div id=&quot;1_yui-u-grid-1&quot; class=&quot;yui-u-template first&quot;&gt;&lt;div class=&quot;addContainerSpan&quot;&gt;&lt;a href=&quot;javascript: showAddContainerDialog(&apos;1_yui-u-grid-1&apos;);&quot; title=&quot;Add Container&quot;&gt;&lt;span class=&quot;plusBlueIcon&quot;&gt;&lt;/span&gt;Add Container&lt;/a&gt;&lt;/div&gt;&lt;span title=&quot;container_5eb11b21-6b13-4fb8-a823-1de20bba56c0&quot; id=&quot;1_yui-u-grid-1_span_5eb11b21-6b13-4fb8-a823-1de20bba56c0&quot; class=&quot;titleContainerSpan&quot;&gt;&lt;div class=&quot;removeDiv&quot;&gt;&lt;a href=&quot;javascript: removeDrawedContainer(&apos;1_yui-u-grid-1&apos;,&apos;5eb11b21-6b13-4fb8-a823-1de20bba56c0&apos;);&quot; title=&quot;Remove Container&quot;&gt;&lt;span class=&quot;minusIcon&quot;&gt;&lt;/span&gt;Remove Container&lt;/a&gt;&lt;/div&gt;&lt;div class=&quot;clear&quot;&gt;&lt;/div&gt;&lt;h2&gt;Container: Default 2 (Page Content)&lt;/h2&gt;&lt;p&gt;Lorem ipsum dolor sit amet, consectetur adipisicing elit, sed do eiusmod tempor incididunt ut labore et dolore magna aliqua. Ut enim ad minim veniam, quis nostrud exercitation ullamco laboris nisi ut aliquip ex ea commodo consequat.&lt;/p&gt;&lt;/span&gt;&lt;div id=&quot;1_yui-u-grid-1_div_5eb11b21-6b13-4fb8-a823-1de20bba56c0&quot; title=&quot;container_5eb11b21-6b13-4fb8-a823-1de20bba56c0&quot; style=&quot;display: none;&quot;&gt;#parseContainer(&apos;5eb11b21-6b13-4fb8-a823-1de20bba56c0&apos;)&#xd;
&lt;/div&gt;&lt;/div&gt;&lt;div id=&quot;1_yui-u-grid-2&quot; class=&quot;yui-u-template&quot;&gt;&lt;div class=&quot;addContainerSpan&quot;&gt;&lt;a href=&quot;javascript: showAddContainerDialog(&apos;1_yui-u-grid-2&apos;);&quot; title=&quot;Add Container&quot;&gt;&lt;span class=&quot;plusBlueIcon&quot;&gt;&lt;/span&gt;Add Container&lt;/a&gt;&lt;/div&gt;&lt;span title=&quot;container_f1ba7688-453c-4c0d-a214-e5ac802b8034&quot; id=&quot;1_yui-u-grid-2_span_f1ba7688-453c-4c0d-a214-e5ac802b8034&quot; class=&quot;titleContainerSpan&quot;&gt;&lt;div class=&quot;removeDiv&quot;&gt;&lt;a href=&quot;javascript: removeDrawedContainer(&apos;1_yui-u-grid-2&apos;,&apos;f1ba7688-453c-4c0d-a214-e5ac802b8034&apos;);&quot; title=&quot;Remove Container&quot;&gt;&lt;span class=&quot;minusIcon&quot;&gt;&lt;/span&gt;Remove Container&lt;/a&gt;&lt;/div&gt;&lt;div class=&quot;clear&quot;&gt;&lt;/div&gt;&lt;h2&gt;Container: Default 3 (Page Content)&lt;/h2&gt;&lt;p&gt;Lorem ipsum dolor sit amet, consectetur adipisicing elit, sed do eiusmod tempor incididunt ut labore et dolore magna aliqua. Ut enim ad minim veniam, quis nostrud exercitation ullamco laboris nisi ut aliquip ex ea commodo consequat.&lt;/p&gt;&lt;/span&gt;&lt;div id=&quot;1_yui-u-grid-2_div_f1ba7688-453c-4c0d-a214-e5ac802b8034&quot; title=&quot;container_f1ba7688-453c-4c0d-a214-e5ac802b8034&quot; style=&quot;display: none;&quot;&gt;#parseContainer(&apos;f1ba7688-453c-4c0d-a214-e5ac802b8034&apos;)&#xd;
&lt;/div&gt;&lt;/div&gt;&lt;/div&gt;&lt;/div&gt;&lt;/div&gt;&lt;div style=&quot;height: 70%;&quot; id=&quot;yui-b2&quot; class=&quot;yui-b-template&quot;&gt;&lt;div class=&quot;addContainerSpan&quot;&gt;&lt;a href=&quot;javascript: showAddContainerDialog(&apos;yui-b2&apos;);&quot; title=&quot;Add Container&quot;&gt;&lt;span class=&quot;plusBlueIcon&quot;&gt;&lt;/span&gt;Add Container&lt;/a&gt;&lt;/div&gt;&lt;span title=&quot;container_b590d738-8bf9-42b0-a8dd-5787a4e20962&quot; id=&quot;yui-b2_span_b590d738-8bf9-42b0-a8dd-5787a4e20962&quot; class=&quot;titleContainerSpan&quot;&gt;&lt;div class=&quot;removeDiv&quot;&gt;&lt;a href=&quot;javascript: removeDrawedContainer(&apos;yui-b2&apos;,&apos;b590d738-8bf9-42b0-a8dd-5787a4e20962&apos;);&quot; title=&quot;Remove Container&quot;&gt;&lt;span class=&quot;minusIcon&quot;&gt;&lt;/span&gt;Remove Container&lt;/a&gt;&lt;/div&gt;&lt;div class=&quot;clear&quot;&gt;&lt;/div&gt;&lt;h2&gt;Container: Sidebar Menu&lt;/h2&gt;&lt;p&gt;Lorem ipsum dolor sit amet, consectetur adipisicing elit, sed do eiusmod tempor incididunt ut labore et dolore magna aliqua. Ut enim ad minim veniam, quis nostrud exercitation ullamco laboris nisi ut aliquip ex ea commodo consequat.&lt;/p&gt;&lt;/span&gt;&lt;div id=&quot;yui-b2_div_b590d738-8bf9-42b0-a8dd-5787a4e20962&quot; title=&quot;container_b590d738-8bf9-42b0-a8dd-5787a4e20962&quot; style=&quot;display: none;&quot;&gt;#parseContainer(&apos;b590d738-8bf9-42b0-a8dd-5787a4e20962&apos;)&#xd;
&lt;/div&gt;&lt;/div&gt;&lt;/div&gt;&lt;div id=&quot;ft-template&quot;&gt;&lt;h1&gt;Footer&lt;/h1&gt;&lt;/div&gt;&lt;/div&gt;</drawedBody>
    <countAddContainer>4</countAddContainer>
    <countContainers>4</countContainers>
    <theme>619c85c6-726d-4ea5-870b-72e7272b7f3f</theme>
  </com.dotmarketing.portlets.templates.model.Template>
  <com.dotmarketing.portlets.templates.model.Template>
    <iDate class="sql-timestamp">2012-12-10 16:01:58.517</iDate>
    <type>template</type>
    <owner></owner>
    <inode>e4221826-9c2d-4fb3-bf6d-c600d0c78042</inode>
    <identifier>3622f559-7ea7-4b7a-96ce-1313f3b1a2f5</identifier>
    <title>Quest - Video page (1 Column, video header)</title>
    <friendlyName>Quest - Video page (1 Column, video header)</friendlyName>
    <modDate class="sql-timestamp">2012-12-10 16:01:58.569</modDate>
    <modUser>dotcms.org.1</modUser>
    <sortOrder>0</sortOrder>
    <showOnMenu>false</showOnMenu>
    <body>&lt;html&gt;
 &lt;head&gt;
  #dotParse(&apos;//demo.dotcms.com/application/themes/quest/html_head.vtl&apos;)
  &lt;link rel=&quot;stylesheet&quot; type=&quot;text/css&quot; href=&quot;/html/css/template/reset-fonts-grids.css&quot; /&gt;
 &lt;/head&gt;
 &lt;body&gt;
  &lt;div id=&quot;resp-template&quot; name=&quot;globalContainer&quot;&gt;
   &lt;div id=&quot;hd-template&quot;&gt;
    #dotParse(&apos;//demo.dotcms.com/application/themes/quest/header.vtl&apos;)
   &lt;/div&gt;
   &lt;div id=&quot;bd-template&quot;&gt;
    &lt;div id=&quot;yui-main-template&quot;&gt;
     &lt;div class=&quot;yui-b-template&quot; id=&quot;splitBody0&quot;&gt;
      #parseContainer(&apos;214d7269-242b-4cf5-a3d7-59052d81e540&apos;)
     &lt;/div&gt;
     &lt;div class=&quot;yui-b-template&quot; id=&quot;splitBody1&quot;&gt;
      #parseContainer(&apos;56bd55ea-b04b-480d-9e37-5d6f9217dcc3&apos;)
     &lt;/div&gt;
    &lt;/div&gt;
   &lt;/div&gt;
   &lt;div id=&quot;ft-template&quot;&gt;
    #dotParse(&apos;//demo.dotcms.com/application/themes/quest/footer.vtl&apos;)
   &lt;/div&gt;
  &lt;/div&gt;
 &lt;/body&gt;
&lt;/html&gt;</body>
    <image></image>
    <drawed>true</drawed>
    <drawedBody>&lt;div id=&quot;resp-template&quot; name=&quot;globalContainer&quot;&gt;&lt;div id=&quot;hd-template&quot;&gt;&lt;h1&gt;Header&lt;/h1&gt;&lt;/div&gt;&lt;div id=&quot;bd-template&quot;&gt;&lt;div id=&quot;yui-main-template&quot;&gt;&lt;div class=&quot;yui-b-template&quot; id=&quot;splitBody0&quot;&gt;&lt;div class=&quot;addContainerSpan&quot;&gt;&lt;a href=&quot;javascript: showAddContainerDialog(&apos;splitBody0&apos;);&quot; title=&quot;Add Container&quot;&gt;&lt;span class=&quot;plusBlueIcon&quot;&gt;&lt;/span&gt;Add Container&lt;/a&gt;&lt;/div&gt;&lt;span class=&quot;titleContainerSpan&quot; id=&quot;splitBody0_span_214d7269-242b-4cf5-a3d7-59052d81e540&quot; title=&quot;container_214d7269-242b-4cf5-a3d7-59052d81e540&quot;&gt;&lt;div class=&quot;removeDiv&quot;&gt;&lt;a href=&quot;javascript: removeDrawedContainer(&apos;splitBody0&apos;,&apos;214d7269-242b-4cf5-a3d7-59052d81e540&apos;);&quot; title=&quot;Remove Container&quot;&gt;&lt;span class=&quot;minusIcon&quot;&gt;&lt;/span&gt;Remove Container&lt;/a&gt;&lt;/div&gt;&lt;div class=&quot;clear&quot;&gt;&lt;/div&gt;&lt;h2&gt;Container: Featured Video&lt;/h2&gt;&lt;p&gt;Lorem ipsum dolor sit amet, consectetur adipisicing elit, sed do eiusmod tempor incididunt ut labore et dolore magna aliqua. Ut enim ad minim veniam, quis nostrud exercitation ullamco laboris nisi ut aliquip ex ea commodo consequat.&lt;/p&gt;&lt;/span&gt;&lt;div style=&quot;display: none;&quot; title=&quot;container_214d7269-242b-4cf5-a3d7-59052d81e540&quot; id=&quot;splitBody0_div_214d7269-242b-4cf5-a3d7-59052d81e540&quot;&gt;#parseContainer(&apos;214d7269-242b-4cf5-a3d7-59052d81e540&apos;)&#xd;
&lt;/div&gt;&lt;/div&gt;&lt;div class=&quot;yui-b-template&quot; id=&quot;splitBody1&quot;&gt;&lt;div class=&quot;addContainerSpan&quot;&gt;&lt;a href=&quot;javascript: showAddContainerDialog(&apos;splitBody1&apos;);&quot; title=&quot;Add Container&quot;&gt;&lt;span class=&quot;plusBlueIcon&quot;&gt;&lt;/span&gt;Add Container&lt;/a&gt;&lt;/div&gt;&lt;span class=&quot;titleContainerSpan&quot; id=&quot;splitBody1_span_56bd55ea-b04b-480d-9e37-5d6f9217dcc3&quot; title=&quot;container_56bd55ea-b04b-480d-9e37-5d6f9217dcc3&quot;&gt;&lt;div class=&quot;removeDiv&quot;&gt;&lt;a href=&quot;javascript: removeDrawedContainer(&apos;splitBody1&apos;,&apos;56bd55ea-b04b-480d-9e37-5d6f9217dcc3&apos;);&quot; title=&quot;Remove Container&quot;&gt;&lt;span class=&quot;minusIcon&quot;&gt;&lt;/span&gt;Remove Container&lt;/a&gt;&lt;/div&gt;&lt;div class=&quot;clear&quot;&gt;&lt;/div&gt;&lt;h2&gt;Container: Default 1 (Page Content)&lt;/h2&gt;&lt;p&gt;Lorem ipsum dolor sit amet, consectetur adipisicing elit, sed do eiusmod tempor incididunt ut labore et dolore magna aliqua. Ut enim ad minim veniam, quis nostrud exercitation ullamco laboris nisi ut aliquip ex ea commodo consequat.&lt;/p&gt;&lt;/span&gt;&lt;div style=&quot;display: none;&quot; title=&quot;container_56bd55ea-b04b-480d-9e37-5d6f9217dcc3&quot; id=&quot;splitBody1_div_56bd55ea-b04b-480d-9e37-5d6f9217dcc3&quot;&gt;#parseContainer(&apos;56bd55ea-b04b-480d-9e37-5d6f9217dcc3&apos;)&#xd;
&lt;/div&gt;&lt;/div&gt;&lt;/div&gt;&lt;/div&gt;&lt;div id=&quot;ft-template&quot;&gt;&lt;h1&gt;Footer&lt;/h1&gt;&lt;/div&gt;&lt;/div&gt;</drawedBody>
    <countAddContainer>2</countAddContainer>
    <countContainers>2</countContainers>
    <theme>d086b0af-51ce-4e98-b29f-9b9fe6bf35c7</theme>
  </com.dotmarketing.portlets.templates.model.Template>
  <com.dotmarketing.portlets.templates.model.Template>
    <iDate class="sql-timestamp">2012-12-10 16:02:05.995</iDate>
    <type>template</type>
    <owner></owner>
    <inode>c35f94df-2355-4e85-a6a2-103f64d703b9</inode>
    <identifier>ade7c405-fb68-437b-bb38-b0b04502861e</identifier>
    <title>Quest - Intranet Homepage</title>
    <friendlyName>Intranet Homepage</friendlyName>
    <modDate class="sql-timestamp">2012-12-10 16:02:06.053</modDate>
    <modUser>dotcms.org.1</modUser>
    <sortOrder>0</sortOrder>
    <showOnMenu>false</showOnMenu>
    <body>&lt;html&gt;
 &lt;head&gt;
  #dotParse(&apos;//demo.dotcms.com/application/themes/quest/html_head.vtl&apos;)
  &lt;link rel=&quot;stylesheet&quot; type=&quot;text/css&quot; href=&quot;/html/css/template/reset-fonts-grids.css&quot; /&gt;
 &lt;/head&gt;
 &lt;body&gt;
  &lt;div id=&quot;resp-template&quot; name=&quot;globalContainer&quot;&gt;
   &lt;div id=&quot;hd-template&quot;&gt;
    #dotParse(&apos;//demo.dotcms.com/application/themes/quest/header.vtl&apos;)
   &lt;/div&gt;
   &lt;div id=&quot;bd-template&quot;&gt;
    &lt;div id=&quot;yui-main-template&quot;&gt;
     &lt;div id=&quot;splitBody0&quot; class=&quot;yui-b-template&quot;&gt;
      &lt;div id=&quot;yui-gf-template&quot; class=&quot;yui-gf-template&quot;&gt;
       &lt;div id=&quot;0_yui-u-grid-1&quot; class=&quot;yui-u-template first&quot;&gt;
        #parseContainer(&apos;a6e9652b-8183-4c09-b775-26196b09a300&apos;)
       &lt;/div&gt;
       &lt;div id=&quot;0_yui-u-grid-2&quot; class=&quot;yui-u-template&quot;&gt;
        #parseContainer(&apos;8f17696b-4e25-46b6-94b1-66c849a28bbe&apos;)
       &lt;/div&gt;
      &lt;/div&gt;
     &lt;/div&gt;
     &lt;div id=&quot;splitBody1&quot; class=&quot;yui-b-template&quot;&gt;
      &lt;div id=&quot;yui-ge-template&quot; class=&quot;yui-ge-template&quot;&gt;
       &lt;div id=&quot;1_yui-u-grid-1&quot; class=&quot;yui-u-template first&quot;&gt;
        #parseContainer(&apos;56bd55ea-b04b-480d-9e37-5d6f9217dcc3&apos;)
       &lt;/div&gt;
       &lt;div id=&quot;1_yui-u-grid-2&quot; class=&quot;yui-u-template&quot;&gt;
        #parseContainer(&apos;5eb11b21-6b13-4fb8-a823-1de20bba56c0&apos;)
       &lt;/div&gt;
      &lt;/div&gt;
     &lt;/div&gt;
    &lt;/div&gt;
   &lt;/div&gt;
   &lt;div id=&quot;ft-template&quot;&gt;
    #dotParse(&apos;//demo.dotcms.com/application/themes/quest/footer.vtl&apos;)
   &lt;/div&gt;
  &lt;/div&gt;
 &lt;/body&gt;
&lt;/html&gt;</body>
    <image></image>
    <drawed>true</drawed>
    <drawedBody>&lt;div id=&quot;resp-template&quot; name=&quot;globalContainer&quot;&gt;&lt;div id=&quot;hd-template&quot;&gt;&lt;h1&gt;Header&lt;/h1&gt;&lt;/div&gt;&lt;div id=&quot;bd-template&quot;&gt;&lt;div id=&quot;yui-main-template&quot;&gt;&lt;div id=&quot;splitBody0&quot; class=&quot;yui-b-template&quot;&gt;&lt;div id=&quot;yui-gf-template&quot; class=&quot;yui-gf-template&quot;&gt;&lt;div id=&quot;0_yui-u-grid-1&quot; class=&quot;yui-u-template first&quot;&gt;&lt;div class=&quot;addContainerSpan&quot;&gt;&lt;a href=&quot;javascript: showAddContainerDialog(&apos;0_yui-u-grid-1&apos;);&quot; title=&quot;Add Container&quot;&gt;&lt;span class=&quot;plusBlueIcon&quot;&gt;&lt;/span&gt;Add Container&lt;/a&gt;&lt;/div&gt;&lt;span title=&quot;container_a6e9652b-8183-4c09-b775-26196b09a300&quot; id=&quot;0_yui-u-grid-1_span_a6e9652b-8183-4c09-b775-26196b09a300&quot; class=&quot;titleContainerSpan&quot;&gt;&lt;div class=&quot;removeDiv&quot;&gt;&lt;a href=&quot;javascript: removeDrawedContainer(&apos;0_yui-u-grid-1&apos;,&apos;a6e9652b-8183-4c09-b775-26196b09a300&apos;);&quot; title=&quot;Remove Container&quot;&gt;&lt;span class=&quot;minusIcon&quot;&gt;&lt;/span&gt;Remove Container&lt;/a&gt;&lt;/div&gt;&lt;div class=&quot;clear&quot;&gt;&lt;/div&gt;&lt;h2&gt;Container: Default 4 (Page Content)&lt;/h2&gt;&lt;p&gt;Lorem ipsum dolor sit amet, consectetur adipisicing elit, sed do eiusmod tempor incididunt ut labore et dolore magna aliqua. Ut enim ad minim veniam, quis nostrud exercitation ullamco laboris nisi ut aliquip ex ea commodo consequat.&lt;/p&gt;&lt;/span&gt;&lt;div id=&quot;0_yui-u-grid-1_div_a6e9652b-8183-4c09-b775-26196b09a300&quot; title=&quot;container_a6e9652b-8183-4c09-b775-26196b09a300&quot; style=&quot;display: none;&quot;&gt;#parseContainer(&apos;a6e9652b-8183-4c09-b775-26196b09a300&apos;)&#xd;
&lt;/div&gt;&lt;/div&gt;&lt;div id=&quot;0_yui-u-grid-2&quot; class=&quot;yui-u-template&quot;&gt;&lt;div class=&quot;addContainerSpan&quot;&gt;&lt;a href=&quot;javascript: showAddContainerDialog(&apos;0_yui-u-grid-2&apos;);&quot; title=&quot;Add Container&quot;&gt;&lt;span class=&quot;plusBlueIcon&quot;&gt;&lt;/span&gt;Add Container&lt;/a&gt;&lt;/div&gt;&lt;span title=&quot;container_8f17696b-4e25-46b6-94b1-66c849a28bbe&quot; id=&quot;0_yui-u-grid-2_span_8f17696b-4e25-46b6-94b1-66c849a28bbe&quot; class=&quot;titleContainerSpan&quot;&gt;&lt;div class=&quot;removeDiv&quot;&gt;&lt;a href=&quot;javascript: removeDrawedContainer(&apos;0_yui-u-grid-2&apos;,&apos;8f17696b-4e25-46b6-94b1-66c849a28bbe&apos;);&quot; title=&quot;Remove Container&quot;&gt;&lt;span class=&quot;minusIcon&quot;&gt;&lt;/span&gt;Remove Container&lt;/a&gt;&lt;/div&gt;&lt;div class=&quot;clear&quot;&gt;&lt;/div&gt;&lt;h2&gt;Container: Default 5 (Page Content)&lt;/h2&gt;&lt;p&gt;Lorem ipsum dolor sit amet, consectetur adipisicing elit, sed do eiusmod tempor incididunt ut labore et dolore magna aliqua. Ut enim ad minim veniam, quis nostrud exercitation ullamco laboris nisi ut aliquip ex ea commodo consequat.&lt;/p&gt;&lt;/span&gt;&lt;div id=&quot;0_yui-u-grid-2_div_8f17696b-4e25-46b6-94b1-66c849a28bbe&quot; title=&quot;container_8f17696b-4e25-46b6-94b1-66c849a28bbe&quot; style=&quot;display: none;&quot;&gt;#parseContainer(&apos;8f17696b-4e25-46b6-94b1-66c849a28bbe&apos;)&#xd;
&lt;/div&gt;&lt;/div&gt;&lt;/div&gt;&lt;/div&gt;&lt;div id=&quot;splitBody1&quot; class=&quot;yui-b-template&quot;&gt;&lt;div id=&quot;yui-ge-template&quot; class=&quot;yui-ge-template&quot;&gt;&lt;div id=&quot;1_yui-u-grid-1&quot; class=&quot;yui-u-template first&quot;&gt;&lt;div class=&quot;addContainerSpan&quot;&gt;&lt;a href=&quot;javascript: showAddContainerDialog(&apos;1_yui-u-grid-1&apos;);&quot; title=&quot;Add Container&quot;&gt;&lt;span class=&quot;plusBlueIcon&quot;&gt;&lt;/span&gt;Add Container&lt;/a&gt;&lt;/div&gt;&lt;span title=&quot;container_56bd55ea-b04b-480d-9e37-5d6f9217dcc3&quot; id=&quot;1_yui-u-grid-1_span_56bd55ea-b04b-480d-9e37-5d6f9217dcc3&quot; class=&quot;titleContainerSpan&quot;&gt;&lt;div class=&quot;removeDiv&quot;&gt;&lt;a href=&quot;javascript: removeDrawedContainer(&apos;1_yui-u-grid-1&apos;,&apos;56bd55ea-b04b-480d-9e37-5d6f9217dcc3&apos;);&quot; title=&quot;Remove Container&quot;&gt;&lt;span class=&quot;minusIcon&quot;&gt;&lt;/span&gt;Remove Container&lt;/a&gt;&lt;/div&gt;&lt;div class=&quot;clear&quot;&gt;&lt;/div&gt;&lt;h2&gt;Container: Default 1 (Page Content)&lt;/h2&gt;&lt;p&gt;Lorem ipsum dolor sit amet, consectetur adipisicing elit, sed do eiusmod tempor incididunt ut labore et dolore magna aliqua. Ut enim ad minim veniam, quis nostrud exercitation ullamco laboris nisi ut aliquip ex ea commodo consequat.&lt;/p&gt;&lt;/span&gt;&lt;div id=&quot;1_yui-u-grid-1_div_56bd55ea-b04b-480d-9e37-5d6f9217dcc3&quot; title=&quot;container_56bd55ea-b04b-480d-9e37-5d6f9217dcc3&quot; style=&quot;display: none;&quot;&gt;#parseContainer(&apos;56bd55ea-b04b-480d-9e37-5d6f9217dcc3&apos;)&#xd;
&lt;/div&gt;&lt;/div&gt;&lt;div id=&quot;1_yui-u-grid-2&quot; class=&quot;yui-u-template&quot;&gt;&lt;div class=&quot;addContainerSpan&quot;&gt;&lt;a href=&quot;javascript: showAddContainerDialog(&apos;1_yui-u-grid-2&apos;);&quot; title=&quot;Add Container&quot;&gt;&lt;span class=&quot;plusBlueIcon&quot;&gt;&lt;/span&gt;Add Container&lt;/a&gt;&lt;/div&gt;&lt;span title=&quot;container_5eb11b21-6b13-4fb8-a823-1de20bba56c0&quot; id=&quot;1_yui-u-grid-2_span_5eb11b21-6b13-4fb8-a823-1de20bba56c0&quot; class=&quot;titleContainerSpan&quot;&gt;&lt;div class=&quot;removeDiv&quot;&gt;&lt;a href=&quot;javascript: removeDrawedContainer(&apos;1_yui-u-grid-2&apos;,&apos;5eb11b21-6b13-4fb8-a823-1de20bba56c0&apos;);&quot; title=&quot;Remove Container&quot;&gt;&lt;span class=&quot;minusIcon&quot;&gt;&lt;/span&gt;Remove Container&lt;/a&gt;&lt;/div&gt;&lt;div class=&quot;clear&quot;&gt;&lt;/div&gt;&lt;h2&gt;Container: Default 2 (Page Content)&lt;/h2&gt;&lt;p&gt;Lorem ipsum dolor sit amet, consectetur adipisicing elit, sed do eiusmod tempor incididunt ut labore et dolore magna aliqua. Ut enim ad minim veniam, quis nostrud exercitation ullamco laboris nisi ut aliquip ex ea commodo consequat.&lt;/p&gt;&lt;/span&gt;&lt;div id=&quot;1_yui-u-grid-2_div_5eb11b21-6b13-4fb8-a823-1de20bba56c0&quot; title=&quot;container_5eb11b21-6b13-4fb8-a823-1de20bba56c0&quot; style=&quot;display: none;&quot;&gt;#parseContainer(&apos;5eb11b21-6b13-4fb8-a823-1de20bba56c0&apos;)&#xd;
&lt;/div&gt;&lt;/div&gt;&lt;/div&gt;&lt;/div&gt;&lt;/div&gt;&lt;/div&gt;&lt;div id=&quot;ft-template&quot;&gt;&lt;h1&gt;Footer&lt;/h1&gt;&lt;/div&gt;&lt;/div&gt;</drawedBody>
    <countAddContainer>4</countAddContainer>
    <countContainers>4</countContainers>
    <theme>d086b0af-51ce-4e98-b29f-9b9fe6bf35c7</theme>
  </com.dotmarketing.portlets.templates.model.Template>
  <com.dotmarketing.portlets.templates.model.Template>
    <iDate class="sql-timestamp">2013-04-25 21:04:53.037</iDate>
    <type>template</type>
    <owner></owner>
    <inode>48cc1da7-b4dc-4cff-b77e-1c679286b1ef</inode>
    <identifier>32d79748-2172-47f9-a407-8395f41c9d5e</identifier>
    <title>Quest - Homepage</title>
    <friendlyName>Quest - Homepage</friendlyName>
    <modDate class="sql-timestamp">2013-04-25 21:04:53.213</modDate>
    <modUser>dotcms.org.1</modUser>
    <sortOrder>0</sortOrder>
    <showOnMenu>false</showOnMenu>
    <body>&lt;html&gt;
 &lt;head&gt;
  #dotParse(&apos;//demo.dotcms.com/application/themes/quest/html_head.vtl&apos;)
  &lt;link rel=&quot;stylesheet&quot; type=&quot;text/css&quot; href=&quot;/html/css/template/reset-fonts-grids.css&quot; /&gt;
 &lt;/head&gt;
 &lt;body&gt;
  &lt;div id=&quot;resp-template&quot; name=&quot;globalContainer&quot;&gt;
   &lt;div id=&quot;hd-template&quot;&gt;
    #dotParse(&apos;//demo.dotcms.com/application/themes/quest/header.vtl&apos;)
   &lt;/div&gt;
   &lt;div id=&quot;bd-template&quot;&gt;
    &lt;div id=&quot;yui-main-template&quot;&gt;
     &lt;div class=&quot;yui-b-template&quot; id=&quot;splitBody0&quot;&gt;
      #parseContainer(&apos;6a12bbda-0ae2-4121-a98b-ad8069eaff3a&apos;)
     &lt;/div&gt;
     &lt;div class=&quot;yui-b-template&quot; id=&quot;splitBody1&quot;&gt;
      #parseContainer(&apos;3f0255e8-b45d-46ea-8bb7-eb6597db4c1e&apos;)
     &lt;/div&gt;
     &lt;div class=&quot;yui-b-template&quot; id=&quot;splitBody2&quot;&gt;
      &lt;div class=&quot;yui-gc-template&quot; id=&quot;yui-gc-template&quot;&gt;
       &lt;div class=&quot;yui-u-template first&quot; id=&quot;2_yui-u-grid-1&quot;&gt;
        #parseContainer(&apos;56bd55ea-b04b-480d-9e37-5d6f9217dcc3&apos;)
       &lt;/div&gt;
       &lt;div class=&quot;yui-u-template&quot; id=&quot;2_yui-u-grid-2&quot;&gt;
        #parseContainer(&apos;ab7d4317-68da-45ea-addc-9a57c69b8a24&apos;)
       &lt;/div&gt;
      &lt;/div&gt;
     &lt;/div&gt;
     &lt;div class=&quot;yui-b-template&quot; id=&quot;splitBody3&quot;&gt;
      &lt;div class=&quot;yui-gb-template&quot; id=&quot;yui-gb-template&quot;&gt;
       &lt;div class=&quot;yui-u-template first&quot; id=&quot;3_yui-u-grid-1&quot;&gt;
        #parseContainer(&apos;5eb11b21-6b13-4fb8-a823-1de20bba56c0&apos;)
       &lt;/div&gt;
       &lt;div class=&quot;yui-u-template&quot; id=&quot;3_yui-u-grid-2&quot;&gt;
        #parseContainer(&apos;f1ba7688-453c-4c0d-a214-e5ac802b8034&apos;)
       &lt;/div&gt;
       &lt;div class=&quot;yui-u-template&quot; id=&quot;3_yui-u-grid-3&quot;&gt;
        #parseContainer(&apos;a6e9652b-8183-4c09-b775-26196b09a300&apos;)
       &lt;/div&gt;
      &lt;/div&gt;
     &lt;/div&gt;
    &lt;/div&gt;
   &lt;/div&gt;
   &lt;div id=&quot;ft-template&quot;&gt;
    #dotParse(&apos;//demo.dotcms.com/application/themes/quest/footer.vtl&apos;)
   &lt;/div&gt;
  &lt;/div&gt;
 &lt;/body&gt;
&lt;/html&gt;</body>
    <image></image>
    <drawed>true</drawed>
    <drawedBody>&lt;div id=&quot;resp-template&quot; name=&quot;globalContainer&quot;&gt;&lt;div id=&quot;hd-template&quot;&gt;&lt;h1&gt;Header&lt;/h1&gt;&lt;/div&gt;&lt;div id=&quot;bd-template&quot;&gt;&lt;div id=&quot;yui-main-template&quot;&gt;&lt;div class=&quot;yui-b-template&quot; id=&quot;splitBody0&quot;&gt;&lt;div class=&quot;addContainerSpan&quot;&gt;&lt;a href=&quot;javascript: showAddContainerDialog(&apos;splitBody0&apos;);&quot; title=&quot;Add Container&quot;&gt;&lt;span class=&quot;plusBlueIcon&quot;&gt;&lt;/span&gt;Add Container&lt;/a&gt;&lt;/div&gt;&lt;span class=&quot;titleContainerSpan&quot; id=&quot;splitBody0_span_6a12bbda-0ae2-4121-a98b-ad8069eaff3a&quot; title=&quot;container_6a12bbda-0ae2-4121-a98b-ad8069eaff3a&quot;&gt;&lt;div class=&quot;removeDiv&quot;&gt;&lt;a href=&quot;javascript: removeDrawedContainer(&apos;splitBody0&apos;,&apos;6a12bbda-0ae2-4121-a98b-ad8069eaff3a&apos;);&quot; title=&quot;Remove Container&quot;&gt;&lt;span class=&quot;minusIcon&quot;&gt;&lt;/span&gt;Remove Container&lt;/a&gt;&lt;/div&gt;&lt;div class=&quot;clear&quot;&gt;&lt;/div&gt;&lt;h2&gt;Container: Banner (Homepage)&lt;/h2&gt;&lt;p&gt;Lorem ipsum dolor sit amet, consectetur adipisicing elit, sed do eiusmod tempor incididunt ut labore et dolore magna aliqua. Ut enim ad minim veniam, quis nostrud exercitation ullamco laboris nisi ut aliquip ex ea commodo consequat.&lt;/p&gt;&lt;/span&gt;&lt;div style=&quot;display: none;&quot; title=&quot;container_6a12bbda-0ae2-4121-a98b-ad8069eaff3a&quot; id=&quot;splitBody0_div_6a12bbda-0ae2-4121-a98b-ad8069eaff3a&quot;&gt;#parseContainer(&apos;6a12bbda-0ae2-4121-a98b-ad8069eaff3a&apos;)&#xd;
&lt;/div&gt;&lt;/div&gt;&lt;div class=&quot;yui-b-template&quot; id=&quot;splitBody1&quot;&gt;&lt;div class=&quot;addContainerSpan&quot;&gt;&lt;a href=&quot;javascript: showAddContainerDialog(&apos;splitBody1&apos;);&quot; title=&quot;Add Container&quot;&gt;&lt;span class=&quot;plusBlueIcon&quot;&gt;&lt;/span&gt;Add Container&lt;/a&gt;&lt;/div&gt;&lt;span class=&quot;titleContainerSpan&quot; id=&quot;splitBody1_span_3f0255e8-b45d-46ea-8bb7-eb6597db4c1e&quot; title=&quot;container_3f0255e8-b45d-46ea-8bb7-eb6597db4c1e&quot;&gt;&lt;div class=&quot;removeDiv&quot;&gt;&lt;a href=&quot;javascript: removeDrawedContainer(&apos;splitBody1&apos;,&apos;3f0255e8-b45d-46ea-8bb7-eb6597db4c1e&apos;);&quot; title=&quot;Remove Container&quot;&gt;&lt;span class=&quot;minusIcon&quot;&gt;&lt;/span&gt;Remove Container&lt;/a&gt;&lt;/div&gt;&lt;div class=&quot;clear&quot;&gt;&lt;/div&gt;&lt;h2&gt;Container: Promotions (Homepage)&lt;/h2&gt;&lt;p&gt;Lorem ipsum dolor sit amet, consectetur adipisicing elit, sed do eiusmod tempor incididunt ut labore et dolore magna aliqua. Ut enim ad minim veniam, quis nostrud exercitation ullamco laboris nisi ut aliquip ex ea commodo consequat.&lt;/p&gt;&lt;/span&gt;&lt;div style=&quot;display: none;&quot; title=&quot;container_3f0255e8-b45d-46ea-8bb7-eb6597db4c1e&quot; id=&quot;splitBody1_div_3f0255e8-b45d-46ea-8bb7-eb6597db4c1e&quot;&gt;#parseContainer(&apos;3f0255e8-b45d-46ea-8bb7-eb6597db4c1e&apos;)&#xd;
&lt;/div&gt;&lt;/div&gt;&lt;div class=&quot;yui-b-template&quot; id=&quot;splitBody2&quot;&gt;&lt;div class=&quot;yui-gc-template&quot; id=&quot;yui-gc-template&quot;&gt;&lt;div class=&quot;yui-u-template first&quot; id=&quot;2_yui-u-grid-1&quot;&gt;&lt;div class=&quot;addContainerSpan&quot;&gt;&lt;a href=&quot;javascript: showAddContainerDialog(&apos;2_yui-u-grid-1&apos;);&quot; title=&quot;Add Container&quot;&gt;&lt;span class=&quot;plusBlueIcon&quot;&gt;&lt;/span&gt;Add Container&lt;/a&gt;&lt;/div&gt;&lt;span class=&quot;titleContainerSpan&quot; id=&quot;2_yui-u-grid-1_span_56bd55ea-b04b-480d-9e37-5d6f9217dcc3&quot; title=&quot;container_56bd55ea-b04b-480d-9e37-5d6f9217dcc3&quot;&gt;&lt;div class=&quot;removeDiv&quot;&gt;&lt;a href=&quot;javascript: removeDrawedContainer(&apos;2_yui-u-grid-1&apos;,&apos;56bd55ea-b04b-480d-9e37-5d6f9217dcc3&apos;);&quot; title=&quot;Remove Container&quot;&gt;&lt;span class=&quot;minusIcon&quot;&gt;&lt;/span&gt;Remove Container&lt;/a&gt;&lt;/div&gt;&lt;div class=&quot;clear&quot;&gt;&lt;/div&gt;&lt;h2&gt;Container: Default 1 (Page Content)&lt;/h2&gt;&lt;p&gt;Lorem ipsum dolor sit amet, consectetur adipisicing elit, sed do eiusmod tempor incididunt ut labore et dolore magna aliqua. Ut enim ad minim veniam, quis nostrud exercitation ullamco laboris nisi ut aliquip ex ea commodo consequat.&lt;/p&gt;&lt;/span&gt;&lt;div style=&quot;display: none;&quot; title=&quot;container_56bd55ea-b04b-480d-9e37-5d6f9217dcc3&quot; id=&quot;2_yui-u-grid-1_div_56bd55ea-b04b-480d-9e37-5d6f9217dcc3&quot;&gt;#parseContainer(&apos;56bd55ea-b04b-480d-9e37-5d6f9217dcc3&apos;)&#xd;
&lt;/div&gt;&lt;/div&gt;&lt;div class=&quot;yui-u-template&quot; id=&quot;2_yui-u-grid-2&quot;&gt;&lt;div class=&quot;addContainerSpan&quot;&gt;&lt;a href=&quot;javascript: showAddContainerDialog(&apos;2_yui-u-grid-2&apos;);&quot; title=&quot;Add Container&quot;&gt;&lt;span class=&quot;plusBlueIcon&quot;&gt;&lt;/span&gt;Add Container&lt;/a&gt;&lt;/div&gt;&lt;span class=&quot;titleContainerSpan&quot; id=&quot;2_yui-u-grid-2_span_ab7d4317-68da-45ea-addc-9a57c69b8a24&quot; title=&quot;container_ab7d4317-68da-45ea-addc-9a57c69b8a24&quot;&gt;&lt;div class=&quot;removeDiv&quot;&gt;&lt;a href=&quot;javascript: removeDrawedContainer(&apos;2_yui-u-grid-2&apos;,&apos;ab7d4317-68da-45ea-addc-9a57c69b8a24&apos;);&quot; title=&quot;Remove Container&quot;&gt;&lt;span class=&quot;minusIcon&quot;&gt;&lt;/span&gt;Remove Container&lt;/a&gt;&lt;/div&gt;&lt;div class=&quot;clear&quot;&gt;&lt;/div&gt;&lt;h2&gt;Container: Media&lt;/h2&gt;&lt;p&gt;Lorem ipsum dolor sit amet, consectetur adipisicing elit, sed do eiusmod tempor incididunt ut labore et dolore magna aliqua. Ut enim ad minim veniam, quis nostrud exercitation ullamco laboris nisi ut aliquip ex ea commodo consequat.&lt;/p&gt;&lt;/span&gt;&lt;div style=&quot;display: none;&quot; title=&quot;container_ab7d4317-68da-45ea-addc-9a57c69b8a24&quot; id=&quot;2_yui-u-grid-2_div_ab7d4317-68da-45ea-addc-9a57c69b8a24&quot;&gt;#parseContainer(&apos;ab7d4317-68da-45ea-addc-9a57c69b8a24&apos;)&#xd;
&lt;/div&gt;&lt;/div&gt;&lt;/div&gt;&lt;/div&gt;&lt;div class=&quot;yui-b-template&quot; id=&quot;splitBody3&quot;&gt;&lt;div class=&quot;yui-gb-template&quot; id=&quot;yui-gb-template&quot;&gt;&lt;div class=&quot;yui-u-template first&quot; id=&quot;3_yui-u-grid-1&quot;&gt;&lt;div class=&quot;addContainerSpan&quot;&gt;&lt;a href=&quot;javascript: showAddContainerDialog(&apos;3_yui-u-grid-1&apos;);&quot; title=&quot;Add Container&quot;&gt;&lt;span class=&quot;plusBlueIcon&quot;&gt;&lt;/span&gt;Add Container&lt;/a&gt;&lt;/div&gt;&lt;span class=&quot;titleContainerSpan&quot; id=&quot;3_yui-u-grid-1_span_5eb11b21-6b13-4fb8-a823-1de20bba56c0&quot; title=&quot;container_5eb11b21-6b13-4fb8-a823-1de20bba56c0&quot;&gt;&lt;div class=&quot;removeDiv&quot;&gt;&lt;a href=&quot;javascript: removeDrawedContainer(&apos;3_yui-u-grid-1&apos;,&apos;5eb11b21-6b13-4fb8-a823-1de20bba56c0&apos;);&quot; title=&quot;Remove Container&quot;&gt;&lt;span class=&quot;minusIcon&quot;&gt;&lt;/span&gt;Remove Container&lt;/a&gt;&lt;/div&gt;&lt;div class=&quot;clear&quot;&gt;&lt;/div&gt;&lt;h2&gt;Container: Default 2 (Page Content)&lt;/h2&gt;&lt;p&gt;Lorem ipsum dolor sit amet, consectetur adipisicing elit, sed do eiusmod tempor incididunt ut labore et dolore magna aliqua. Ut enim ad minim veniam, quis nostrud exercitation ullamco laboris nisi ut aliquip ex ea commodo consequat.&lt;/p&gt;&lt;/span&gt;&lt;div style=&quot;display: none;&quot; title=&quot;container_5eb11b21-6b13-4fb8-a823-1de20bba56c0&quot; id=&quot;3_yui-u-grid-1_div_5eb11b21-6b13-4fb8-a823-1de20bba56c0&quot;&gt;#parseContainer(&apos;5eb11b21-6b13-4fb8-a823-1de20bba56c0&apos;)&#xd;
&lt;/div&gt;&lt;/div&gt;&lt;div class=&quot;yui-u-template&quot; id=&quot;3_yui-u-grid-2&quot;&gt;&lt;div class=&quot;addContainerSpan&quot;&gt;&lt;a href=&quot;javascript: showAddContainerDialog(&apos;3_yui-u-grid-2&apos;);&quot; title=&quot;Add Container&quot;&gt;&lt;span class=&quot;plusBlueIcon&quot;&gt;&lt;/span&gt;Add Container&lt;/a&gt;&lt;/div&gt;&lt;span class=&quot;titleContainerSpan&quot; id=&quot;3_yui-u-grid-2_span_f1ba7688-453c-4c0d-a214-e5ac802b8034&quot; title=&quot;container_f1ba7688-453c-4c0d-a214-e5ac802b8034&quot;&gt;&lt;div class=&quot;removeDiv&quot;&gt;&lt;a href=&quot;javascript: removeDrawedContainer(&apos;3_yui-u-grid-2&apos;,&apos;f1ba7688-453c-4c0d-a214-e5ac802b8034&apos;);&quot; title=&quot;Remove Container&quot;&gt;&lt;span class=&quot;minusIcon&quot;&gt;&lt;/span&gt;Remove Container&lt;/a&gt;&lt;/div&gt;&lt;div class=&quot;clear&quot;&gt;&lt;/div&gt;&lt;h2&gt;Container: Default 3 (Page Content)&lt;/h2&gt;&lt;p&gt;Lorem ipsum dolor sit amet, consectetur adipisicing elit, sed do eiusmod tempor incididunt ut labore et dolore magna aliqua. Ut enim ad minim veniam, quis nostrud exercitation ullamco laboris nisi ut aliquip ex ea commodo consequat.&lt;/p&gt;&lt;/span&gt;&lt;div style=&quot;display: none;&quot; title=&quot;container_f1ba7688-453c-4c0d-a214-e5ac802b8034&quot; id=&quot;3_yui-u-grid-2_div_f1ba7688-453c-4c0d-a214-e5ac802b8034&quot;&gt;#parseContainer(&apos;f1ba7688-453c-4c0d-a214-e5ac802b8034&apos;)&#xd;
&lt;/div&gt;&lt;/div&gt;&lt;div class=&quot;yui-u-template&quot; id=&quot;3_yui-u-grid-3&quot;&gt;&lt;div class=&quot;addContainerSpan&quot;&gt;&lt;a href=&quot;javascript: showAddContainerDialog(&apos;3_yui-u-grid-3&apos;);&quot; title=&quot;Add Container&quot;&gt;&lt;span class=&quot;plusBlueIcon&quot;&gt;&lt;/span&gt;Add Container&lt;/a&gt;&lt;/div&gt;&lt;span class=&quot;titleContainerSpan&quot; id=&quot;3_yui-u-grid-3_span_a6e9652b-8183-4c09-b775-26196b09a300&quot; title=&quot;container_a6e9652b-8183-4c09-b775-26196b09a300&quot;&gt;&lt;div class=&quot;removeDiv&quot;&gt;&lt;a href=&quot;javascript: removeDrawedContainer(&apos;3_yui-u-grid-3&apos;,&apos;a6e9652b-8183-4c09-b775-26196b09a300&apos;);&quot; title=&quot;Remove Container&quot;&gt;&lt;span class=&quot;minusIcon&quot;&gt;&lt;/span&gt;Remove Container&lt;/a&gt;&lt;/div&gt;&lt;div class=&quot;clear&quot;&gt;&lt;/div&gt;&lt;h2&gt;Container: Default 4 (Page Content)&lt;/h2&gt;&lt;p&gt;Lorem ipsum dolor sit amet, consectetur adipisicing elit, sed do eiusmod tempor incididunt ut labore et dolore magna aliqua. Ut enim ad minim veniam, quis nostrud exercitation ullamco laboris nisi ut aliquip ex ea commodo consequat.&lt;/p&gt;&lt;/span&gt;&lt;div style=&quot;display: none;&quot; title=&quot;container_a6e9652b-8183-4c09-b775-26196b09a300&quot; id=&quot;3_yui-u-grid-3_div_a6e9652b-8183-4c09-b775-26196b09a300&quot;&gt;#parseContainer(&apos;a6e9652b-8183-4c09-b775-26196b09a300&apos;)&#xd;
&lt;/div&gt;&lt;/div&gt;&lt;/div&gt;&lt;/div&gt;&lt;/div&gt;&lt;/div&gt;&lt;div id=&quot;ft-template&quot;&gt;&lt;h1&gt;Footer&lt;/h1&gt;&lt;/div&gt;&lt;/div&gt;</drawedBody>
    <countAddContainer>7</countAddContainer>
    <countContainers>7</countContainers>
    <theme>d086b0af-51ce-4e98-b29f-9b9fe6bf35c7</theme>
  </com.dotmarketing.portlets.templates.model.Template>
  <com.dotmarketing.portlets.templates.model.Template>
    <iDate class="sql-timestamp">2012-12-10 16:02:48.662</iDate>
    <type>template</type>
    <owner></owner>
    <inode>eb34e8cc-0c81-400b-bab4-cb8c8bffa193</inode>
    <identifier>8660b482-1ef6-4d00-9459-3996e703ba19</identifier>
    <title>Quest - 2 Column (Right Bar)</title>
    <friendlyName>Quest 2 Column (Right Bar)</friendlyName>
    <modDate class="sql-timestamp">2012-12-10 16:02:48.713</modDate>
    <modUser>dotcms.org.1</modUser>
    <sortOrder>0</sortOrder>
    <showOnMenu>false</showOnMenu>
    <body>&lt;html&gt;
 &lt;head&gt;
  #dotParse(&apos;//demo.dotcms.com/application/themes/quest/html_head.vtl&apos;)
  &lt;link rel=&quot;stylesheet&quot; type=&quot;text/css&quot; href=&quot;/html/css/template/reset-fonts-grids.css&quot; /&gt;
 &lt;/head&gt;
 &lt;body&gt;
  &lt;div id=&quot;resp-template&quot; name=&quot;globalContainer&quot;&gt;
   &lt;div id=&quot;hd-template&quot;&gt;
    #dotParse(&apos;//demo.dotcms.com/application/themes/quest/header.vtl&apos;)
   &lt;/div&gt;
   &lt;div id=&quot;bd-template&quot;&gt;
    &lt;div id=&quot;yui-main-template&quot;&gt;
     &lt;div class=&quot;yui-b-template&quot; id=&quot;splitBody0&quot;&gt;
      &lt;div class=&quot;yui-gc-template&quot; id=&quot;yui-gc-template&quot;&gt;
       &lt;div class=&quot;yui-u-template first&quot; id=&quot;0_yui-u-grid-1&quot;&gt;
        #parseContainer(&apos;56bd55ea-b04b-480d-9e37-5d6f9217dcc3&apos;)
       &lt;/div&gt;
       &lt;div class=&quot;yui-u-template&quot; id=&quot;0_yui-u-grid-2&quot;&gt;
        #parseContainer(&apos;5eb11b21-6b13-4fb8-a823-1de20bba56c0&apos;)
       &lt;/div&gt;
      &lt;/div&gt;
     &lt;/div&gt;
    &lt;/div&gt;
   &lt;/div&gt;
   &lt;div id=&quot;ft-template&quot;&gt;
    #dotParse(&apos;//demo.dotcms.com/application/themes/quest/footer.vtl&apos;)
   &lt;/div&gt;
  &lt;/div&gt;
 &lt;/body&gt;
&lt;/html&gt;</body>
    <image></image>
    <drawed>true</drawed>
    <drawedBody>&lt;div id=&quot;resp-template&quot; name=&quot;globalContainer&quot;&gt;&lt;div id=&quot;hd-template&quot;&gt;&lt;h1&gt;Header&lt;/h1&gt;&lt;/div&gt;&lt;div id=&quot;bd-template&quot;&gt;&lt;div id=&quot;yui-main-template&quot;&gt;&lt;div class=&quot;yui-b-template&quot; id=&quot;splitBody0&quot;&gt;&lt;div class=&quot;yui-gc-template&quot; id=&quot;yui-gc-template&quot;&gt;&lt;div class=&quot;yui-u-template first&quot; id=&quot;0_yui-u-grid-1&quot;&gt;&lt;div class=&quot;addContainerSpan&quot;&gt;&lt;a href=&quot;javascript: showAddContainerDialog(&apos;0_yui-u-grid-1&apos;);&quot; title=&quot;Add Container&quot;&gt;&lt;span class=&quot;plusBlueIcon&quot;&gt;&lt;/span&gt;Add Container&lt;/a&gt;&lt;/div&gt;&lt;span class=&quot;titleContainerSpan&quot; id=&quot;0_yui-u-grid-1_span_56bd55ea-b04b-480d-9e37-5d6f9217dcc3&quot; title=&quot;container_56bd55ea-b04b-480d-9e37-5d6f9217dcc3&quot;&gt;&lt;div class=&quot;removeDiv&quot;&gt;&lt;a href=&quot;javascript: removeDrawedContainer(&apos;0_yui-u-grid-1&apos;,&apos;56bd55ea-b04b-480d-9e37-5d6f9217dcc3&apos;);&quot; title=&quot;Remove Container&quot;&gt;&lt;span class=&quot;minusIcon&quot;&gt;&lt;/span&gt;Remove Container&lt;/a&gt;&lt;/div&gt;&lt;div class=&quot;clear&quot;&gt;&lt;/div&gt;&lt;h2&gt;Container: Default 1 (Page Content)&lt;/h2&gt;&lt;p&gt;Lorem ipsum dolor sit amet, consectetur adipisicing elit, sed do eiusmod tempor incididunt ut labore et dolore magna aliqua. Ut enim ad minim veniam, quis nostrud exercitation ullamco laboris nisi ut aliquip ex ea commodo consequat.&lt;/p&gt;&lt;/span&gt;&lt;div style=&quot;display: none;&quot; title=&quot;container_56bd55ea-b04b-480d-9e37-5d6f9217dcc3&quot; id=&quot;0_yui-u-grid-1_div_56bd55ea-b04b-480d-9e37-5d6f9217dcc3&quot;&gt;#parseContainer(&apos;56bd55ea-b04b-480d-9e37-5d6f9217dcc3&apos;)&#xd;
&lt;/div&gt;&lt;/div&gt;&lt;div class=&quot;yui-u-template&quot; id=&quot;0_yui-u-grid-2&quot;&gt;&lt;div class=&quot;addContainerSpan&quot;&gt;&lt;a href=&quot;javascript: showAddContainerDialog(&apos;0_yui-u-grid-2&apos;);&quot; title=&quot;Add Container&quot;&gt;&lt;span class=&quot;plusBlueIcon&quot;&gt;&lt;/span&gt;Add Container&lt;/a&gt;&lt;/div&gt;&lt;span class=&quot;titleContainerSpan&quot; id=&quot;0_yui-u-grid-2_span_5eb11b21-6b13-4fb8-a823-1de20bba56c0&quot; title=&quot;container_5eb11b21-6b13-4fb8-a823-1de20bba56c0&quot;&gt;&lt;div class=&quot;removeDiv&quot;&gt;&lt;a href=&quot;javascript: removeDrawedContainer(&apos;0_yui-u-grid-2&apos;,&apos;5eb11b21-6b13-4fb8-a823-1de20bba56c0&apos;);&quot; title=&quot;Remove Container&quot;&gt;&lt;span class=&quot;minusIcon&quot;&gt;&lt;/span&gt;Remove Container&lt;/a&gt;&lt;/div&gt;&lt;div class=&quot;clear&quot;&gt;&lt;/div&gt;&lt;h2&gt;Container: Default 2 (Page Content)&lt;/h2&gt;&lt;p&gt;Lorem ipsum dolor sit amet, consectetur adipisicing elit, sed do eiusmod tempor incididunt ut labore et dolore magna aliqua. Ut enim ad minim veniam, quis nostrud exercitation ullamco laboris nisi ut aliquip ex ea commodo consequat.&lt;/p&gt;&lt;/span&gt;&lt;div style=&quot;display: none;&quot; title=&quot;container_5eb11b21-6b13-4fb8-a823-1de20bba56c0&quot; id=&quot;0_yui-u-grid-2_div_5eb11b21-6b13-4fb8-a823-1de20bba56c0&quot;&gt;#parseContainer(&apos;5eb11b21-6b13-4fb8-a823-1de20bba56c0&apos;)&#xd;
&lt;/div&gt;&lt;/div&gt;&lt;/div&gt;&lt;/div&gt;&lt;/div&gt;&lt;/div&gt;&lt;div id=&quot;ft-template&quot;&gt;&lt;h1&gt;Footer&lt;/h1&gt;&lt;/div&gt;&lt;/div&gt;</drawedBody>
    <countAddContainer>2</countAddContainer>
    <countContainers>2</countContainers>
    <theme>d086b0af-51ce-4e98-b29f-9b9fe6bf35c7</theme>
  </com.dotmarketing.portlets.templates.model.Template>
  <com.dotmarketing.portlets.templates.model.Template>
    <iDate class="sql-timestamp">2012-12-10 16:02:19.154</iDate>
    <type>template</type>
    <owner></owner>
    <inode>6cd4fcf8-4eff-4411-9c56-7634b92130e7</inode>
    <identifier>d30a0347-7473-49ab-b67d-cc7a972f4d59</identifier>
    <title>Quest - 2 Column (Left Bar, w/ Nav)</title>
    <friendlyName>Quest - 2 Column (Left Bar, w/ Nav) </friendlyName>
    <modDate class="sql-timestamp">2012-12-10 16:02:19.207</modDate>
    <modUser>dotcms.org.1</modUser>
    <sortOrder>0</sortOrder>
    <showOnMenu>false</showOnMenu>
    <body>&lt;html&gt;
 &lt;head&gt;
  #dotParse(&apos;//demo.dotcms.com/application/themes/quest/html_head.vtl&apos;)
  &lt;link rel=&quot;stylesheet&quot; type=&quot;text/css&quot; href=&quot;/html/css/template/reset-fonts-grids.css&quot; /&gt;
 &lt;/head&gt;
 &lt;body&gt;
  &lt;div id=&quot;resp-template&quot; name=&quot;globalContainer&quot; class=&quot;yui-t2-template&quot;&gt;
   &lt;div id=&quot;hd-template&quot;&gt;
    #dotParse(&apos;//demo.dotcms.com/application/themes/quest/header.vtl&apos;)
   &lt;/div&gt;
   &lt;div id=&quot;bd-template&quot;&gt;
    &lt;div id=&quot;yui-main-template&quot;&gt;
     &lt;div class=&quot;yui-b-template&quot; id=&quot;splitBody0&quot;&gt;
      #parseContainer(&apos;56bd55ea-b04b-480d-9e37-5d6f9217dcc3&apos;)
     &lt;/div&gt;
    &lt;/div&gt;
    &lt;div class=&quot;yui-b-template&quot; id=&quot;yui-b2&quot; style=&quot;height: 70%;&quot;&gt;
     #parseContainer(&apos;b590d738-8bf9-42b0-a8dd-5787a4e20962&apos;)#parseContainer(&apos;5eb11b21-6b13-4fb8-a823-1de20bba56c0&apos;)
    &lt;/div&gt;
   &lt;/div&gt;
   &lt;div id=&quot;ft-template&quot;&gt;
    #dotParse(&apos;//demo.dotcms.com/application/themes/quest/footer.vtl&apos;)
   &lt;/div&gt;
  &lt;/div&gt;
 &lt;/body&gt;
&lt;/html&gt;</body>
    <image></image>
    <drawed>true</drawed>
    <drawedBody>&lt;div id=&quot;resp-template&quot; name=&quot;globalContainer&quot; class=&quot;yui-t2-template&quot;&gt;&lt;div id=&quot;hd-template&quot;&gt;&lt;h1&gt;Header&lt;/h1&gt;&lt;/div&gt;&lt;div id=&quot;bd-template&quot;&gt;&lt;div id=&quot;yui-main-template&quot;&gt;&lt;div class=&quot;yui-b-template&quot; id=&quot;splitBody0&quot;&gt;&lt;div class=&quot;addContainerSpan&quot;&gt;&lt;a href=&quot;javascript: showAddContainerDialog(&apos;splitBody0&apos;);&quot; title=&quot;Add Container&quot;&gt;&lt;span class=&quot;plusBlueIcon&quot;&gt;&lt;/span&gt;Add Container&lt;/a&gt;&lt;/div&gt;&lt;span class=&quot;titleContainerSpan&quot; id=&quot;splitBody0_span_56bd55ea-b04b-480d-9e37-5d6f9217dcc3&quot; title=&quot;container_56bd55ea-b04b-480d-9e37-5d6f9217dcc3&quot;&gt;&lt;div class=&quot;removeDiv&quot;&gt;&lt;a href=&quot;javascript: removeDrawedContainer(&apos;splitBody0&apos;,&apos;56bd55ea-b04b-480d-9e37-5d6f9217dcc3&apos;);&quot; title=&quot;Remove Container&quot;&gt;&lt;span class=&quot;minusIcon&quot;&gt;&lt;/span&gt;Remove Container&lt;/a&gt;&lt;/div&gt;&lt;div class=&quot;clear&quot;&gt;&lt;/div&gt;&lt;h2&gt;Container: Default 1 (Page Content)&lt;/h2&gt;&lt;p&gt;Lorem ipsum dolor sit amet, consectetur adipisicing elit, sed do eiusmod tempor incididunt ut labore et dolore magna aliqua. Ut enim ad minim veniam, quis nostrud exercitation ullamco laboris nisi ut aliquip ex ea commodo consequat.&lt;/p&gt;&lt;/span&gt;&lt;div style=&quot;display: none;&quot; title=&quot;container_56bd55ea-b04b-480d-9e37-5d6f9217dcc3&quot; id=&quot;splitBody0_div_56bd55ea-b04b-480d-9e37-5d6f9217dcc3&quot;&gt;#parseContainer(&apos;56bd55ea-b04b-480d-9e37-5d6f9217dcc3&apos;)&#xd;
&lt;/div&gt;&lt;/div&gt;&lt;/div&gt;&lt;div class=&quot;yui-b-template&quot; id=&quot;yui-b2&quot; style=&quot;height: 70%;&quot;&gt;&lt;div class=&quot;addContainerSpan&quot;&gt;&lt;a href=&quot;javascript: showAddContainerDialog(&apos;yui-b2&apos;);&quot; title=&quot;Add Container&quot;&gt;&lt;span class=&quot;plusBlueIcon&quot;&gt;&lt;/span&gt;Add Container&lt;/a&gt;&lt;/div&gt;&lt;span class=&quot;titleContainerSpan&quot; id=&quot;yui-b2_span_b590d738-8bf9-42b0-a8dd-5787a4e20962&quot; title=&quot;container_b590d738-8bf9-42b0-a8dd-5787a4e20962&quot;&gt;&lt;div class=&quot;removeDiv&quot;&gt;&lt;a href=&quot;javascript: removeDrawedContainer(&apos;yui-b2&apos;,&apos;b590d738-8bf9-42b0-a8dd-5787a4e20962&apos;);&quot; title=&quot;Remove Container&quot;&gt;&lt;span class=&quot;minusIcon&quot;&gt;&lt;/span&gt;Remove Container&lt;/a&gt;&lt;/div&gt;&lt;div class=&quot;clear&quot;&gt;&lt;/div&gt;&lt;h2&gt;Container: Sidebar Menu&lt;/h2&gt;&lt;p&gt;Lorem ipsum dolor sit amet, consectetur adipisicing elit, sed do eiusmod tempor incididunt ut labore et dolore magna aliqua. Ut enim ad minim veniam, quis nostrud exercitation ullamco laboris nisi ut aliquip ex ea commodo consequat.&lt;/p&gt;&lt;/span&gt;&lt;div style=&quot;display: none;&quot; title=&quot;container_b590d738-8bf9-42b0-a8dd-5787a4e20962&quot; id=&quot;yui-b2_div_b590d738-8bf9-42b0-a8dd-5787a4e20962&quot;&gt;#parseContainer(&apos;b590d738-8bf9-42b0-a8dd-5787a4e20962&apos;)&#xd;
&lt;/div&gt;&lt;span class=&quot;titleContainerSpan&quot; id=&quot;yui-b2_span_5eb11b21-6b13-4fb8-a823-1de20bba56c0&quot; title=&quot;container_5eb11b21-6b13-4fb8-a823-1de20bba56c0&quot;&gt;&lt;div class=&quot;removeDiv&quot;&gt;&lt;a href=&quot;javascript: removeDrawedContainer(&apos;yui-b2&apos;,&apos;5eb11b21-6b13-4fb8-a823-1de20bba56c0&apos;);&quot; title=&quot;Remove Container&quot;&gt;&lt;span class=&quot;minusIcon&quot;&gt;&lt;/span&gt;Remove Container&lt;/a&gt;&lt;/div&gt;&lt;div class=&quot;clear&quot;&gt;&lt;/div&gt;&lt;h2&gt;Container: Default 2 (Page Content)&lt;/h2&gt;&lt;p&gt;Lorem ipsum dolor sit amet, consectetur adipisicing elit, sed do eiusmod tempor incididunt ut labore et dolore magna aliqua. Ut enim ad minim veniam, quis nostrud exercitation ullamco laboris nisi ut aliquip ex ea commodo consequat.&lt;/p&gt;&lt;/span&gt;&lt;div style=&quot;display: none;&quot; title=&quot;container_5eb11b21-6b13-4fb8-a823-1de20bba56c0&quot; id=&quot;yui-b2_div_5eb11b21-6b13-4fb8-a823-1de20bba56c0&quot;&gt;#parseContainer(&apos;5eb11b21-6b13-4fb8-a823-1de20bba56c0&apos;)&#xd;
&lt;/div&gt;&lt;/div&gt;&lt;/div&gt;&lt;div id=&quot;ft-template&quot;&gt;&lt;h1&gt;Footer&lt;/h1&gt;&lt;/div&gt;&lt;/div&gt;</drawedBody>
    <countAddContainer>2</countAddContainer>
    <countContainers>3</countContainers>
    <theme>d086b0af-51ce-4e98-b29f-9b9fe6bf35c7</theme>
  </com.dotmarketing.portlets.templates.model.Template>
  <com.dotmarketing.portlets.templates.model.Template>
    <iDate class="sql-timestamp">2012-12-10 16:02:56.582</iDate>
    <type>template</type>
    <owner></owner>
    <inode>5a822782-0e39-4450-90b6-1ff6a00fa08b</inode>
    <identifier>9396ac6a-d32c-4539-966e-c776e7562cfb</identifier>
    <title>Quest - 2 Column (Left Bar)</title>
    <friendlyName>Quest - 2 Column (Left Bar)</friendlyName>
    <modDate class="sql-timestamp">2012-12-10 16:02:56.628</modDate>
    <modUser>dotcms.org.1</modUser>
    <sortOrder>0</sortOrder>
    <showOnMenu>false</showOnMenu>
    <body>&lt;html&gt;
 &lt;head&gt;
  #dotParse(&apos;//demo.dotcms.com/application/themes/quest/html_head.vtl&apos;)
  &lt;link rel=&quot;stylesheet&quot; type=&quot;text/css&quot; href=&quot;/html/css/template/reset-fonts-grids.css&quot; /&gt;
 &lt;/head&gt;
 &lt;body&gt;
  &lt;div id=&quot;resp-template&quot; name=&quot;globalContainer&quot;&gt;
   &lt;div id=&quot;hd-template&quot;&gt;
    #dotParse(&apos;//demo.dotcms.com/application/themes/quest/header.vtl&apos;)
   &lt;/div&gt;
   &lt;div id=&quot;bd-template&quot;&gt;
    &lt;div id=&quot;yui-main-template&quot;&gt;
     &lt;div class=&quot;yui-b-template&quot; id=&quot;splitBody0&quot;&gt;
      &lt;div class=&quot;yui-gf-template&quot; id=&quot;yui-gf-template&quot;&gt;
       &lt;div class=&quot;yui-u-template first&quot; id=&quot;0_yui-u-grid-1&quot;&gt;
        #parseContainer(&apos;5eb11b21-6b13-4fb8-a823-1de20bba56c0&apos;)
       &lt;/div&gt;
       &lt;div class=&quot;yui-u-template&quot; id=&quot;0_yui-u-grid-2&quot;&gt;
        #parseContainer(&apos;56bd55ea-b04b-480d-9e37-5d6f9217dcc3&apos;)
       &lt;/div&gt;
      &lt;/div&gt;
     &lt;/div&gt;
    &lt;/div&gt;
   &lt;/div&gt;
   &lt;div id=&quot;ft-template&quot;&gt;
    #dotParse(&apos;//demo.dotcms.com/application/themes/quest/footer.vtl&apos;)
   &lt;/div&gt;
  &lt;/div&gt;
 &lt;/body&gt;
&lt;/html&gt;</body>
    <image></image>
    <drawed>true</drawed>
    <drawedBody>&lt;div id=&quot;resp-template&quot; name=&quot;globalContainer&quot;&gt;&lt;div id=&quot;hd-template&quot;&gt;&lt;h1&gt;Header&lt;/h1&gt;&lt;/div&gt;&lt;div id=&quot;bd-template&quot;&gt;&lt;div id=&quot;yui-main-template&quot;&gt;&lt;div class=&quot;yui-b-template&quot; id=&quot;splitBody0&quot;&gt;&lt;div class=&quot;yui-gf-template&quot; id=&quot;yui-gf-template&quot;&gt;&lt;div class=&quot;yui-u-template first&quot; id=&quot;0_yui-u-grid-1&quot;&gt;&lt;div class=&quot;addContainerSpan&quot;&gt;&lt;a href=&quot;javascript: showAddContainerDialog(&apos;0_yui-u-grid-1&apos;);&quot; title=&quot;Add Container&quot;&gt;&lt;span class=&quot;plusBlueIcon&quot;&gt;&lt;/span&gt;Add Container&lt;/a&gt;&lt;/div&gt;&lt;span class=&quot;titleContainerSpan&quot; id=&quot;0_yui-u-grid-1_span_5eb11b21-6b13-4fb8-a823-1de20bba56c0&quot; title=&quot;container_5eb11b21-6b13-4fb8-a823-1de20bba56c0&quot;&gt;&lt;div class=&quot;removeDiv&quot;&gt;&lt;a href=&quot;javascript: removeDrawedContainer(&apos;0_yui-u-grid-1&apos;,&apos;5eb11b21-6b13-4fb8-a823-1de20bba56c0&apos;);&quot; title=&quot;Remove Container&quot;&gt;&lt;span class=&quot;minusIcon&quot;&gt;&lt;/span&gt;Remove Container&lt;/a&gt;&lt;/div&gt;&lt;div class=&quot;clear&quot;&gt;&lt;/div&gt;&lt;h2&gt;Container: Default 2 (Page Content)&lt;/h2&gt;&lt;p&gt;Lorem ipsum dolor sit amet, consectetur adipisicing elit, sed do eiusmod tempor incididunt ut labore et dolore magna aliqua. Ut enim ad minim veniam, quis nostrud exercitation ullamco laboris nisi ut aliquip ex ea commodo consequat.&lt;/p&gt;&lt;/span&gt;&lt;div style=&quot;display: none;&quot; title=&quot;container_5eb11b21-6b13-4fb8-a823-1de20bba56c0&quot; id=&quot;0_yui-u-grid-1_div_5eb11b21-6b13-4fb8-a823-1de20bba56c0&quot;&gt;#parseContainer(&apos;5eb11b21-6b13-4fb8-a823-1de20bba56c0&apos;)&#xd;
&lt;/div&gt;&lt;/div&gt;&lt;div class=&quot;yui-u-template&quot; id=&quot;0_yui-u-grid-2&quot;&gt;&lt;div class=&quot;addContainerSpan&quot;&gt;&lt;a href=&quot;javascript: showAddContainerDialog(&apos;0_yui-u-grid-2&apos;);&quot; title=&quot;Add Container&quot;&gt;&lt;span class=&quot;plusBlueIcon&quot;&gt;&lt;/span&gt;Add Container&lt;/a&gt;&lt;/div&gt;&lt;span class=&quot;titleContainerSpan&quot; id=&quot;0_yui-u-grid-2_span_56bd55ea-b04b-480d-9e37-5d6f9217dcc3&quot; title=&quot;container_56bd55ea-b04b-480d-9e37-5d6f9217dcc3&quot;&gt;&lt;div class=&quot;removeDiv&quot;&gt;&lt;a href=&quot;javascript: removeDrawedContainer(&apos;0_yui-u-grid-2&apos;,&apos;56bd55ea-b04b-480d-9e37-5d6f9217dcc3&apos;);&quot; title=&quot;Remove Container&quot;&gt;&lt;span class=&quot;minusIcon&quot;&gt;&lt;/span&gt;Remove Container&lt;/a&gt;&lt;/div&gt;&lt;div class=&quot;clear&quot;&gt;&lt;/div&gt;&lt;h2&gt;Container: Default 1 (Page Content)&lt;/h2&gt;&lt;p&gt;Lorem ipsum dolor sit amet, consectetur adipisicing elit, sed do eiusmod tempor incididunt ut labore et dolore magna aliqua. Ut enim ad minim veniam, quis nostrud exercitation ullamco laboris nisi ut aliquip ex ea commodo consequat.&lt;/p&gt;&lt;/span&gt;&lt;div style=&quot;display: none;&quot; title=&quot;container_56bd55ea-b04b-480d-9e37-5d6f9217dcc3&quot; id=&quot;0_yui-u-grid-2_div_56bd55ea-b04b-480d-9e37-5d6f9217dcc3&quot;&gt;#parseContainer(&apos;56bd55ea-b04b-480d-9e37-5d6f9217dcc3&apos;)&#xd;
&lt;/div&gt;&lt;/div&gt;&lt;/div&gt;&lt;/div&gt;&lt;/div&gt;&lt;/div&gt;&lt;div id=&quot;ft-template&quot;&gt;&lt;h1&gt;Footer&lt;/h1&gt;&lt;/div&gt;&lt;/div&gt;</drawedBody>
    <countAddContainer>2</countAddContainer>
    <countContainers>2</countContainers>
    <theme>d086b0af-51ce-4e98-b29f-9b9fe6bf35c7</theme>
  </com.dotmarketing.portlets.templates.model.Template>
  <com.dotmarketing.portlets.templates.model.Template>
    <iDate class="sql-timestamp">2012-12-10 16:03:10.884</iDate>
    <type>template</type>
    <owner></owner>
    <inode>ab39d739-f48e-4b10-9570-4c24b5e3506a</inode>
    <identifier>fdb3f906-e9c4-46c4-b7e4-148201271d04</identifier>
    <title>Quest - 1 Column (With Content Padding)</title>
    <friendlyName>Quest - 1 Column (With Content Padding)</friendlyName>
    <modDate class="sql-timestamp">2012-12-10 16:03:10.918</modDate>
    <modUser>dotcms.org.1</modUser>
    <sortOrder>0</sortOrder>
    <showOnMenu>false</showOnMenu>
    <body>&lt;html&gt;
 &lt;head&gt;
  #dotParse(&apos;//demo.dotcms.com/application/themes/quest/html_head.vtl&apos;)
  &lt;link rel=&quot;stylesheet&quot; type=&quot;text/css&quot; href=&quot;/html/css/template/reset-fonts-grids.css&quot; /&gt;
 &lt;/head&gt;
 &lt;body&gt;
  &lt;div id=&quot;resp-template&quot; name=&quot;globalContainer&quot;&gt;
   &lt;div id=&quot;hd-template&quot;&gt;
    #dotParse(&apos;//demo.dotcms.com/application/themes/quest/header.vtl&apos;)
   &lt;/div&gt;
   &lt;div id=&quot;bd-template&quot;&gt;
    &lt;div id=&quot;yui-main-template&quot;&gt;
     &lt;div class=&quot;yui-b-template&quot; id=&quot;splitBody0&quot;&gt;
      #parseContainer(&apos;56bd55ea-b04b-480d-9e37-5d6f9217dcc3&apos;)
     &lt;/div&gt;
    &lt;/div&gt;
   &lt;/div&gt;
   &lt;div id=&quot;ft-template&quot;&gt;
    #dotParse(&apos;//demo.dotcms.com/application/themes/quest/footer.vtl&apos;)
   &lt;/div&gt;
  &lt;/div&gt;
 &lt;/body&gt;
&lt;/html&gt;</body>
    <image></image>
    <drawed>true</drawed>
    <drawedBody>&lt;div id=&quot;resp-template&quot; name=&quot;globalContainer&quot;&gt;&lt;div id=&quot;hd-template&quot;&gt;&lt;h1&gt;Header&lt;/h1&gt;&lt;/div&gt;&lt;div id=&quot;bd-template&quot;&gt;&lt;div id=&quot;yui-main-template&quot;&gt;&lt;div class=&quot;yui-b-template&quot; id=&quot;splitBody0&quot;&gt;&lt;div class=&quot;addContainerSpan&quot;&gt;&lt;a href=&quot;javascript: showAddContainerDialog(&apos;splitBody0&apos;);&quot; title=&quot;Add Container&quot;&gt;&lt;span class=&quot;plusBlueIcon&quot;&gt;&lt;/span&gt;Add Container&lt;/a&gt;&lt;/div&gt;&lt;span class=&quot;titleContainerSpan&quot; id=&quot;splitBody0_span_56bd55ea-b04b-480d-9e37-5d6f9217dcc3&quot; title=&quot;container_56bd55ea-b04b-480d-9e37-5d6f9217dcc3&quot;&gt;&lt;div class=&quot;removeDiv&quot;&gt;&lt;a href=&quot;javascript: removeDrawedContainer(&apos;splitBody0&apos;,&apos;56bd55ea-b04b-480d-9e37-5d6f9217dcc3&apos;);&quot; title=&quot;Remove Container&quot;&gt;&lt;span class=&quot;minusIcon&quot;&gt;&lt;/span&gt;Remove Container&lt;/a&gt;&lt;/div&gt;&lt;div class=&quot;clear&quot;&gt;&lt;/div&gt;&lt;h2&gt;Container: Default 1 (Page Content)&lt;/h2&gt;&lt;p&gt;Lorem ipsum dolor sit amet, consectetur adipisicing elit, sed do eiusmod tempor incididunt ut labore et dolore magna aliqua. Ut enim ad minim veniam, quis nostrud exercitation ullamco laboris nisi ut aliquip ex ea commodo consequat.&lt;/p&gt;&lt;/span&gt;&lt;div style=&quot;display: none;&quot; title=&quot;container_56bd55ea-b04b-480d-9e37-5d6f9217dcc3&quot; id=&quot;splitBody0_div_56bd55ea-b04b-480d-9e37-5d6f9217dcc3&quot;&gt;#parseContainer(&apos;56bd55ea-b04b-480d-9e37-5d6f9217dcc3&apos;)&#xd;
&lt;/div&gt;&lt;/div&gt;&lt;/div&gt;&lt;/div&gt;&lt;div id=&quot;ft-template&quot;&gt;&lt;h1&gt;Footer&lt;/h1&gt;&lt;/div&gt;&lt;/div&gt;</drawedBody>
    <countAddContainer>1</countAddContainer>
    <countContainers>1</countContainers>
    <theme>d086b0af-51ce-4e98-b29f-9b9fe6bf35c7</theme>
  </com.dotmarketing.portlets.templates.model.Template>
  <com.dotmarketing.portlets.templates.model.Template>
    <iDate class="sql-timestamp">2012-12-10 16:03:02.183</iDate>
    <type>template</type>
    <owner></owner>
    <inode>7f2d305f-a189-4611-a1e8-f0029e7a5af4</inode>
    <identifier>959821e3-83d4-4de6-826d-7395a6ce6f97</identifier>
    <title>Quest - 1 Column (No Padding, Detail Page)</title>
    <friendlyName>Quest - 1 Column (No Padding, Detail Page)</friendlyName>
    <modDate class="sql-timestamp">2012-12-10 16:03:02.236</modDate>
    <modUser>dotcms.org.1</modUser>
    <sortOrder>0</sortOrder>
    <showOnMenu>false</showOnMenu>
    <body>&lt;html&gt;
 &lt;head&gt;
  #dotParse(&apos;//demo.dotcms.com/application/themes/quest/html_head.vtl&apos;)
  &lt;link rel=&quot;stylesheet&quot; type=&quot;text/css&quot; href=&quot;/html/css/template/reset-fonts-grids.css&quot; /&gt;
 &lt;/head&gt;
 &lt;body&gt;
  &lt;div id=&quot;resp-template&quot; name=&quot;globalContainer&quot;&gt;
   &lt;div id=&quot;hd-template&quot;&gt;
    #dotParse(&apos;//demo.dotcms.com/application/themes/quest/header.vtl&apos;)
   &lt;/div&gt;
   &lt;div id=&quot;bd-template&quot;&gt;
    &lt;div id=&quot;yui-main-template&quot;&gt;
     &lt;div class=&quot;yui-b-template&quot; id=&quot;splitBody0&quot;&gt;
      #parseContainer(&apos;56bd55ea-b04b-480d-9e37-5d6f9217dcc3&apos;)
     &lt;/div&gt;
    &lt;/div&gt;
   &lt;/div&gt;
   &lt;div id=&quot;ft-template&quot;&gt;
    #dotParse(&apos;//demo.dotcms.com/application/themes/quest/footer.vtl&apos;)
   &lt;/div&gt;
  &lt;/div&gt;
 &lt;/body&gt;
&lt;/html&gt;</body>
    <image></image>
    <drawed>true</drawed>
    <drawedBody>&lt;div id=&quot;resp-template&quot; name=&quot;globalContainer&quot;&gt;&lt;div id=&quot;hd-template&quot;&gt;&lt;h1&gt;Header&lt;/h1&gt;&lt;/div&gt;&lt;div id=&quot;bd-template&quot;&gt;&lt;div id=&quot;yui-main-template&quot;&gt;&lt;div class=&quot;yui-b-template&quot; id=&quot;splitBody0&quot;&gt;&lt;div class=&quot;addContainerSpan&quot;&gt;&lt;a href=&quot;javascript: showAddContainerDialog(&apos;splitBody0&apos;);&quot; title=&quot;Add Container&quot;&gt;&lt;span class=&quot;plusBlueIcon&quot;&gt;&lt;/span&gt;Add Container&lt;/a&gt;&lt;/div&gt;&lt;span class=&quot;titleContainerSpan&quot; id=&quot;splitBody0_span_56bd55ea-b04b-480d-9e37-5d6f9217dcc3&quot; title=&quot;container_56bd55ea-b04b-480d-9e37-5d6f9217dcc3&quot;&gt;&lt;div class=&quot;removeDiv&quot;&gt;&lt;a href=&quot;javascript: removeDrawedContainer(&apos;splitBody0&apos;,&apos;56bd55ea-b04b-480d-9e37-5d6f9217dcc3&apos;);&quot; title=&quot;Remove Container&quot;&gt;&lt;span class=&quot;minusIcon&quot;&gt;&lt;/span&gt;Remove Container&lt;/a&gt;&lt;/div&gt;&lt;div class=&quot;clear&quot;&gt;&lt;/div&gt;&lt;h2&gt;Container: Default 1 (Page Content)&lt;/h2&gt;&lt;p&gt;Lorem ipsum dolor sit amet, consectetur adipisicing elit, sed do eiusmod tempor incididunt ut labore et dolore magna aliqua. Ut enim ad minim veniam, quis nostrud exercitation ullamco laboris nisi ut aliquip ex ea commodo consequat.&lt;/p&gt;&lt;/span&gt;&lt;div style=&quot;display: none;&quot; title=&quot;container_56bd55ea-b04b-480d-9e37-5d6f9217dcc3&quot; id=&quot;splitBody0_div_56bd55ea-b04b-480d-9e37-5d6f9217dcc3&quot;&gt;#parseContainer(&apos;56bd55ea-b04b-480d-9e37-5d6f9217dcc3&apos;)&#xd;
&lt;/div&gt;&lt;/div&gt;&lt;/div&gt;&lt;/div&gt;&lt;div id=&quot;ft-template&quot;&gt;&lt;h1&gt;Footer&lt;/h1&gt;&lt;/div&gt;&lt;/div&gt;</drawedBody>
    <countAddContainer>1</countAddContainer>
    <countContainers>1</countContainers>
    <theme>d086b0af-51ce-4e98-b29f-9b9fe6bf35c7</theme>
  </com.dotmarketing.portlets.templates.model.Template>
  <com.dotmarketing.portlets.templates.model.Template>
    <iDate class="sql-timestamp">2012-09-14 12:26:08.622</iDate>
    <type>template</type>
    <owner></owner>
    <inode>b320cc4d-ec82-4b49-b511-4a03001d56c2</inode>
    <identifier>0a1cf815-ac9a-4619-9100-19631b739776</identifier>
    <title>Mobile Site Homepage</title>
    <friendlyName>Mobile site homepage template uses Jquery mobile</friendlyName>
    <modDate class="sql-timestamp">2012-09-14 12:26:08.772</modDate>
    <modUser>dotcms.org.1</modUser>
    <sortOrder>0</sortOrder>
    <showOnMenu>false</showOnMenu>
    <body>#set($mobileSite = &quot;true&quot;)&#xd;
&lt;!DOCTYPE html&gt;&#xd;
&lt;html&gt;&#xd;
&lt;head&gt;&#xd;
  &lt;meta charset=&quot;utf-8&quot;&gt;&#xd;
  &lt;meta name=&quot;viewport&quot; content=&quot;width=device-width, initial-scale=1&quot;&gt;&#xd;
  &lt;title&gt;Quest Financial&lt;/title&gt;&#xd;
  &#xd;
  &lt;link rel=&quot;stylesheet&quot; href=&quot;/css/jquery.mobile-1.0.min.css&quot; /&gt;&#xd;
  &lt;link rel=&quot;stylesheet&quot; href=&quot;/css/jquery-mobile-fluid960.min.css&quot; /&gt;&#xd;
  &lt;link rel=&quot;stylesheet&quot; href=&quot;/css/style-mobile.css&quot; /&gt;&#xd;
  &lt;link rel=&quot;stylesheet&quot; href=&quot;/css/photoswipe.css&quot; /&gt;&#xd;
  &#xd;
  &lt;script type=&quot;text/javascript&quot; src=&quot;/js/klass.min.js&quot;&gt;&lt;/script&gt;&#xd;
  &lt;script src=&quot;/js/jquery-1.7.1.min.js&quot;&gt;&lt;/script&gt;&#xd;
  &lt;script src=&quot;/js/jquery.mobile-1.1.0.min.js&quot;&gt;&lt;/script&gt;&#xd;
  &lt;script src=&quot;/js/coin-slider.min.js&quot;&gt;&lt;/script&gt;&#xd;
  &lt;script src=&quot;/js/code.photoswipe.jquery-3.0.5.min.js&quot;&gt;&lt;/script&gt;&#xd;
  &lt;script type=&quot;text/javascript&quot; src=&quot;http://maps.google.com/maps/api/js?sensor=true&quot;&gt;&lt;/script&gt;&#xd;
  &#xd;
  &lt;script&gt;&#xd;
    $(document).ready(function() {&#xd;
      $(&apos;.toggleMe&apos;).click(function() {&#xd;
        $(&apos;#menuContent&apos;).fadeToggle(&apos;fast&apos;, &apos;linear&apos;);&#xd;
        $(&apos;#menuScreen&apos;).fadeToggle(&apos;fast&apos;, &apos;linear&apos;);&#xd;
        $(&apos;.menu-toggle&apos;).toggleClass(&apos;menu-on&apos;);&#xd;
      });&#xd;
      &#xd;
      $(&apos;a[rel=&quot;external&quot;]&apos;).addClass(&apos;blue-bg&apos;);&#xd;
      &#xd;
      #dotParse(&apos;//shared/vtl/widgets/mobile/mobile-banner.vtl&apos;)&#xd;
    });&#xd;
      &#xd;
    &#xd;
    (function(window, $, PhotoSwipe){&#xd;
      &#xd;
      $(document).ready(function(){&#xd;
        &#xd;
        $(&apos;div.gallery-page&apos;)&#xd;
          .live(&apos;pageshow&apos;, function(e){&#xd;
            &#xd;
            var &#xd;
              currentPage = $(e.target),&#xd;
              options = {},&#xd;
              photoSwipeInstance = $(&quot;ul.gallery a&quot;, e.target).photoSwipe(options,  currentPage.attr(&apos;id&apos;));&#xd;
              &#xd;
            return true;&#xd;
            &#xd;
          })&#xd;
          &#xd;
          .live(&apos;pagehide&apos;, function(e){&#xd;
            &#xd;
            var &#xd;
              currentPage = $(e.target),&#xd;
              photoSwipeInstance = PhotoSwipe.getInstance(currentPage.attr(&apos;id&apos;));&#xd;
&#xd;
            if (typeof photoSwipeInstance != &quot;undefined&quot; &amp;&amp; photoSwipeInstance != null) {&#xd;
              PhotoSwipe.detatch(photoSwipeInstance);&#xd;
            }&#xd;
            &#xd;
            return true;&#xd;
            &#xd;
          });&#xd;
        &#xd;
      });&#xd;
    &#xd;
    }(window, window.jQuery, window.Code.PhotoSwipe));&#xd;
    &#xd;
  &lt;/script&gt;&#xd;
&lt;/head&gt;&#xd;
&#xd;
&#xd;
&lt;body&gt;&#xd;
  &#xd;
  &lt;div id=&quot;menuScreen&quot; class=&quot;toggleMe&quot;&gt;&lt;/div&gt;&#xd;
  &#xd;
  &lt;div class=&quot;toolbar&quot;&gt;&#xd;
    &lt;h1 class=&quot;logo left&quot;&gt;&lt;a href=&quot;#home&quot; data-transition=&quot;slide&quot; data-direction=&quot;reverse&quot;&gt;Quest Financial&lt;/a&gt;&lt;/h1&gt;&#xd;
    &lt;a class=&quot;menu-toggle right toggleMe&quot; target=&quot;_blank&quot; rel=&quot;external&quot;&gt;Menu&lt;/a&gt;&#xd;
    &lt;div class=&quot;menu&quot;&gt;&#xd;
      &lt;div id=&quot;menuContent&quot;&gt;&#xd;
        #set($navigationSourceCode = &apos;//shared/vtl/macros/nav-jquerymobile.vtl&apos;)&#xd;
        #set ($styleClass = &quot;class=&apos;toggleMe&apos; data-transition=&apos;slide&apos;&quot;)&#xd;
        #navigation(1,1)&#xd;
        &lt;a class=&quot;menu-close toggleMe&quot; target=&quot;_blank&quot; rel=&quot;external&quot;&gt;Close&lt;/a&gt;&#xd;
      &lt;/div&gt;&#xd;
    &lt;/div&gt;&#xd;
  &lt;/div&gt;&#xd;
  &#xd;
    &#xd;
  &lt;div data-role=&quot;page&quot; data-url=&quot;home&quot; id=&quot;mobile_index&quot; class=&quot;ui-page ui-body-c ui-page-active&quot; style=&quot;min-height: 320px;&quot;&gt;&#xd;
    &#xd;
&#xd;
    &lt;div data-role=&quot;content&quot;&gt;&#xd;
&#xd;
      &lt;div id=&quot;coin-slider&quot;&gt;&lt;/div&gt;&#xd;
&#xd;
      &lt;!-- start landing page --&gt;&#xd;
      ## Container: Mobile - Promotions&#xd;
      ## This is autogenerated code that cannot be changed&#xd;
      #parseContainer(&apos;55aca12f-0d1c-4733-aae3-28b96cf36895&apos;)&#xd;
&#xd;
      ## Container: Mobile Defualt&#xd;
      ## This is autogenerated code that cannot be changed&#xd;
      #parseContainer(&apos;c7776bbb-d38a-43a1-af3b-6cfa36ba9747&apos;)&#xd;
      &lt;!-- end landing page --&gt;&#xd;
      &#xd;
    &lt;/div&gt;&#xd;
      &#xd;
    ## Container: Mobile Footer&#xd;
    ## This is autogenerated code that cannot be changed&#xd;
    #parseContainer(&apos;5d40ab00-33c0-429f-9d97-9608236cf22f&apos;)&#xd;
    &#xd;
  &lt;/div&gt;&#xd;
    &#xd;
&lt;/body&gt;&#xd;
&lt;/html&gt;</body>
    <image></image>
    <drawed>false</drawed>
  </com.dotmarketing.portlets.templates.model.Template>
  <com.dotmarketing.portlets.templates.model.Template>
    <iDate class="sql-timestamp">2012-07-10 19:30:59.361</iDate>
    <type>template</type>
    <owner></owner>
    <inode>aea3431c-4ea2-409d-916e-62dd75fa3457</inode>
    <identifier>0f2d2e2d-ecdd-4b6a-9692-1f511b81af5e</identifier>
    <title>Mobile Site Detail Page (w/ Back Button)</title>
    <friendlyName>Default body detail page for Mobile site with back button</friendlyName>
    <modDate class="sql-timestamp">2012-07-10 19:30:59.399</modDate>
    <modUser>dotcms.org.1</modUser>
    <sortOrder>0</sortOrder>
    <showOnMenu>false</showOnMenu>
    <body>&lt;div data-role=&quot;page&quot; data-title=&quot;$friendlyName&quot; id=&quot;${friendlyName.replaceAll(&apos; &apos;, &apos;&apos;)}&quot;&gt;&#xd;
  &#xd;
  &lt;!-- start content --&gt;&#xd;
  &lt;div data-role=&quot;content&quot; class=&quot;detail&quot;&gt;&#xd;
    &lt;div class=&quot;detail-head&quot;&gt;&#xd;
      &lt;a href=&quot;#&quot; data-rel=&quot;back&quot; data-direction=&quot;reverse&quot; class=&quot;back-btn&quot;&gt;&lt;span&gt;&lt;/span&gt;Back&lt;/a&gt;&#xd;
    &lt;/div&gt;&#xd;
    &lt;div style=&quot;padding:10px;margin:5px 0 20px 0;&quot;&gt;&#xd;
      ## Container: Mobile Defualt&#xd;
      ## This is autogenerated code that cannot be changed&#xd;
      #parseContainer(&apos;c7776bbb-d38a-43a1-af3b-6cfa36ba9747&apos;)&#xd;
    &lt;/div&gt;&#xd;
  &lt;/div&gt;&#xd;
  &lt;!-- end content --&gt;&#xd;
  &#xd;
  ## Container: Mobile Footer&#xd;
  ## This is autogenerated code that cannot be changed&#xd;
  #parseContainer(&apos;5d40ab00-33c0-429f-9d97-9608236cf22f&apos;)&#xd;
&#xd;
&lt;/div&gt;&#xd;
</body>
    <image></image>
    <drawed>false</drawed>
  </com.dotmarketing.portlets.templates.model.Template>
  <com.dotmarketing.portlets.templates.model.Template>
    <iDate class="sql-timestamp">2012-07-10 20:07:53.526</iDate>
    <type>template</type>
    <owner></owner>
    <inode>87391882-4537-4c63-bf88-28c3d20da518</inode>
    <identifier>9341b41d-e4d8-4ac3-bcca-5ac241db4f5d</identifier>
    <title>Mobile Site Body Page</title>
    <friendlyName>Default body page for Mobile site</friendlyName>
    <modDate class="sql-timestamp">2012-07-10 20:07:53.581</modDate>
    <modUser>dotcms.org.1</modUser>
    <sortOrder>0</sortOrder>
    <showOnMenu>false</showOnMenu>
    <body>&lt;div data-role=&quot;page&quot; data-title=&quot;$friendlyName&quot; id=&quot;${friendlyName.replaceAll(&apos; &apos;, &apos;&apos;)}&quot;&gt;&#xd;
  &#xd;
  &lt;div data-role=&quot;content&quot; class=&quot;detail&quot;&gt;&#xd;
      &lt;h2 class=&quot;titleBar&quot;&gt;$!{friendlyName}&lt;/h2&gt;&#xd;
      &lt;div style=&quot;padding:10px;margin:5px 0 20px 0;&quot;&gt;&#xd;
        ## Container: Mobile Defualt&#xd;
        ## This is autogenerated code that cannot be changed&#xd;
        #parseContainer(&apos;c7776bbb-d38a-43a1-af3b-6cfa36ba9747&apos;)&#xd;
      &lt;/div&gt;&#xd;
  &lt;/div&gt;&#xd;
  &#xd;
  ## Container: Mobile Footer&#xd;
  ## This is autogenerated code that cannot be changed&#xd;
  #parseContainer(&apos;5d40ab00-33c0-429f-9d97-9608236cf22f&apos;)&#xd;
&#xd;
&lt;/div&gt;</body>
    <image></image>
    <drawed>false</drawed>
  </com.dotmarketing.portlets.templates.model.Template>
  <com.dotmarketing.portlets.templates.model.Template>
    <iDate class="sql-timestamp">2012-07-10 19:40:01.865</iDate>
    <type>template</type>
    <owner></owner>
    <inode>bace6d28-840a-4aae-acd5-5490624d1adb</inode>
    <identifier>993d1322-b209-4720-b4c7-a0f816c49df8</identifier>
    <title>Mobile Photo Gallery</title>
    <friendlyName>Mobile Photo Gallery</friendlyName>
    <modDate class="sql-timestamp">2012-07-10 19:40:01.996</modDate>
    <modUser>dotcms.org.1</modUser>
    <sortOrder>0</sortOrder>
    <showOnMenu>false</showOnMenu>
    <body>&lt;div data-role=&quot;page&quot; data-title=&quot;$friendlyName&quot; id=&quot;Gallery1&quot; class=&quot;gallery-page&quot;&gt;&#xd;
  &#xd;
  &lt;!-- start content --&gt;&#xd;
  &lt;div data-role=&quot;content&quot; class=&quot;detail&quot;&gt;&#xd;
    &lt;div class=&quot;detail-head&quot;&gt;&#xd;
      &lt;a href=&quot;#&quot; data-rel=&quot;back&quot; data-direction=&quot;reverse&quot; class=&quot;back-btn&quot;&gt;&lt;span&gt;&lt;/span&gt;Back&lt;/a&gt;&#xd;
    &lt;/div&gt;&#xd;
    &lt;div style=&quot;padding:10px;margin:5px 0 20px 0;&quot;&gt;&#xd;
      ## Container: Mobile Defualt&#xd;
      ## This is autogenerated code that cannot be changed&#xd;
      #parseContainer(&apos;c7776bbb-d38a-43a1-af3b-6cfa36ba9747&apos;)&#xd;
    &lt;/div&gt;&#xd;
  &lt;/div&gt;&#xd;
  &lt;!-- end content --&gt;&#xd;
  &#xd;
  ## Container: Mobile Footer&#xd;
  ## This is autogenerated code that cannot be changed&#xd;
  #parseContainer(&apos;5d40ab00-33c0-429f-9d97-9608236cf22f&apos;)&#xd;
&#xd;
&lt;/div&gt;&#xd;
&#xd;
</body>
    <image></image>
    <drawed>false</drawed>
  </com.dotmarketing.portlets.templates.model.Template>
  <com.dotmarketing.portlets.templates.model.Template>
    <iDate class="sql-timestamp">2012-12-04 21:44:44.441</iDate>
    <type>template</type>
    <owner></owner>
    <inode>3a27e4f5-0e95-4bff-9d08-80651a970118</inode>
    <identifier>7623ea3e-c0e6-46d8-8db6-9070f7bfc342</identifier>
    <title>Blank</title>
    <friendlyName>Blank template</friendlyName>
    <modDate class="sql-timestamp">2012-12-04 21:44:44.566</modDate>
    <modUser>dotcms.org.1</modUser>
    <sortOrder>0</sortOrder>
    <showOnMenu>false</showOnMenu>
    <body>## Container: Default 1 (Web Page Content)&#xd;
## This is autogenerated code that cannot be changed&#xd;
#parseContainer(&apos;56bd55ea-b04b-480d-9e37-5d6f9217dcc3&apos;)&#xd;
&#xd;
</body>
    <image></image>
    <drawed>false</drawed>
    <countAddContainer>0</countAddContainer>
    <countContainers>0</countContainers>
  </com.dotmarketing.portlets.templates.model.Template>
  <com.dotmarketing.portlets.templates.model.Template>
    <iDate class="sql-timestamp">2012-12-04 21:43:29.43</iDate>
    <type>template</type>
    <owner></owner>
    <inode>765bdf4a-42eb-446a-b3e6-d0ddf3925fb5</inode>
    <identifier>206ab018-77e2-47dd-ab3c-e8dc6feceab3</identifier>
    <title>3 Column</title>
    <friendlyName>3 column template with nav 20% X 60% X 20%</friendlyName>
    <modDate class="sql-timestamp">2012-12-04 21:43:29.495</modDate>
    <modUser>dotcms.org.1</modUser>
    <sortOrder>0</sortOrder>
    <showOnMenu>false</showOnMenu>
    <body>&lt;!DOCTYPE html&gt;&#xd;
&lt;html lang=&quot;en&quot;&gt;&#xd;
&#xd;
&lt;head&gt;&#xd;
  ## Container: Header&#xd;
  ## This is autogenerated code that cannot be changed&#xd;
  #parseContainer(&apos;afc45ad4-ee91-43a8-9562-3f9f7060e362&apos;)&#xd;
&lt;/head&gt;&#xd;
&#xd;
&lt;body&gt;&#xd;
  &#xd;
&lt;!--==============================header=================================--&gt;&#xd;
&lt;div class=&quot;template-hd&quot;&gt;&#xd;
    ## Container: Top Nav&#xd;
    ## This is autogenerated code that cannot be changed&#xd;
    #parseContainer(&apos;685132f6-12a6-45d0-a4e4-99f14ebce429&apos;)&#xd;
&lt;/div&gt;&#xd;
&#xd;
&lt;!--==============================content================================--&gt;&#xd;
&lt;div class=&quot;template-bd&quot;&gt;&#xd;
  &lt;div class=&quot;bg&quot;&gt;&#xd;
    &lt;div class=&quot;container&quot;&gt;&#xd;
      &lt;div class=&quot;row&quot;&gt;&#xd;
        &lt;div class=&quot;span3&quot;&gt;&#xd;
           &lt;!-- Side Nav Macro --&gt;&#xd;
           &lt;nav class=&quot;side-menu&quot;&gt;&#xd;
             #set($openAllLevels=false)&#xd;
             #navigation(2,2)&#xd;
           &lt;/nav&gt;&#xd;
        &#xd;
           ## Container: Default 3 (Web Page Content)&#xd;
           ## This is autogenerated code that cannot be changed&#xd;
           #parseContainer(&apos;f1ba7688-453c-4c0d-a214-e5ac802b8034&apos;)&#xd;
         &lt;/div&gt;&#xd;
    &#xd;
         &lt;div class=&quot;span6&quot;&gt;&#xd;
           ## Container: Default 1 (Web Page Content)&#xd;
           ## This is autogenerated code that cannot be changed&#xd;
           #parseContainer(&apos;56bd55ea-b04b-480d-9e37-5d6f9217dcc3&apos;)&#xd;
         &lt;/div&gt;&#xd;
      &#xd;
         &lt;div class=&quot;span3&quot;&gt;&#xd;
            ## Container: Default 2 (Page Content)&#xd;
            ## This is autogenerated code that cannot be changed&#xd;
            #parseContainer(&apos;5eb11b21-6b13-4fb8-a823-1de20bba56c0&apos;)&#xd;
         &lt;/div&gt;&#xd;
      &lt;/div&gt;&#xd;
    &lt;/div&gt;&#xd;
  &lt;/div&gt;&#xd;
&lt;/div&gt;&#xd;
&#xd;
&lt;!--==============================footer=================================--&gt;  &#xd;
&lt;div class=&quot;template-ft&quot;&gt;&#xd;
  ## Container: Footer&#xd;
  ## This is autogenerated code that cannot be changed&#xd;
  #parseContainer(&apos;18b44489-f942-40ed-90d9-f20dbdfe689e&apos;)&#xd;
&lt;/div&gt;&#xd;
  &#xd;
&lt;/body&gt;&#xd;
&lt;/html&gt;&#xd;
</body>
    <image></image>
    <drawed>false</drawed>
    <countAddContainer>0</countAddContainer>
    <countContainers>0</countContainers>
  </com.dotmarketing.portlets.templates.model.Template>
  <com.dotmarketing.portlets.templates.model.Template>
    <iDate class="sql-timestamp">2012-12-04 21:44:06.868</iDate>
    <type>template</type>
    <owner></owner>
    <inode>d6d51407-35ff-4268-b3bc-7ca412bca714</inode>
    <identifier>a0ead91b-fd4c-4182-abc8-a6d173a07ab4</identifier>
    <title>2 Column</title>
    <friendlyName>2 column template with nav 30% x 70%</friendlyName>
    <modDate class="sql-timestamp">2012-12-04 21:44:06.914</modDate>
    <modUser>dotcms.org.1</modUser>
    <sortOrder>0</sortOrder>
    <showOnMenu>false</showOnMenu>
    <body>&lt;!DOCTYPE html&gt;&#xd;
&lt;html lang=&quot;en&quot;&gt;&#xd;
&#xd;
&lt;head&gt;&#xd;
  ## Container: Header&#xd;
  ## This is autogenerated code that cannot be changed&#xd;
  #parseContainer(&apos;afc45ad4-ee91-43a8-9562-3f9f7060e362&apos;)&#xd;
&lt;/head&gt;&#xd;
&#xd;
&lt;body&gt;&#xd;
  &#xd;
&lt;!--==============================header=================================--&gt; &#xd;
&lt;div class=&quot;template-hd&quot;&gt;&#xd;
    ## Container: Top Nav&#xd;
    ## This is autogenerated code that cannot be changed&#xd;
    #parseContainer(&apos;685132f6-12a6-45d0-a4e4-99f14ebce429&apos;)&#xd;
&lt;/div&gt;&#xd;
&#xd;
&lt;!--==============================content================================--&gt;&#xd;
&lt;div class=&quot;template-bd&quot;&gt;&#xd;
  &lt;div class=&quot;bg&quot;&gt;&#xd;
    &lt;div class=&quot;container&quot;&gt;&#xd;
      &lt;div class=&quot;row&quot;&gt;&#xd;
        &lt;div class=&quot;span3&quot;&gt;&#xd;
          &lt;nav class=&quot;side-menu&quot;&gt;&#xd;
             #set($openAllLevels=false)&#xd;
             #navigation(2,2)&#xd;
          &lt;/nav&gt;&#xd;
          ## Container: Default 2 (Page Content)&#xd;
          ## This is autogenerated code that cannot be changed&#xd;
          #parseContainer(&apos;5eb11b21-6b13-4fb8-a823-1de20bba56c0&apos;)&#xd;
        &lt;/div&gt;&#xd;
        &lt;div class=&quot;span9&quot;&gt;&#xd;
          ## Container: Default 1 (Page Content)&#xd;
          ## This is autogenerated code that cannot be changed&#xd;
          #parseContainer(&apos;56bd55ea-b04b-480d-9e37-5d6f9217dcc3&apos;)&#xd;
        &lt;/div&gt;&#xd;
      &lt;/div&gt;&#xd;
    &lt;/div&gt;&#xd;
  &lt;/div&gt;&#xd;
&lt;/div&gt;&#xd;
&#xd;
&lt;!--==============================footer=================================--&gt;  &#xd;
&lt;div class=&quot;template-ft&quot;&gt;&#xd;
  ## Container: Footer&#xd;
  ## This is autogenerated code that cannot be changed&#xd;
  #parseContainer(&apos;18b44489-f942-40ed-90d9-f20dbdfe689e&apos;)&#xd;
&lt;/div&gt;&#xd;
  &#xd;
&lt;/body&gt;&#xd;
&lt;/html&gt;</body>
    <image></image>
    <drawed>false</drawed>
    <countAddContainer>0</countAddContainer>
    <countContainers>0</countContainers>
  </com.dotmarketing.portlets.templates.model.Template>
  <com.dotmarketing.portlets.templates.model.Template>
    <iDate class="sql-timestamp">2012-12-04 21:44:37.619</iDate>
    <type>template</type>
    <owner></owner>
    <inode>3e2ee83b-52b0-4312-b8b4-7a3213279888</inode>
    <identifier>003d08f4-e0c9-4bc7-9949-b686301338ba</identifier>
    <title>1 Column</title>
    <friendlyName>1 column template</friendlyName>
    <modDate class="sql-timestamp">2012-12-04 21:44:37.687</modDate>
    <modUser>dotcms.org.1</modUser>
    <sortOrder>0</sortOrder>
    <showOnMenu>false</showOnMenu>
    <body>&lt;!DOCTYPE html&gt;&#xd;
&lt;html lang=&quot;en&quot;&gt;&#xd;
&#xd;
&lt;head&gt;&#xd;
  ## Container: Header&#xd;
  ## This is autogenerated code that cannot be changed&#xd;
  #parseContainer(&apos;afc45ad4-ee91-43a8-9562-3f9f7060e362&apos;)&#xd;
&lt;/head&gt;&#xd;
&#xd;
&lt;body&gt;&#xd;
  &#xd;
&lt;!--==============================header=================================--&gt;&#xd;
&lt;div class=&quot;template-hd&quot;&gt;&#xd;
    ## Container: Top Nav&#xd;
    ## This is autogenerated code that cannot be changed&#xd;
    #parseContainer(&apos;685132f6-12a6-45d0-a4e4-99f14ebce429&apos;)&#xd;
&lt;/div&gt;&#xd;
&#xd;
&lt;!--==============================content================================--&gt;&#xd;
&lt;div class=&quot;template-bd&quot;&gt;&#xd;
  &lt;div class=&quot;bg&quot;&gt;&#xd;
    &lt;div class=&quot;container&quot;&gt;&#xd;
      &lt;div class=&quot;row&quot;&gt;&#xd;
        &lt;div class=&quot;span12&quot;&gt;&#xd;
          ## Container: Default 1 (Page Content)&#xd;
          ## This is autogenerated code that cannot be changed&#xd;
          #parseContainer(&apos;56bd55ea-b04b-480d-9e37-5d6f9217dcc3&apos;)&#xd;
        &lt;/div&gt;&#xd;
      &lt;/div&gt;&#xd;
    &lt;/div&gt;&#xd;
  &lt;/div&gt;&#xd;
&lt;/div&gt;&#xd;
&#xd;
&lt;!--==============================footer=================================--&gt;  &#xd;
&lt;div class=&quot;template-ft&quot;&gt;&#xd;
  ## Container: Footer&#xd;
  ## This is autogenerated code that cannot be changed&#xd;
  #parseContainer(&apos;18b44489-f942-40ed-90d9-f20dbdfe689e&apos;)&#xd;
&lt;/div&gt;&#xd;
  &#xd;
&lt;/body&gt;&#xd;
&lt;/html&gt;</body>
    <image></image>
    <drawed>false</drawed>
    <countAddContainer>0</countAddContainer>
    <countContainers>0</countContainers>
  </com.dotmarketing.portlets.templates.model.Template>
</list>