<list>
  <com.dotmarketing.portlets.templates.model.TemplateVersionInfo>
    <identifier>003d08f4-e0c9-4bc7-9949-b686301338ba</identifier>
    <liveInode>e589243b-1372-4066-aa65-be8b881ac0b2</liveInode>
    <workingInode>e589243b-1372-4066-aa65-be8b881ac0b2</workingInode>
    <lockedOn class="sql-timestamp">2012-09-07 09:16:34.747</lockedOn>
    <deleted>false</deleted>
    <versionTs class="sql-timestamp">2012-09-07 09:16:34.827</versionTs>
  </com.dotmarketing.portlets.templates.model.TemplateVersionInfo>
  <com.dotmarketing.portlets.templates.model.TemplateVersionInfo>
    <identifier>0a1cf815-ac9a-4619-9100-19631b739776</identifier>
    <liveInode>b320cc4d-ec82-4b49-b511-4a03001d56c2</liveInode>
    <workingInode>b320cc4d-ec82-4b49-b511-4a03001d56c2</workingInode>
    <lockedOn class="sql-timestamp">2012-09-14 08:26:08.757</lockedOn>
    <deleted>false</deleted>
    <versionTs class="sql-timestamp">2012-09-14 08:26:08.771</versionTs>
  </com.dotmarketing.portlets.templates.model.TemplateVersionInfo>
  <com.dotmarketing.portlets.templates.model.TemplateVersionInfo>
    <identifier>0f2d2e2d-ecdd-4b6a-9692-1f511b81af5e</identifier>
    <liveInode>aea3431c-4ea2-409d-916e-62dd75fa3457</liveInode>
    <workingInode>aea3431c-4ea2-409d-916e-62dd75fa3457</workingInode>
    <lockedOn class="sql-timestamp">2012-07-10 15:35:28.523</lockedOn>
    <deleted>false</deleted>
    <versionTs class="sql-timestamp">2012-07-10 15:35:28.531</versionTs>
  </com.dotmarketing.portlets.templates.model.TemplateVersionInfo>
  <com.dotmarketing.portlets.templates.model.TemplateVersionInfo>
    <identifier>206ab018-77e2-47dd-ab3c-e8dc6feceab3</identifier>
    <liveInode>d98de524-0155-4744-85f5-a387ab79460e</liveInode>
    <workingInode>d98de524-0155-4744-85f5-a387ab79460e</workingInode>
    <lockedOn class="sql-timestamp">2012-09-07 09:23:51.618</lockedOn>
    <deleted>false</deleted>
    <versionTs class="sql-timestamp">2012-09-07 09:23:51.632</versionTs>
  </com.dotmarketing.portlets.templates.model.TemplateVersionInfo>
  <com.dotmarketing.portlets.templates.model.TemplateVersionInfo>
    <identifier>3141ca88-71f9-4e1d-9721-849dce6362ed</identifier>
    <liveInode>faefcae8-bcc1-4f76-a1f4-a85fb14a61db</liveInode>
    <workingInode>faefcae8-bcc1-4f76-a1f4-a85fb14a61db</workingInode>
    <lockedOn class="sql-timestamp">2012-09-21 16:50:24.34</lockedOn>
    <deleted>false</deleted>
    <versionTs class="sql-timestamp">2012-09-21 16:50:24.359</versionTs>
  </com.dotmarketing.portlets.templates.model.TemplateVersionInfo>
  <com.dotmarketing.portlets.templates.model.TemplateVersionInfo>
    <identifier>460b0d3b-9b90-4b8a-a041-1f01b7edbbbc</identifier>
    <liveInode>c2494057-4bea-4a31-8358-669c90f8690d</liveInode>
    <workingInode>c2494057-4bea-4a31-8358-669c90f8690d</workingInode>
    <lockedBy>dotcms.org.1</lockedBy>
    <lockedOn class="sql-timestamp">2012-10-09 18:09:32.566</lockedOn>
    <deleted>false</deleted>
    <versionTs class="sql-timestamp">2012-10-09 18:09:32.588</versionTs>
  </com.dotmarketing.portlets.templates.model.TemplateVersionInfo>
  <com.dotmarketing.portlets.templates.model.TemplateVersionInfo>
    <identifier>4cb76166-6763-44ca-ab22-e9eb50885430</identifier>
    <liveInode>7808045f-a815-413c-a5c4-c11d09adec01</liveInode>
    <workingInode>7808045f-a815-413c-a5c4-c11d09adec01</workingInode>
    <lockedOn class="sql-timestamp">2012-09-26 10:23:45.578</lockedOn>
    <deleted>false</deleted>
    <versionTs class="sql-timestamp">2012-09-26 10:23:45.593</versionTs>
  </com.dotmarketing.portlets.templates.model.TemplateVersionInfo>
  <com.dotmarketing.portlets.templates.model.TemplateVersionInfo>
    <identifier>50b64032-20cd-4169-8063-b023e53f572a</identifier>
    <liveInode>528ffa73-0447-46d7-832b-1a64e76be523</liveInode>
    <workingInode>528ffa73-0447-46d7-832b-1a64e76be523</workingInode>
    <lockedOn class="sql-timestamp">2012-09-06 09:01:25.262</lockedOn>
    <deleted>false</deleted>
    <versionTs class="sql-timestamp">2012-09-06 09:01:25.281</versionTs>
  </com.dotmarketing.portlets.templates.model.TemplateVersionInfo>
  <com.dotmarketing.portlets.templates.model.TemplateVersionInfo>
    <identifier>7623ea3e-c0e6-46d8-8db6-9070f7bfc342</identifier>
    <liveInode>86652f94-7a6f-4444-bd11-09a30e0037b4</liveInode>
    <workingInode>86652f94-7a6f-4444-bd11-09a30e0037b4</workingInode>
    <lockedOn class="sql-timestamp">2012-09-13 12:05:49.197</lockedOn>
    <deleted>false</deleted>
    <versionTs class="sql-timestamp">2012-09-13 12:05:49.198</versionTs>
  </com.dotmarketing.portlets.templates.model.TemplateVersionInfo>
  <com.dotmarketing.portlets.templates.model.TemplateVersionInfo>
    <identifier>783e9096-0473-4db5-bdca-d7ee7ceba13f</identifier>
    <workingInode>fd383682-6e49-4c80-ae6d-610ea0575180</workingInode>
    <lockedOn class="sql-timestamp">2012-01-19 00:00:00.0</lockedOn>
    <deleted>true</deleted>
    <versionTs class="sql-timestamp">2012-05-04 13:38:28.438484</versionTs>
  </com.dotmarketing.portlets.templates.model.TemplateVersionInfo>
  <com.dotmarketing.portlets.templates.model.TemplateVersionInfo>
    <identifier>9341b41d-e4d8-4ac3-bcca-5ac241db4f5d</identifier>
    <liveInode>87391882-4537-4c63-bf88-28c3d20da518</liveInode>
    <workingInode>87391882-4537-4c63-bf88-28c3d20da518</workingInode>
    <lockedOn class="sql-timestamp">2012-07-10 16:07:53.558</lockedOn>
    <deleted>false</deleted>
    <versionTs class="sql-timestamp">2012-07-10 16:07:53.58</versionTs>
  </com.dotmarketing.portlets.templates.model.TemplateVersionInfo>
  <com.dotmarketing.portlets.templates.model.TemplateVersionInfo>
    <identifier>993d1322-b209-4720-b4c7-a0f816c49df8</identifier>
    <liveInode>bace6d28-840a-4aae-acd5-5490624d1adb</liveInode>
    <workingInode>bace6d28-840a-4aae-acd5-5490624d1adb</workingInode>
    <lockedOn class="sql-timestamp">2012-07-10 15:40:01.974</lockedOn>
    <deleted>false</deleted>
    <versionTs class="sql-timestamp">2012-07-10 15:40:01.996</versionTs>
  </com.dotmarketing.portlets.templates.model.TemplateVersionInfo>
  <com.dotmarketing.portlets.templates.model.TemplateVersionInfo>
    <identifier>a0ead91b-fd4c-4182-abc8-a6d173a07ab4</identifier>
    <liveInode>f16d6cba-97cc-4205-9159-c5698f8e45a7</liveInode>
    <workingInode>f16d6cba-97cc-4205-9159-c5698f8e45a7</workingInode>
    <lockedOn class="sql-timestamp">2012-09-26 10:23:11.536</lockedOn>
    <deleted>false</deleted>
    <versionTs class="sql-timestamp">2012-09-26 10:23:11.549</versionTs>
  </com.dotmarketing.portlets.templates.model.TemplateVersionInfo>
  <com.dotmarketing.portlets.templates.model.TemplateVersionInfo>
    <identifier>e5d877d7-978b-45f5-b746-a55f41dd45c2</identifier>
    <workingInode>03712a5a-4f69-47d7-abe1-70eae50efe4e</workingInode>
    <lockedOn class="sql-timestamp">2011-12-15 00:00:00.0</lockedOn>
    <deleted>true</deleted>
    <versionTs class="sql-timestamp">2012-05-04 13:38:28.438484</versionTs>
  </com.dotmarketing.portlets.templates.model.TemplateVersionInfo>
  <com.dotmarketing.portlets.templates.model.TemplateVersionInfo>
    <identifier>f7bc93f9-6527-4c42-a120-bb19124c6e4f</identifier>
    <liveInode>334f2d4d-7996-4b95-9748-a69bb75c356d</liveInode>
    <workingInode>334f2d4d-7996-4b95-9748-a69bb75c356d</workingInode>
    <lockedOn class="sql-timestamp">2012-09-20 10:34:01.569</lockedOn>
    <deleted>false</deleted>
    <versionTs class="sql-timestamp">2012-09-20 10:34:01.583</versionTs>
  </com.dotmarketing.portlets.templates.model.TemplateVersionInfo>
  <com.dotmarketing.portlets.templates.model.TemplateVersionInfo>
    <identifier>fc07eac0-c1a5-4835-bd6b-981315b2e8a2</identifier>
    <liveInode>4e4da8bb-c0ab-4f7e-b0d6-851b98d648de</liveInode>
    <workingInode>4e4da8bb-c0ab-4f7e-b0d6-851b98d648de</workingInode>
    <lockedOn class="sql-timestamp">2012-09-21 12:49:00.819</lockedOn>
    <deleted>false</deleted>
    <versionTs class="sql-timestamp">2012-09-21 12:49:00.82</versionTs>
  </com.dotmarketing.portlets.templates.model.TemplateVersionInfo>
</list>