<list>
  <com.dotmarketing.portlets.dashboard.model.DashboardSummaryPage>
    <id>1</id>
    <summary>
      <id>1</id>
      <summaryPeriod>
        <id>1</id>
        <fullDate class="sql-timestamp">2010-12-15 05:00:00.0</fullDate>
        <day>15</day>
        <dayName>Wednesday</dayName>
        <week>3</week>
        <month>12</month>
        <monthName>December</monthName>
        <year>2010</year>
      </summaryPeriod>
      <hostId>48190c8c-42c4-46af-8d1a-0cd5db894797</hostId>
      <visits>2</visits>
      <pageViews>2</pageViews>
      <uniqueVisits>2</uniqueVisits>
      <newVisits>2</newVisits>
      <avgTimeOnSite class="sql-timestamp">1970-01-01 05:00:00.0</avgTimeOnSite>
      <bounceRate>100</bounceRate>
      <directTraffic>2</directTraffic>
      <referringSites>0</referringSites>
      <searchEngines>0</searchEngines>
    </summary>
    <inode>d0a15015-63fd-4718-b6a9-63102c67a9ce</inode>
    <uri>/home/index.dot</uri>
    <hits>2</hits>
  </com.dotmarketing.portlets.dashboard.model.DashboardSummaryPage>
  <com.dotmarketing.portlets.dashboard.model.DashboardSummaryPage>
    <id>2</id>
    <summary>
      <id>2</id>
      <summaryPeriod>
        <id>2</id>
        <fullDate class="sql-timestamp">2010-12-16 05:00:00.0</fullDate>
        <day>16</day>
        <dayName>Thusday</dayName>
        <week>3</week>
        <month>12</month>
        <monthName>December</monthName>
        <year>2010</year>
      </summaryPeriod>
      <hostId>48190c8c-42c4-46af-8d1a-0cd5db894797</hostId>
      <visits>3</visits>
      <pageViews>7</pageViews>
      <uniqueVisits>2</uniqueVisits>
      <newVisits>1</newVisits>
      <avgTimeOnSite class="sql-timestamp">1970-01-01 05:01:25.0</avgTimeOnSite>
      <bounceRate>0</bounceRate>
      <directTraffic>3</directTraffic>
      <referringSites>0</referringSites>
      <searchEngines>0</searchEngines>
    </summary>
    <inode>1986838c-fa35-4857-b4b2-4f68b687aa0c</inode>
    <uri>/company/index.dot</uri>
    <hits>1</hits>
  </com.dotmarketing.portlets.dashboard.model.DashboardSummaryPage>
  <com.dotmarketing.portlets.dashboard.model.DashboardSummaryPage>
    <id>3</id>
    <summary reference="../../com.dotmarketing.portlets.dashboard.model.DashboardSummaryPage[2]/summary"/>
    <inode>d0a15015-63fd-4718-b6a9-63102c67a9ce</inode>
    <uri>/home/index.dot</uri>
    <hits>3</hits>
  </com.dotmarketing.portlets.dashboard.model.DashboardSummaryPage>
  <com.dotmarketing.portlets.dashboard.model.DashboardSummaryPage>
    <id>4</id>
    <summary reference="../../com.dotmarketing.portlets.dashboard.model.DashboardSummaryPage[2]/summary"/>
    <inode>fe3d92c6-36c0-410d-983b-d7f548c40d44</inode>
    <uri>/demos/404-override-test.dot</uri>
    <hits>3</hits>
  </com.dotmarketing.portlets.dashboard.model.DashboardSummaryPage>
  <com.dotmarketing.portlets.dashboard.model.DashboardSummaryPage>
    <id>5</id>
    <summary>
      <id>3</id>
      <summaryPeriod>
        <id>3</id>
        <fullDate class="sql-timestamp">2010-12-17 05:00:00.0</fullDate>
        <day>17</day>
        <dayName>Friday</dayName>
        <week>3</week>
        <month>12</month>
        <monthName>December</monthName>
        <year>2010</year>
      </summaryPeriod>
      <hostId>48190c8c-42c4-46af-8d1a-0cd5db894797</hostId>
      <visits>1</visits>
      <pageViews>1</pageViews>
      <uniqueVisits>1</uniqueVisits>
      <newVisits>0</newVisits>
      <avgTimeOnSite class="sql-timestamp">1970-01-01 05:00:00.0</avgTimeOnSite>
      <bounceRate>100</bounceRate>
      <directTraffic>1</directTraffic>
      <referringSites>0</referringSites>
      <searchEngines>0</searchEngines>
    </summary>
    <inode>d0a15015-63fd-4718-b6a9-63102c67a9ce</inode>
    <uri>/home/index.dot</uri>
    <hits>1</hits>
  </com.dotmarketing.portlets.dashboard.model.DashboardSummaryPage>
  <com.dotmarketing.portlets.dashboard.model.DashboardSummaryPage>
    <id>6</id>
    <summary>
      <id>4</id>
      <summaryPeriod>
        <id>4</id>
        <fullDate class="sql-timestamp">2010-12-18 05:00:00.0</fullDate>
        <day>18</day>
        <dayName>Saturday</dayName>
        <week>3</week>
        <month>12</month>
        <monthName>December</monthName>
        <year>2010</year>
      </summaryPeriod>
      <hostId>48190c8c-42c4-46af-8d1a-0cd5db894797</hostId>
      <visits>1</visits>
      <pageViews>3</pageViews>
      <uniqueVisits>1</uniqueVisits>
      <newVisits>0</newVisits>
      <avgTimeOnSite class="sql-timestamp">1970-01-01 05:00:32.0</avgTimeOnSite>
      <bounceRate>0</bounceRate>
      <directTraffic>1</directTraffic>
      <referringSites>0</referringSites>
      <searchEngines>0</searchEngines>
    </summary>
    <inode>fe3d92c6-36c0-410d-983b-d7f548c40d44</inode>
    <uri>/demos/404-override-test.dot</uri>
    <hits>2</hits>
  </com.dotmarketing.portlets.dashboard.model.DashboardSummaryPage>
  <com.dotmarketing.portlets.dashboard.model.DashboardSummaryPage>
    <id>7</id>
    <summary reference="../../com.dotmarketing.portlets.dashboard.model.DashboardSummaryPage[6]/summary"/>
    <inode>d0a15015-63fd-4718-b6a9-63102c67a9ce</inode>
    <uri>/home/index.dot</uri>
    <hits>1</hits>
  </com.dotmarketing.portlets.dashboard.model.DashboardSummaryPage>
  <com.dotmarketing.portlets.dashboard.model.DashboardSummaryPage>
    <id>8</id>
    <summary>
      <id>5</id>
      <summaryPeriod>
        <id>5</id>
        <fullDate class="sql-timestamp">2010-12-21 05:00:00.0</fullDate>
        <day>21</day>
        <dayName>Tuesday</dayName>
        <week>4</week>
        <month>12</month>
        <monthName>December</monthName>
        <year>2010</year>
      </summaryPeriod>
      <hostId>48190c8c-42c4-46af-8d1a-0cd5db894797</hostId>
      <visits>3</visits>
      <pageViews>6</pageViews>
      <uniqueVisits>2</uniqueVisits>
      <newVisits>0</newVisits>
      <avgTimeOnSite class="sql-timestamp">1970-01-01 05:00:31.0</avgTimeOnSite>
      <bounceRate>33</bounceRate>
      <directTraffic>3</directTraffic>
      <referringSites>0</referringSites>
      <searchEngines>0</searchEngines>
    </summary>
    <inode>1986838c-fa35-4857-b4b2-4f68b687aa0c</inode>
    <uri>/company/index.dot</uri>
    <hits>1</hits>
  </com.dotmarketing.portlets.dashboard.model.DashboardSummaryPage>
  <com.dotmarketing.portlets.dashboard.model.DashboardSummaryPage>
    <id>9</id>
    <summary reference="../../com.dotmarketing.portlets.dashboard.model.DashboardSummaryPage[8]/summary"/>
    <inode>d0a15015-63fd-4718-b6a9-63102c67a9ce</inode>
    <uri>/home/index.dot</uri>
    <hits>3</hits>
  </com.dotmarketing.portlets.dashboard.model.DashboardSummaryPage>
  <com.dotmarketing.portlets.dashboard.model.DashboardSummaryPage>
    <id>10</id>
    <summary reference="../../com.dotmarketing.portlets.dashboard.model.DashboardSummaryPage[8]/summary"/>
    <inode>fe3d92c6-36c0-410d-983b-d7f548c40d44</inode>
    <uri>/demos/404-override-test.dot</uri>
    <hits>2</hits>
  </com.dotmarketing.portlets.dashboard.model.DashboardSummaryPage>
  <com.dotmarketing.portlets.dashboard.model.DashboardSummaryPage>
    <id>11</id>
    <summary>
      <id>6</id>
      <summaryPeriod>
        <id>6</id>
        <fullDate class="sql-timestamp">2010-12-28 05:00:00.0</fullDate>
        <day>28</day>
        <dayName>Tuesday</dayName>
        <week>5</week>
        <month>12</month>
        <monthName>December</monthName>
        <year>2010</year>
      </summaryPeriod>
      <hostId>48190c8c-42c4-46af-8d1a-0cd5db894797</hostId>
      <visits>2</visits>
      <pageViews>2</pageViews>
      <uniqueVisits>1</uniqueVisits>
      <newVisits>0</newVisits>
      <avgTimeOnSite class="sql-timestamp">1970-01-01 05:00:00.0</avgTimeOnSite>
      <bounceRate>100</bounceRate>
      <directTraffic>2</directTraffic>
      <referringSites>0</referringSites>
      <searchEngines>0</searchEngines>
    </summary>
    <inode>d0a15015-63fd-4718-b6a9-63102c67a9ce</inode>
    <uri>/home/index.dot</uri>
    <hits>1</hits>
  </com.dotmarketing.portlets.dashboard.model.DashboardSummaryPage>
  <com.dotmarketing.portlets.dashboard.model.DashboardSummaryPage>
    <id>12</id>
    <summary reference="../../com.dotmarketing.portlets.dashboard.model.DashboardSummaryPage[11]/summary"/>
    <inode>fe3d92c6-36c0-410d-983b-d7f548c40d44</inode>
    <uri>/demos/404-override-test.dot</uri>
    <hits>1</hits>
  </com.dotmarketing.portlets.dashboard.model.DashboardSummaryPage>
  <com.dotmarketing.portlets.dashboard.model.DashboardSummaryPage>
    <id>13</id>
    <summary>
      <id>7</id>
      <summaryPeriod>
        <id>7</id>
        <fullDate class="sql-timestamp">2013-07-24 04:00:00.0</fullDate>
        <day>24</day>
        <dayName>Wednesday</dayName>
        <week>4</week>
        <month>7</month>
        <monthName>July</monthName>
        <year>2013</year>
      </summaryPeriod>
      <hostId>48190c8c-42c4-46af-8d1a-0cd5db894797</hostId>
      <visits>1</visits>
      <pageViews>2</pageViews>
      <uniqueVisits>1</uniqueVisits>
      <newVisits>1</newVisits>
      <avgTimeOnSite class="sql-timestamp">1970-01-01 05:00:14.0</avgTimeOnSite>
      <bounceRate>0</bounceRate>
      <directTraffic>1</directTraffic>
      <referringSites>0</referringSites>
      <searchEngines>0</searchEngines>
    </summary>
    <inode>87e5cd64-0329-4a9b-b812-95d9b9f194ac</inode>
    <uri>/application/login/login.html</uri>
    <hits>1</hits>
  </com.dotmarketing.portlets.dashboard.model.DashboardSummaryPage>
  <com.dotmarketing.portlets.dashboard.model.DashboardSummaryPage>
    <id>14</id>
    <summary reference="../../com.dotmarketing.portlets.dashboard.model.DashboardSummaryPage[13]/summary"/>
    <inode>ffecf99d-8fbc-468e-9ab4-2d04db588d8a</inode>
    <uri>/home/index.html</uri>
    <hits>1</hits>
  </com.dotmarketing.portlets.dashboard.model.DashboardSummaryPage>
  <com.dotmarketing.portlets.dashboard.model.DashboardSummaryPage>
    <id>15</id>
    <summary>
      <id>8</id>
      <summaryPeriod>
        <id>8</id>
        <fullDate class="sql-timestamp">2013-07-25 04:00:00.0</fullDate>
        <day>25</day>
        <dayName>Thusday</dayName>
        <week>4</week>
        <month>7</month>
        <monthName>July</monthName>
        <year>2013</year>
      </summaryPeriod>
      <hostId>48190c8c-42c4-46af-8d1a-0cd5db894797</hostId>
      <visits>1</visits>
      <pageViews>2</pageViews>
      <uniqueVisits>1</uniqueVisits>
      <newVisits>0</newVisits>
      <avgTimeOnSite class="sql-timestamp">1970-01-01 05:00:03.0</avgTimeOnSite>
      <bounceRate>0</bounceRate>
      <directTraffic>1</directTraffic>
      <referringSites>0</referringSites>
      <searchEngines>0</searchEngines>
    </summary>
    <inode>87e5cd64-0329-4a9b-b812-95d9b9f194ac</inode>
    <uri>/application/login/login.html</uri>
    <hits>1</hits>
  </com.dotmarketing.portlets.dashboard.model.DashboardSummaryPage>
  <com.dotmarketing.portlets.dashboard.model.DashboardSummaryPage>
    <id>16</id>
    <summary reference="../../com.dotmarketing.portlets.dashboard.model.DashboardSummaryPage[15]/summary"/>
    <inode>ffecf99d-8fbc-468e-9ab4-2d04db588d8a</inode>
    <uri>/home/index.html</uri>
    <hits>1</hits>
  </com.dotmarketing.portlets.dashboard.model.DashboardSummaryPage>
  <com.dotmarketing.portlets.dashboard.model.DashboardSummaryPage>
    <id>17</id>
    <summary>
      <id>9</id>
      <summaryPeriod>
        <id>9</id>
        <fullDate class="sql-timestamp">2013-07-26 04:00:00.0</fullDate>
        <day>26</day>
        <dayName>Friday</dayName>
        <week>4</week>
        <month>7</month>
        <monthName>July</monthName>
        <year>2013</year>
      </summaryPeriod>
      <hostId>48190c8c-42c4-46af-8d1a-0cd5db894797</hostId>
      <visits>7</visits>
      <pageViews>20</pageViews>
      <uniqueVisits>5</uniqueVisits>
      <newVisits>4</newVisits>
      <avgTimeOnSite class="sql-timestamp">1970-01-01 05:02:49.0</avgTimeOnSite>
      <bounceRate>0</bounceRate>
      <directTraffic>4</directTraffic>
      <referringSites>3</referringSites>
      <searchEngines>0</searchEngines>
    </summary>
    <inode>6e44d40b-bff9-40c7-8c03-22639cf7409b</inode>
    <uri>/products/index.html</uri>
    <hits>1</hits>
  </com.dotmarketing.portlets.dashboard.model.DashboardSummaryPage>
  <com.dotmarketing.portlets.dashboard.model.DashboardSummaryPage>
    <id>18</id>
    <summary reference="../../com.dotmarketing.portlets.dashboard.model.DashboardSummaryPage[17]/summary"/>
    <inode>87e5cd64-0329-4a9b-b812-95d9b9f194ac</inode>
    <uri>/application/login/login.html</uri>
    <hits>6</hits>
  </com.dotmarketing.portlets.dashboard.model.DashboardSummaryPage>
  <com.dotmarketing.portlets.dashboard.model.DashboardSummaryPage>
    <id>19</id>
    <summary reference="../../com.dotmarketing.portlets.dashboard.model.DashboardSummaryPage[17]/summary"/>
    <inode>975964f8-ef1f-451a-aa23-10a44c39ce98</inode>
    <uri>/application/ajax/location-clickstream.html</uri>
    <hits>2</hits>
  </com.dotmarketing.portlets.dashboard.model.DashboardSummaryPage>
  <com.dotmarketing.portlets.dashboard.model.DashboardSummaryPage>
    <id>20</id>
    <summary reference="../../com.dotmarketing.portlets.dashboard.model.DashboardSummaryPage[17]/summary"/>
    <inode>f29a5c05-2a93-46bc-8624-f4afaf62285d</inode>
    <uri>/resources/index.html</uri>
    <hits>1</hits>
  </com.dotmarketing.portlets.dashboard.model.DashboardSummaryPage>
  <com.dotmarketing.portlets.dashboard.model.DashboardSummaryPage>
    <id>21</id>
    <summary reference="../../com.dotmarketing.portlets.dashboard.model.DashboardSummaryPage[17]/summary"/>
    <inode>ffecf99d-8fbc-468e-9ab4-2d04db588d8a</inode>
    <uri>/home/index.html</uri>
    <hits>8</hits>
  </com.dotmarketing.portlets.dashboard.model.DashboardSummaryPage>
  <com.dotmarketing.portlets.dashboard.model.DashboardSummaryPage>
    <id>22</id>
    <summary reference="../../com.dotmarketing.portlets.dashboard.model.DashboardSummaryPage[17]/summary"/>
    <inode>c283033f-2e51-42e7-a2f1-0bf0d5a7e57b</inode>
    <uri>/news-events/news/index.html</uri>
    <hits>1</hits>
  </com.dotmarketing.portlets.dashboard.model.DashboardSummaryPage>
  <com.dotmarketing.portlets.dashboard.model.DashboardSummaryPage>
    <id>23</id>
    <summary>
      <id>10</id>
      <summaryPeriod>
        <id>10</id>
        <fullDate class="sql-timestamp">2013-08-01 04:00:00.0</fullDate>
        <day>1</day>
        <dayName>Thusday</dayName>
        <week>1</week>
        <month>8</month>
        <monthName>August</monthName>
        <year>2013</year>
      </summaryPeriod>
      <hostId>48190c8c-42c4-46af-8d1a-0cd5db894797</hostId>
      <visits>1</visits>
      <pageViews>6</pageViews>
      <uniqueVisits>1</uniqueVisits>
      <newVisits>1</newVisits>
      <avgTimeOnSite class="sql-timestamp">1970-01-01 05:00:11.0</avgTimeOnSite>
      <bounceRate>0</bounceRate>
      <directTraffic>0</directTraffic>
      <referringSites>1</referringSites>
      <searchEngines>0</searchEngines>
    </summary>
    <inode>6e44d40b-bff9-40c7-8c03-22639cf7409b</inode>
    <uri>/products/index.html</uri>
    <hits>1</hits>
  </com.dotmarketing.portlets.dashboard.model.DashboardSummaryPage>
  <com.dotmarketing.portlets.dashboard.model.DashboardSummaryPage>
    <id>24</id>
    <summary reference="../../com.dotmarketing.portlets.dashboard.model.DashboardSummaryPage[23]/summary"/>
    <inode>272ef951-bbd6-49c8-9a5c-83c947c0ed22</inode>
    <uri>/about-us/locations/index.html</uri>
    <hits>1</hits>
  </com.dotmarketing.portlets.dashboard.model.DashboardSummaryPage>
  <com.dotmarketing.portlets.dashboard.model.DashboardSummaryPage>
    <id>25</id>
    <summary reference="../../com.dotmarketing.portlets.dashboard.model.DashboardSummaryPage[23]/summary"/>
    <inode>f3bdd94c-e9df-4e9e-ac5f-4d6b1096b88b</inode>
    <uri>/services/investment-banking/index.html</uri>
    <hits>1</hits>
  </com.dotmarketing.portlets.dashboard.model.DashboardSummaryPage>
  <com.dotmarketing.portlets.dashboard.model.DashboardSummaryPage>
    <id>26</id>
    <summary reference="../../com.dotmarketing.portlets.dashboard.model.DashboardSummaryPage[23]/summary"/>
    <inode>c283033f-2e51-42e7-a2f1-0bf0d5a7e57b</inode>
    <uri>/news-events/news/index.html</uri>
    <hits>1</hits>
  </com.dotmarketing.portlets.dashboard.model.DashboardSummaryPage>
  <com.dotmarketing.portlets.dashboard.model.DashboardSummaryPage>
    <id>27</id>
    <summary reference="../../com.dotmarketing.portlets.dashboard.model.DashboardSummaryPage[23]/summary"/>
    <inode>f29a5c05-2a93-46bc-8624-f4afaf62285d</inode>
    <uri>/resources/index.html</uri>
    <hits>1</hits>
  </com.dotmarketing.portlets.dashboard.model.DashboardSummaryPage>
  <com.dotmarketing.portlets.dashboard.model.DashboardSummaryPage>
    <id>28</id>
    <summary reference="../../com.dotmarketing.portlets.dashboard.model.DashboardSummaryPage[23]/summary"/>
    <inode>ffecf99d-8fbc-468e-9ab4-2d04db588d8a</inode>
    <uri>/home/index.html</uri>
    <hits>1</hits>
  </com.dotmarketing.portlets.dashboard.model.DashboardSummaryPage>
  <com.dotmarketing.portlets.dashboard.model.DashboardSummaryPage>
    <id>29</id>
    <summary>
      <id>11</id>
      <summaryPeriod>
        <id>11</id>
        <fullDate class="sql-timestamp">2013-08-13 04:00:00.0</fullDate>
        <day>13</day>
        <dayName>Tuesday</dayName>
        <week>3</week>
        <month>8</month>
        <monthName>August</monthName>
        <year>2013</year>
      </summaryPeriod>
      <hostId>48190c8c-42c4-46af-8d1a-0cd5db894797</hostId>
      <visits>1</visits>
      <pageViews>4</pageViews>
      <uniqueVisits>1</uniqueVisits>
      <newVisits>1</newVisits>
      <avgTimeOnSite class="sql-timestamp">1970-01-01 05:00:51.0</avgTimeOnSite>
      <bounceRate>0</bounceRate>
      <directTraffic>0</directTraffic>
      <referringSites>1</referringSites>
      <searchEngines>0</searchEngines>
    </summary>
    <inode>272ef951-bbd6-49c8-9a5c-83c947c0ed22</inode>
    <uri>/about-us/locations/index.html</uri>
    <hits>2</hits>
  </com.dotmarketing.portlets.dashboard.model.DashboardSummaryPage>
  <com.dotmarketing.portlets.dashboard.model.DashboardSummaryPage>
    <id>30</id>
    <summary reference="../../com.dotmarketing.portlets.dashboard.model.DashboardSummaryPage[29]/summary"/>
    <inode>ffecf99d-8fbc-468e-9ab4-2d04db588d8a</inode>
    <uri>/home/index.html</uri>
    <hits>1</hits>
  </com.dotmarketing.portlets.dashboard.model.DashboardSummaryPage>
  <com.dotmarketing.portlets.dashboard.model.DashboardSummaryPage>
    <id>31</id>
    <summary reference="../../com.dotmarketing.portlets.dashboard.model.DashboardSummaryPage[29]/summary"/>
    <inode>23237d83-de7e-4d3f-b155-a6afe0177946</inode>
    <uri>/about-us/what-we-do.html</uri>
    <hits>1</hits>
  </com.dotmarketing.portlets.dashboard.model.DashboardSummaryPage>
  <com.dotmarketing.portlets.dashboard.model.DashboardSummaryPage>
    <id>32</id>
    <summary>
      <id>12</id>
      <summaryPeriod>
        <id>12</id>
        <fullDate class="sql-timestamp">2013-08-21 04:00:00.0</fullDate>
        <day>21</day>
        <dayName>Wednesday</dayName>
        <week>4</week>
        <month>8</month>
        <monthName>August</monthName>
        <year>2013</year>
      </summaryPeriod>
      <hostId>48190c8c-42c4-46af-8d1a-0cd5db894797</hostId>
      <visits>2</visits>
      <pageViews>19</pageViews>
      <uniqueVisits>1</uniqueVisits>
      <newVisits>1</newVisits>
      <avgTimeOnSite class="sql-timestamp">1970-01-01 05:02:58.0</avgTimeOnSite>
      <bounceRate>0</bounceRate>
      <directTraffic>1</directTraffic>
      <referringSites>1</referringSites>
      <searchEngines>0</searchEngines>
    </summary>
    <inode>ffecf99d-8fbc-468e-9ab4-2d04db588d8a</inode>
    <uri>/home/index.html</uri>
    <hits>1</hits>
  </com.dotmarketing.portlets.dashboard.model.DashboardSummaryPage>
  <com.dotmarketing.portlets.dashboard.model.DashboardSummaryPage>
    <id>33</id>
    <summary reference="../../com.dotmarketing.portlets.dashboard.model.DashboardSummaryPage[32]/summary"/>
    <inode>b4e44d44-83f9-4584-92d0-29519aa5314d</inode>
    <uri>/home/404-error.html</uri>
    <hits>6</hits>
  </com.dotmarketing.portlets.dashboard.model.DashboardSummaryPage>
  <com.dotmarketing.portlets.dashboard.model.DashboardSummaryPage>
    <id>34</id>
    <summary reference="../../com.dotmarketing.portlets.dashboard.model.DashboardSummaryPage[32]/summary"/>
    <inode>dcc0e72d-a793-4749-a61d-5f464672baf0</inode>
    <uri>/news-events/events/index.html</uri>
    <hits>2</hits>
  </com.dotmarketing.portlets.dashboard.model.DashboardSummaryPage>
  <com.dotmarketing.portlets.dashboard.model.DashboardSummaryPage>
    <id>35</id>
    <summary>
      <id>13</id>
      <summaryPeriod>
        <id>13</id>
        <fullDate class="sql-timestamp">2013-08-30 04:00:00.0</fullDate>
        <day>30</day>
        <dayName>Friday</dayName>
        <week>5</week>
        <month>8</month>
        <monthName>August</monthName>
        <year>2013</year>
      </summaryPeriod>
      <hostId>48190c8c-42c4-46af-8d1a-0cd5db894797</hostId>
      <visits>1</visits>
      <pageViews>3</pageViews>
      <uniqueVisits>1</uniqueVisits>
      <newVisits>1</newVisits>
      <avgTimeOnSite class="sql-timestamp">1970-01-01 05:00:06.0</avgTimeOnSite>
      <bounceRate>0</bounceRate>
      <directTraffic>0</directTraffic>
      <referringSites>1</referringSites>
      <searchEngines>0</searchEngines>
    </summary>
    <inode>272ef951-bbd6-49c8-9a5c-83c947c0ed22</inode>
    <uri>/about-us/locations/index.html</uri>
    <hits>1</hits>
  </com.dotmarketing.portlets.dashboard.model.DashboardSummaryPage>
  <com.dotmarketing.portlets.dashboard.model.DashboardSummaryPage>
    <id>36</id>
    <summary reference="../../com.dotmarketing.portlets.dashboard.model.DashboardSummaryPage[35]/summary"/>
    <inode>87e5cd64-0329-4a9b-b812-95d9b9f194ac</inode>
    <uri>/application/login/login.html</uri>
    <hits>1</hits>
  </com.dotmarketing.portlets.dashboard.model.DashboardSummaryPage>
  <com.dotmarketing.portlets.dashboard.model.DashboardSummaryPage>
    <id>37</id>
    <summary reference="../../com.dotmarketing.portlets.dashboard.model.DashboardSummaryPage[35]/summary"/>
    <inode>ffecf99d-8fbc-468e-9ab4-2d04db588d8a</inode>
    <uri>/home/index.html</uri>
    <hits>1</hits>
  </com.dotmarketing.portlets.dashboard.model.DashboardSummaryPage>
  <com.dotmarketing.portlets.dashboard.model.DashboardSummaryPage>
    <id>38</id>
    <summary>
      <id>14</id>
      <summaryPeriod>
        <id>14</id>
        <fullDate class="sql-timestamp">2013-10-16 04:00:00.0</fullDate>
        <day>16</day>
        <dayName>Wednesday</dayName>
        <week>3</week>
        <month>10</month>
        <monthName>October</monthName>
        <year>2013</year>
      </summaryPeriod>
      <hostId>48190c8c-42c4-46af-8d1a-0cd5db894797</hostId>
      <visits>1</visits>
      <pageViews>3</pageViews>
      <uniqueVisits>1</uniqueVisits>
      <newVisits>1</newVisits>
      <avgTimeOnSite class="sql-timestamp">1970-01-01 05:03:37.0</avgTimeOnSite>
      <bounceRate>0</bounceRate>
      <directTraffic>0</directTraffic>
      <referringSites>1</referringSites>
      <searchEngines>0</searchEngines>
    </summary>
    <inode>ffecf99d-8fbc-468e-9ab4-2d04db588d8a</inode>
    <uri>/home/index.html</uri>
    <hits>2</hits>
  </com.dotmarketing.portlets.dashboard.model.DashboardSummaryPage>
  <com.dotmarketing.portlets.dashboard.model.DashboardSummaryPage>
    <id>39</id>
    <summary>
      <id>15</id>
      <summaryPeriod>
        <id>15</id>
        <fullDate class="sql-timestamp">2013-10-17 04:00:00.0</fullDate>
        <day>17</day>
        <dayName>Thusday</dayName>
        <week>3</week>
        <month>10</month>
        <monthName>October</monthName>
        <year>2013</year>
      </summaryPeriod>
      <hostId>48190c8c-42c4-46af-8d1a-0cd5db894797</hostId>
      <visits>1</visits>
      <pageViews>7</pageViews>
      <uniqueVisits>1</uniqueVisits>
      <newVisits>0</newVisits>
      <avgTimeOnSite class="sql-timestamp">1970-01-01 05:01:22.0</avgTimeOnSite>
      <bounceRate>0</bounceRate>
      <directTraffic>0</directTraffic>
      <referringSites>1</referringSites>
      <searchEngines>0</searchEngines>
    </summary>
    <inode>6e44d40b-bff9-40c7-8c03-22639cf7409b</inode>
    <uri>/products/index.html</uri>
    <hits>1</hits>
  </com.dotmarketing.portlets.dashboard.model.DashboardSummaryPage>
  <com.dotmarketing.portlets.dashboard.model.DashboardSummaryPage>
    <id>40</id>
    <summary reference="../../com.dotmarketing.portlets.dashboard.model.DashboardSummaryPage[39]/summary"/>
    <inode>f3bdd94c-e9df-4e9e-ac5f-4d6b1096b88b</inode>
    <uri>/services/investment-banking/index.html</uri>
    <hits>1</hits>
  </com.dotmarketing.portlets.dashboard.model.DashboardSummaryPage>
  <com.dotmarketing.portlets.dashboard.model.DashboardSummaryPage>
    <id>41</id>
    <summary reference="../../com.dotmarketing.portlets.dashboard.model.DashboardSummaryPage[39]/summary"/>
    <inode>a6ab6d74-92fe-4f24-b4f6-0dd43d21f856</inode>
    <uri>/services/market-research/index.html</uri>
    <hits>1</hits>
  </com.dotmarketing.portlets.dashboard.model.DashboardSummaryPage>
  <com.dotmarketing.portlets.dashboard.model.DashboardSummaryPage>
    <id>42</id>
    <summary reference="../../com.dotmarketing.portlets.dashboard.model.DashboardSummaryPage[39]/summary"/>
    <inode>8f546505-8acd-4ec0-902c-e30381a99e45</inode>
    <uri>/services/private-banking/index.html</uri>
    <hits>1</hits>
  </com.dotmarketing.portlets.dashboard.model.DashboardSummaryPage>
  <com.dotmarketing.portlets.dashboard.model.DashboardSummaryPage>
    <id>43</id>
    <summary reference="../../com.dotmarketing.portlets.dashboard.model.DashboardSummaryPage[39]/summary"/>
    <inode>f29a5c05-2a93-46bc-8624-f4afaf62285d</inode>
    <uri>/resources/index.html</uri>
    <hits>1</hits>
  </com.dotmarketing.portlets.dashboard.model.DashboardSummaryPage>
  <com.dotmarketing.portlets.dashboard.model.DashboardSummaryPage>
    <id>44</id>
    <summary reference="../../com.dotmarketing.portlets.dashboard.model.DashboardSummaryPage[39]/summary"/>
    <inode>ffecf99d-8fbc-468e-9ab4-2d04db588d8a</inode>
    <uri>/home/index.html</uri>
    <hits>2</hits>
  </com.dotmarketing.portlets.dashboard.model.DashboardSummaryPage>
  <com.dotmarketing.portlets.dashboard.model.DashboardSummaryPage>
    <id>45</id>
    <summary>
      <id>16</id>
      <summaryPeriod>
        <id>16</id>
        <fullDate class="sql-timestamp">2013-10-21 04:00:00.0</fullDate>
        <day>21</day>
        <dayName>Monday</dayName>
        <week>4</week>
        <month>10</month>
        <monthName>October</monthName>
        <year>2013</year>
      </summaryPeriod>
      <hostId>48190c8c-42c4-46af-8d1a-0cd5db894797</hostId>
      <visits>3</visits>
      <pageViews>6</pageViews>
      <uniqueVisits>2</uniqueVisits>
      <newVisits>2</newVisits>
      <avgTimeOnSite class="sql-timestamp">1970-01-01 05:00:07.0</avgTimeOnSite>
      <bounceRate>0</bounceRate>
      <directTraffic>0</directTraffic>
      <referringSites>3</referringSites>
      <searchEngines>0</searchEngines>
    </summary>
    <inode>ffecf99d-8fbc-468e-9ab4-2d04db588d8a</inode>
    <uri>/home/index.html</uri>
    <hits>3</hits>
  </com.dotmarketing.portlets.dashboard.model.DashboardSummaryPage>
  <com.dotmarketing.portlets.dashboard.model.DashboardSummaryPage>
    <id>46</id>
    <summary reference="../../com.dotmarketing.portlets.dashboard.model.DashboardSummaryPage[45]/summary"/>
    <inode>4c391f70-4e24-48f4-b9bf-2701afd81d71</inode>
    <uri>/home/site-search.html</uri>
    <hits>3</hits>
  </com.dotmarketing.portlets.dashboard.model.DashboardSummaryPage>
  <com.dotmarketing.portlets.dashboard.model.DashboardSummaryPage>
    <id>47</id>
    <summary>
      <id>17</id>
      <summaryPeriod>
        <id>17</id>
        <fullDate class="sql-timestamp">2013-10-28 04:00:00.0</fullDate>
        <day>28</day>
        <dayName>Monday</dayName>
        <week>5</week>
        <month>10</month>
        <monthName>October</monthName>
        <year>2013</year>
      </summaryPeriod>
      <hostId>48190c8c-42c4-46af-8d1a-0cd5db894797</hostId>
      <visits>1</visits>
      <pageViews>4</pageViews>
      <uniqueVisits>1</uniqueVisits>
      <newVisits>1</newVisits>
      <avgTimeOnSite class="sql-timestamp">1970-01-01 05:00:34.0</avgTimeOnSite>
      <bounceRate>0</bounceRate>
      <directTraffic>0</directTraffic>
      <referringSites>1</referringSites>
      <searchEngines>0</searchEngines>
    </summary>
    <inode>dcc0e72d-a793-4749-a61d-5f464672baf0</inode>
    <uri>/news-events/events/index.html</uri>
    <hits>1</hits>
  </com.dotmarketing.portlets.dashboard.model.DashboardSummaryPage>
  <com.dotmarketing.portlets.dashboard.model.DashboardSummaryPage>
    <id>48</id>
    <summary reference="../../com.dotmarketing.portlets.dashboard.model.DashboardSummaryPage[47]/summary"/>
    <inode>ffecf99d-8fbc-468e-9ab4-2d04db588d8a</inode>
    <uri>/home/index.html</uri>
    <hits>1</hits>
  </com.dotmarketing.portlets.dashboard.model.DashboardSummaryPage>
  <com.dotmarketing.portlets.dashboard.model.DashboardSummaryPage>
    <id>49</id>
    <summary>
      <id>18</id>
      <summaryPeriod>
        <id>18</id>
        <fullDate class="sql-timestamp">2013-11-12 05:00:00.0</fullDate>
        <day>12</day>
        <dayName>Tuesday</dayName>
        <week>3</week>
        <month>11</month>
        <monthName>November</monthName>
        <year>2013</year>
      </summaryPeriod>
      <hostId>48190c8c-42c4-46af-8d1a-0cd5db894797</hostId>
      <visits>1</visits>
      <pageViews>2</pageViews>
      <uniqueVisits>1</uniqueVisits>
      <newVisits>1</newVisits>
      <avgTimeOnSite class="sql-timestamp">1970-01-01 05:00:12.0</avgTimeOnSite>
      <bounceRate>0</bounceRate>
      <directTraffic>1</directTraffic>
      <referringSites>0</referringSites>
      <searchEngines>0</searchEngines>
    </summary>
    <inode>272ef951-bbd6-49c8-9a5c-83c947c0ed22</inode>
    <uri>/about-us/locations/index.html</uri>
    <hits>1</hits>
  </com.dotmarketing.portlets.dashboard.model.DashboardSummaryPage>
  <com.dotmarketing.portlets.dashboard.model.DashboardSummaryPage>
    <id>50</id>
    <summary reference="../../com.dotmarketing.portlets.dashboard.model.DashboardSummaryPage[49]/summary"/>
    <inode>ffecf99d-8fbc-468e-9ab4-2d04db588d8a</inode>
    <uri>/home/index.html</uri>
    <hits>1</hits>
  </com.dotmarketing.portlets.dashboard.model.DashboardSummaryPage>
  <com.dotmarketing.portlets.dashboard.model.DashboardSummaryPage>
    <id>51</id>
    <summary>
      <id>19</id>
      <summaryPeriod>
        <id>19</id>
        <fullDate class="sql-timestamp">2014-01-07 05:00:00.0</fullDate>
        <day>7</day>
        <dayName>Tuesday</dayName>
        <week>2</week>
        <month>1</month>
        <monthName>January</monthName>
        <year>2014</year>
      </summaryPeriod>
      <hostId>48190c8c-42c4-46af-8d1a-0cd5db894797</hostId>
      <visits>1</visits>
      <pageViews>2</pageViews>
      <uniqueVisits>1</uniqueVisits>
      <newVisits>1</newVisits>
      <avgTimeOnSite class="sql-timestamp">1970-01-01 05:00:39.0</avgTimeOnSite>
      <bounceRate>0</bounceRate>
      <directTraffic>1</directTraffic>
      <referringSites>0</referringSites>
      <searchEngines>0</searchEngines>
    </summary>
    <inode>6e44d40b-bff9-40c7-8c03-22639cf7409b</inode>
    <uri>/products/index.html</uri>
    <hits>1</hits>
  </com.dotmarketing.portlets.dashboard.model.DashboardSummaryPage>
  <com.dotmarketing.portlets.dashboard.model.DashboardSummaryPage>
    <id>52</id>
    <summary reference="../../com.dotmarketing.portlets.dashboard.model.DashboardSummaryPage[51]/summary"/>
    <inode>ffecf99d-8fbc-468e-9ab4-2d04db588d8a</inode>
    <uri>/home/index.html</uri>
    <hits>1</hits>
  </com.dotmarketing.portlets.dashboard.model.DashboardSummaryPage>
  <com.dotmarketing.portlets.dashboard.model.DashboardSummaryPage>
    <id>53</id>
    <summary>
      <id>20</id>
      <summaryPeriod>
        <id>20</id>
        <fullDate class="sql-timestamp">2014-03-06 05:00:00.0</fullDate>
        <day>6</day>
        <dayName>Thusday</dayName>
        <week>2</week>
        <month>3</month>
        <monthName>March</monthName>
        <year>2014</year>
      </summaryPeriod>
      <hostId>48190c8c-42c4-46af-8d1a-0cd5db894797</hostId>
      <visits>1</visits>
      <pageViews>2</pageViews>
      <uniqueVisits>1</uniqueVisits>
      <newVisits>1</newVisits>
      <avgTimeOnSite class="sql-timestamp">1970-01-01 05:00:06.0</avgTimeOnSite>
      <bounceRate>0</bounceRate>
      <directTraffic>1</directTraffic>
      <referringSites>0</referringSites>
      <searchEngines>0</searchEngines>
    </summary>
    <inode>6e44d40b-bff9-40c7-8c03-22639cf7409b</inode>
    <uri>/products/index.html</uri>
    <hits>1</hits>
  </com.dotmarketing.portlets.dashboard.model.DashboardSummaryPage>
  <com.dotmarketing.portlets.dashboard.model.DashboardSummaryPage>
    <id>54</id>
    <summary reference="../../com.dotmarketing.portlets.dashboard.model.DashboardSummaryPage[53]/summary"/>
    <inode>ffecf99d-8fbc-468e-9ab4-2d04db588d8a</inode>
    <uri>/home/index.html</uri>
    <hits>1</hits>
  </com.dotmarketing.portlets.dashboard.model.DashboardSummaryPage>
  <com.dotmarketing.portlets.dashboard.model.DashboardSummaryPage>
    <id>55</id>
    <summary>
      <id>21</id>
      <summaryPeriod>
        <id>21</id>
        <fullDate class="sql-timestamp">2014-03-13 04:00:00.0</fullDate>
        <day>13</day>
        <dayName>Thusday</dayName>
        <week>3</week>
        <month>3</month>
        <monthName>March</monthName>
        <year>2014</year>
      </summaryPeriod>
      <hostId>48190c8c-42c4-46af-8d1a-0cd5db894797</hostId>
      <visits>3</visits>
      <pageViews>8</pageViews>
      <uniqueVisits>3</uniqueVisits>
      <newVisits>3</newVisits>
      <avgTimeOnSite class="sql-timestamp">1970-01-01 05:00:12.0</avgTimeOnSite>
      <bounceRate>0</bounceRate>
      <directTraffic>2</directTraffic>
      <referringSites>1</referringSites>
      <searchEngines>0</searchEngines>
    </summary>
    <inode>87e5cd64-0329-4a9b-b812-95d9b9f194ac</inode>
    <uri>/application/login/login.html</uri>
    <hits>2</hits>
  </com.dotmarketing.portlets.dashboard.model.DashboardSummaryPage>
  <com.dotmarketing.portlets.dashboard.model.DashboardSummaryPage>
    <id>56</id>
    <summary reference="../../com.dotmarketing.portlets.dashboard.model.DashboardSummaryPage[55]/summary"/>
    <inode>c283033f-2e51-42e7-a2f1-0bf0d5a7e57b</inode>
    <uri>/news-events/news/index.html</uri>
    <hits>1</hits>
  </com.dotmarketing.portlets.dashboard.model.DashboardSummaryPage>
  <com.dotmarketing.portlets.dashboard.model.DashboardSummaryPage>
    <id>57</id>
    <summary reference="../../com.dotmarketing.portlets.dashboard.model.DashboardSummaryPage[55]/summary"/>
    <inode>c3648875-dfd1-46be-bd2a-f2ebe1c2436e</inode>
    <uri>/intranet/index.html</uri>
    <hits>1</hits>
  </com.dotmarketing.portlets.dashboard.model.DashboardSummaryPage>
  <com.dotmarketing.portlets.dashboard.model.DashboardSummaryPage>
    <id>58</id>
    <summary reference="../../com.dotmarketing.portlets.dashboard.model.DashboardSummaryPage[55]/summary"/>
    <inode>03a0eb77-fe0d-4cb3-92b9-4b8ace303c85</inode>
    <uri>/application/myaccount/my_account.html</uri>
    <hits>1</hits>
  </com.dotmarketing.portlets.dashboard.model.DashboardSummaryPage>
  <com.dotmarketing.portlets.dashboard.model.DashboardSummaryPage>
    <id>59</id>
    <summary reference="../../com.dotmarketing.portlets.dashboard.model.DashboardSummaryPage[55]/summary"/>
    <inode>ffecf99d-8fbc-468e-9ab4-2d04db588d8a</inode>
    <uri>/home/index.html</uri>
    <hits>3</hits>
  </com.dotmarketing.portlets.dashboard.model.DashboardSummaryPage>
  <com.dotmarketing.portlets.dashboard.model.DashboardSummaryPage>
    <id>60</id>
    <summary>
      <id>22</id>
      <summaryPeriod>
        <id>22</id>
        <fullDate class="sql-timestamp">2014-03-19 04:00:00.0</fullDate>
        <day>19</day>
        <dayName>Wednesday</dayName>
        <week>4</week>
        <month>3</month>
        <monthName>March</monthName>
        <year>2014</year>
      </summaryPeriod>
      <hostId>48190c8c-42c4-46af-8d1a-0cd5db894797</hostId>
      <visits>1</visits>
      <pageViews>2</pageViews>
      <uniqueVisits>1</uniqueVisits>
      <newVisits>1</newVisits>
      <avgTimeOnSite class="sql-timestamp">1970-01-01 05:00:10.0</avgTimeOnSite>
      <bounceRate>0</bounceRate>
      <directTraffic>1</directTraffic>
      <referringSites>0</referringSites>
      <searchEngines>0</searchEngines>
    </summary>
    <inode>ffecf99d-8fbc-468e-9ab4-2d04db588d8a</inode>
    <uri>/home/index.html</uri>
    <hits>1</hits>
  </com.dotmarketing.portlets.dashboard.model.DashboardSummaryPage>
  <com.dotmarketing.portlets.dashboard.model.DashboardSummaryPage>
    <id>61</id>
    <summary reference="../../com.dotmarketing.portlets.dashboard.model.DashboardSummaryPage[60]/summary"/>
    <inode>b4e44d44-83f9-4584-92d0-29519aa5314d</inode>
    <uri>/home/404-error.html</uri>
    <hits>1</hits>
  </com.dotmarketing.portlets.dashboard.model.DashboardSummaryPage>
</list>