<list>
  <com.dotmarketing.portlets.workflows.model.WorkflowHistory>
    <id>01e893f6-22fe-43af-81ad-0538584aa678</id>
    <creationDate class="sql-timestamp">2012-06-06 16:44:34.93</creationDate>
    <madeBy>dotcms.org.1</madeBy>
    <changeDescription>Description</changeDescription>
    <workflowtaskId>328ef032-a655-4d47-b143-96768db5fc48</workflowtaskId>
    <actionId>7309ed0d-cbf9-4b02-aa3c-8b599fd2a718</actionId>
    <stepId>c965f6a5-0a4f-4b87-899d-053f84012e5e</stepId>
  </com.dotmarketing.portlets.workflows.model.WorkflowHistory>
  <com.dotmarketing.portlets.workflows.model.WorkflowHistory>
    <id>0262aa25-1780-41ce-a1b1-9a126e9b212b</id>
    <creationDate class="sql-timestamp">2012-06-06 17:33:14.521</creationDate>
    <madeBy>dotcms.org.1</madeBy>
    <changeDescription>Description</changeDescription>
    <workflowtaskId>fb08ed09-b252-4d19-8981-8615ad247dba</workflowtaskId>
    <actionId>659751a5-a5e3-40ed-a799-e3aa7a83dfd8</actionId>
    <stepId>5066a6c6-fbb3-4d4b-8b94-3f74d368e126</stepId>
  </com.dotmarketing.portlets.workflows.model.WorkflowHistory>
  <com.dotmarketing.portlets.workflows.model.WorkflowHistory>
    <id>0a544e50-857b-45e7-a784-9e9efd76b3b3</id>
    <creationDate class="sql-timestamp">2012-06-19 19:01:39.212</creationDate>
    <madeBy>dotcms.org.1</madeBy>
    <changeDescription>Description</changeDescription>
    <workflowtaskId>cde9f541-16c7-422c-8d44-e9d0386e94db</workflowtaskId>
    <actionId>7309ed0d-cbf9-4b02-aa3c-8b599fd2a718</actionId>
    <stepId>c965f6a5-0a4f-4b87-899d-053f84012e5e</stepId>
  </com.dotmarketing.portlets.workflows.model.WorkflowHistory>
  <com.dotmarketing.portlets.workflows.model.WorkflowHistory>
    <id>0c5665bf-82f8-46bf-81c2-42c7fc49199f</id>
    <creationDate class="sql-timestamp">2012-06-06 16:44:50.3</creationDate>
    <madeBy>dotcms.org.1</madeBy>
    <changeDescription>Description</changeDescription>
    <workflowtaskId>c7391e2a-615d-47b8-a270-594e3b4bcc40</workflowtaskId>
    <actionId>7309ed0d-cbf9-4b02-aa3c-8b599fd2a718</actionId>
    <stepId>c965f6a5-0a4f-4b87-899d-053f84012e5e</stepId>
  </com.dotmarketing.portlets.workflows.model.WorkflowHistory>
  <com.dotmarketing.portlets.workflows.model.WorkflowHistory>
    <id>0d7a837e-0c61-40b3-bcda-e2ad2efd15ee</id>
    <creationDate class="sql-timestamp">2012-06-06 16:44:33.335</creationDate>
    <madeBy>dotcms.org.1</madeBy>
    <changeDescription>Description</changeDescription>
    <workflowtaskId>2c6d0d9b-df28-45bc-8039-5a34101f6b68</workflowtaskId>
    <actionId>7309ed0d-cbf9-4b02-aa3c-8b599fd2a718</actionId>
    <stepId>c965f6a5-0a4f-4b87-899d-053f84012e5e</stepId>
  </com.dotmarketing.portlets.workflows.model.WorkflowHistory>
  <com.dotmarketing.portlets.workflows.model.WorkflowHistory>
    <id>0fe6443b-94d6-4f9a-92ca-8942797098c2</id>
    <creationDate class="sql-timestamp">2012-06-06 16:43:59.561</creationDate>
    <madeBy>dotcms.org.1</madeBy>
    <changeDescription>Description</changeDescription>
    <workflowtaskId>7d73243a-be24-4baa-8684-0e603267088e</workflowtaskId>
    <actionId>7309ed0d-cbf9-4b02-aa3c-8b599fd2a718</actionId>
    <stepId>c965f6a5-0a4f-4b87-899d-053f84012e5e</stepId>
  </com.dotmarketing.portlets.workflows.model.WorkflowHistory>
  <com.dotmarketing.portlets.workflows.model.WorkflowHistory>
    <id>10a39c2e-8330-4c20-827a-bf2e87535d89</id>
    <creationDate class="sql-timestamp">2012-06-12 12:20:42.211</creationDate>
    <madeBy>dotcms.org.1</madeBy>
    <changeDescription>Description</changeDescription>
    <workflowtaskId>16c4feef-7aed-473e-904d-5e3987c8bcad</workflowtaskId>
    <actionId>659751a5-a5e3-40ed-a799-e3aa7a83dfd8</actionId>
    <stepId>5066a6c6-fbb3-4d4b-8b94-3f74d368e126</stepId>
  </com.dotmarketing.portlets.workflows.model.WorkflowHistory>
  <com.dotmarketing.portlets.workflows.model.WorkflowHistory>
    <id>10bb21a3-8d85-495a-b4d2-18ff4a333b1c</id>
    <creationDate class="sql-timestamp">2012-06-12 12:20:41.356</creationDate>
    <madeBy>dotcms.org.1</madeBy>
    <changeDescription>Description</changeDescription>
    <workflowtaskId>ed69885f-acfd-48b1-99a8-540b443c799f</workflowtaskId>
    <actionId>659751a5-a5e3-40ed-a799-e3aa7a83dfd8</actionId>
    <stepId>5066a6c6-fbb3-4d4b-8b94-3f74d368e126</stepId>
  </com.dotmarketing.portlets.workflows.model.WorkflowHistory>
  <com.dotmarketing.portlets.workflows.model.WorkflowHistory>
    <id>126ff12d-8d77-4ca4-a76f-535c3730416c</id>
    <creationDate class="sql-timestamp">2012-06-06 16:44:04.441</creationDate>
    <madeBy>dotcms.org.1</madeBy>
    <changeDescription>Description</changeDescription>
    <workflowtaskId>0c35dd98-becf-4fa0-b106-2c4c1a32c6c2</workflowtaskId>
    <actionId>7309ed0d-cbf9-4b02-aa3c-8b599fd2a718</actionId>
    <stepId>c965f6a5-0a4f-4b87-899d-053f84012e5e</stepId>
  </com.dotmarketing.portlets.workflows.model.WorkflowHistory>
  <com.dotmarketing.portlets.workflows.model.WorkflowHistory>
    <id>141278ea-0efc-4dbf-ad58-753e01c1c085</id>
    <creationDate class="sql-timestamp">2012-06-12 12:20:43.147</creationDate>
    <madeBy>dotcms.org.1</madeBy>
    <changeDescription>Description</changeDescription>
    <workflowtaskId>e2ddfbc7-cc76-47a8-9171-58512a38b448</workflowtaskId>
    <actionId>659751a5-a5e3-40ed-a799-e3aa7a83dfd8</actionId>
    <stepId>5066a6c6-fbb3-4d4b-8b94-3f74d368e126</stepId>
  </com.dotmarketing.portlets.workflows.model.WorkflowHistory>
  <com.dotmarketing.portlets.workflows.model.WorkflowHistory>
    <id>15dc4e60-3058-4625-afc3-5eae51347f3c</id>
    <creationDate class="sql-timestamp">2012-07-05 17:08:30.642</creationDate>
    <madeBy>dotcms.org.1</madeBy>
    <changeDescription>Description</changeDescription>
    <workflowtaskId>f1d0603b-8c00-445e-8c68-ec88fa8cd5cb</workflowtaskId>
    <actionId>7309ed0d-cbf9-4b02-aa3c-8b599fd2a718</actionId>
    <stepId>c965f6a5-0a4f-4b87-899d-053f84012e5e</stepId>
  </com.dotmarketing.portlets.workflows.model.WorkflowHistory>
  <com.dotmarketing.portlets.workflows.model.WorkflowHistory>
    <id>16fc1fb0-e50c-418a-97d7-680ed1eebdc2</id>
    <creationDate class="sql-timestamp">2012-06-06 16:43:40.973</creationDate>
    <madeBy>dotcms.org.1</madeBy>
    <changeDescription>Description</changeDescription>
    <workflowtaskId>7d73243a-be24-4baa-8684-0e603267088e</workflowtaskId>
    <actionId>7309ed0d-cbf9-4b02-aa3c-8b599fd2a718</actionId>
    <stepId>c965f6a5-0a4f-4b87-899d-053f84012e5e</stepId>
  </com.dotmarketing.portlets.workflows.model.WorkflowHistory>
  <com.dotmarketing.portlets.workflows.model.WorkflowHistory>
    <id>1bb57096-0d56-4ad7-9463-e8e7dabfcd82</id>
    <creationDate class="sql-timestamp">2012-06-12 12:20:43.365</creationDate>
    <madeBy>dotcms.org.1</madeBy>
    <changeDescription>Description</changeDescription>
    <workflowtaskId>ec465fb3-17df-4a25-9713-dcaaff4b6321</workflowtaskId>
    <actionId>659751a5-a5e3-40ed-a799-e3aa7a83dfd8</actionId>
    <stepId>5066a6c6-fbb3-4d4b-8b94-3f74d368e126</stepId>
  </com.dotmarketing.portlets.workflows.model.WorkflowHistory>
  <com.dotmarketing.portlets.workflows.model.WorkflowHistory>
    <id>1d3a5a3d-30cf-45cb-917d-c8c0527fe852</id>
    <creationDate class="sql-timestamp">2012-06-12 12:20:42.808</creationDate>
    <madeBy>dotcms.org.1</madeBy>
    <changeDescription>Description</changeDescription>
    <workflowtaskId>87f64180-b9ca-4fc1-a34e-3e2297fdd7e3</workflowtaskId>
    <actionId>659751a5-a5e3-40ed-a799-e3aa7a83dfd8</actionId>
    <stepId>5066a6c6-fbb3-4d4b-8b94-3f74d368e126</stepId>
  </com.dotmarketing.portlets.workflows.model.WorkflowHistory>
  <com.dotmarketing.portlets.workflows.model.WorkflowHistory>
    <id>1d4bab12-4b26-4b43-b721-0274dde93f32</id>
    <creationDate class="sql-timestamp">2012-06-12 12:20:43.491</creationDate>
    <madeBy>dotcms.org.1</madeBy>
    <changeDescription>Description</changeDescription>
    <workflowtaskId>35f96d95-12ae-47db-bdcf-a20646154686</workflowtaskId>
    <actionId>659751a5-a5e3-40ed-a799-e3aa7a83dfd8</actionId>
    <stepId>5066a6c6-fbb3-4d4b-8b94-3f74d368e126</stepId>
  </com.dotmarketing.portlets.workflows.model.WorkflowHistory>
  <com.dotmarketing.portlets.workflows.model.WorkflowHistory>
    <id>1f41a3f2-a716-4f93-a09b-354e616e90d1</id>
    <creationDate class="sql-timestamp">2012-07-05 17:09:59.269</creationDate>
    <madeBy>dotcms.org.1</madeBy>
    <changeDescription>Description</changeDescription>
    <workflowtaskId>8db277ac-3e39-4355-bb21-70c9569ff201</workflowtaskId>
    <actionId>659751a5-a5e3-40ed-a799-e3aa7a83dfd8</actionId>
    <stepId>5066a6c6-fbb3-4d4b-8b94-3f74d368e126</stepId>
  </com.dotmarketing.portlets.workflows.model.WorkflowHistory>
  <com.dotmarketing.portlets.workflows.model.WorkflowHistory>
    <id>222ee9b6-bb95-4b86-b806-8f6a071355fb</id>
    <creationDate class="sql-timestamp">2012-06-06 16:44:38.358</creationDate>
    <madeBy>dotcms.org.1</madeBy>
    <changeDescription>Description</changeDescription>
    <workflowtaskId>ed30bb23-5886-4058-99ee-4d0a2d7b53ec</workflowtaskId>
    <actionId>7309ed0d-cbf9-4b02-aa3c-8b599fd2a718</actionId>
    <stepId>c965f6a5-0a4f-4b87-899d-053f84012e5e</stepId>
  </com.dotmarketing.portlets.workflows.model.WorkflowHistory>
  <com.dotmarketing.portlets.workflows.model.WorkflowHistory>
    <id>28b2fbd7-394e-4131-a4d6-87890e89e48e</id>
    <creationDate class="sql-timestamp">2012-07-05 17:10:59.773</creationDate>
    <madeBy>dotcms.org.1</madeBy>
    <changeDescription>Description</changeDescription>
    <workflowtaskId>bb7cd475-e26b-4af2-aae7-bbac75b1ffa2</workflowtaskId>
    <actionId>7309ed0d-cbf9-4b02-aa3c-8b599fd2a718</actionId>
    <stepId>c965f6a5-0a4f-4b87-899d-053f84012e5e</stepId>
  </com.dotmarketing.portlets.workflows.model.WorkflowHistory>
  <com.dotmarketing.portlets.workflows.model.WorkflowHistory>
    <id>294c563a-d207-470b-ab99-e303d96757a8</id>
    <creationDate class="sql-timestamp">2012-06-06 16:45:30.215</creationDate>
    <madeBy>dotcms.org.1</madeBy>
    <changeDescription>Description</changeDescription>
    <workflowtaskId>328ef032-a655-4d47-b143-96768db5fc48</workflowtaskId>
    <actionId>7309ed0d-cbf9-4b02-aa3c-8b599fd2a718</actionId>
    <stepId>c965f6a5-0a4f-4b87-899d-053f84012e5e</stepId>
  </com.dotmarketing.portlets.workflows.model.WorkflowHistory>
  <com.dotmarketing.portlets.workflows.model.WorkflowHistory>
    <id>29f5be73-9466-43c4-a0a8-d12df41c5e5c</id>
    <creationDate class="sql-timestamp">2012-07-05 17:09:11.45</creationDate>
    <madeBy>dotcms.org.1</madeBy>
    <changeDescription>Description</changeDescription>
    <workflowtaskId>bb7cd475-e26b-4af2-aae7-bbac75b1ffa2</workflowtaskId>
    <actionId>365d9758-8312-414d-8c1e-b7b0b3df7964</actionId>
    <stepId>c965f6a5-0a4f-4b87-899d-053f84012e5e</stepId>
  </com.dotmarketing.portlets.workflows.model.WorkflowHistory>
  <com.dotmarketing.portlets.workflows.model.WorkflowHistory>
    <id>2dc5753e-4159-419c-a609-765d359fbf98</id>
    <creationDate class="sql-timestamp">2012-07-05 17:02:51.256</creationDate>
    <madeBy>dotcms.org.1</madeBy>
    <changeDescription>Description</changeDescription>
    <workflowtaskId>f1d0603b-8c00-445e-8c68-ec88fa8cd5cb</workflowtaskId>
    <actionId>a15fc339-dbad-4f60-b0ec-3cef2ac080cd</actionId>
    <stepId>5066a6c6-fbb3-4d4b-8b94-3f74d368e126</stepId>
  </com.dotmarketing.portlets.workflows.model.WorkflowHistory>
  <com.dotmarketing.portlets.workflows.model.WorkflowHistory>
    <id>354c0f96-6797-4a38-846e-282910a82c41</id>
    <creationDate class="sql-timestamp">2012-06-06 16:46:00.047</creationDate>
    <madeBy>dotcms.org.1</madeBy>
    <changeDescription>Description</changeDescription>
    <workflowtaskId>30b57467-ed8b-4ed1-bf8c-7f43bc6576d8</workflowtaskId>
    <actionId>7309ed0d-cbf9-4b02-aa3c-8b599fd2a718</actionId>
    <stepId>c965f6a5-0a4f-4b87-899d-053f84012e5e</stepId>
  </com.dotmarketing.portlets.workflows.model.WorkflowHistory>
  <com.dotmarketing.portlets.workflows.model.WorkflowHistory>
    <id>367695c5-36b5-45e7-8efe-9df75ae09f65</id>
    <creationDate class="sql-timestamp">2012-07-05 17:08:47.394</creationDate>
    <madeBy>dotcms.org.1</madeBy>
    <changeDescription>Description</changeDescription>
    <workflowtaskId>f1d0603b-8c00-445e-8c68-ec88fa8cd5cb</workflowtaskId>
    <actionId>659751a5-a5e3-40ed-a799-e3aa7a83dfd8</actionId>
    <stepId>5066a6c6-fbb3-4d4b-8b94-3f74d368e126</stepId>
  </com.dotmarketing.portlets.workflows.model.WorkflowHistory>
  <com.dotmarketing.portlets.workflows.model.WorkflowHistory>
    <id>36f5c041-60b2-4c10-b2f4-4eff952ae03a</id>
    <creationDate class="sql-timestamp">2012-06-08 16:01:25.259</creationDate>
    <madeBy>dotcms.org.1</madeBy>
    <changeDescription>Description</changeDescription>
    <workflowtaskId>ed69885f-acfd-48b1-99a8-540b443c799f</workflowtaskId>
    <actionId>7309ed0d-cbf9-4b02-aa3c-8b599fd2a718</actionId>
    <stepId>c965f6a5-0a4f-4b87-899d-053f84012e5e</stepId>
  </com.dotmarketing.portlets.workflows.model.WorkflowHistory>
  <com.dotmarketing.portlets.workflows.model.WorkflowHistory>
    <id>3a7541db-4792-4604-ae53-fe94ebbbef94</id>
    <creationDate class="sql-timestamp">2012-06-12 12:20:42.07</creationDate>
    <madeBy>dotcms.org.1</madeBy>
    <changeDescription>Description</changeDescription>
    <workflowtaskId>14e6cf9b-fca5-4c98-b81e-1576df8cea52</workflowtaskId>
    <actionId>659751a5-a5e3-40ed-a799-e3aa7a83dfd8</actionId>
    <stepId>5066a6c6-fbb3-4d4b-8b94-3f74d368e126</stepId>
  </com.dotmarketing.portlets.workflows.model.WorkflowHistory>
  <com.dotmarketing.portlets.workflows.model.WorkflowHistory>
    <id>3b2f263e-be1e-428c-89e0-50f8ef74e5bb</id>
    <creationDate class="sql-timestamp">2012-06-06 16:45:16.789</creationDate>
    <madeBy>dotcms.org.1</madeBy>
    <changeDescription>Description</changeDescription>
    <workflowtaskId>fb08ed09-b252-4d19-8981-8615ad247dba</workflowtaskId>
    <actionId>7309ed0d-cbf9-4b02-aa3c-8b599fd2a718</actionId>
    <stepId>c965f6a5-0a4f-4b87-899d-053f84012e5e</stepId>
  </com.dotmarketing.portlets.workflows.model.WorkflowHistory>
  <com.dotmarketing.portlets.workflows.model.WorkflowHistory>
    <id>3c921876-67b5-4f23-80dc-6d76fd569106</id>
    <creationDate class="sql-timestamp">2012-06-12 12:20:42.996</creationDate>
    <madeBy>dotcms.org.1</madeBy>
    <changeDescription>Description</changeDescription>
    <workflowtaskId>2c6d0d9b-df28-45bc-8039-5a34101f6b68</workflowtaskId>
    <actionId>659751a5-a5e3-40ed-a799-e3aa7a83dfd8</actionId>
    <stepId>5066a6c6-fbb3-4d4b-8b94-3f74d368e126</stepId>
  </com.dotmarketing.portlets.workflows.model.WorkflowHistory>
  <com.dotmarketing.portlets.workflows.model.WorkflowHistory>
    <id>3cad25d2-e0a0-4c24-aad4-077f59ecf561</id>
    <creationDate class="sql-timestamp">2012-06-06 16:44:28.273</creationDate>
    <madeBy>dotcms.org.1</madeBy>
    <changeDescription>Description</changeDescription>
    <workflowtaskId>510eaef6-67b9-4f72-8611-db14a75d9377</workflowtaskId>
    <actionId>7309ed0d-cbf9-4b02-aa3c-8b599fd2a718</actionId>
    <stepId>c965f6a5-0a4f-4b87-899d-053f84012e5e</stepId>
  </com.dotmarketing.portlets.workflows.model.WorkflowHistory>
  <com.dotmarketing.portlets.workflows.model.WorkflowHistory>
    <id>3e2fce3b-589f-4c79-b881-c2c398060a48</id>
    <creationDate class="sql-timestamp">2012-06-12 12:20:49.681</creationDate>
    <madeBy>dotcms.org.1</madeBy>
    <changeDescription>Description</changeDescription>
    <workflowtaskId>384add14-504f-41aa-9618-7f06657441f2</workflowtaskId>
    <actionId>659751a5-a5e3-40ed-a799-e3aa7a83dfd8</actionId>
    <stepId>5066a6c6-fbb3-4d4b-8b94-3f74d368e126</stepId>
  </com.dotmarketing.portlets.workflows.model.WorkflowHistory>
  <com.dotmarketing.portlets.workflows.model.WorkflowHistory>
    <id>3f40d919-7e4d-4110-bb8d-a26601fc51c7</id>
    <creationDate class="sql-timestamp">2012-06-06 16:46:05.597</creationDate>
    <madeBy>dotcms.org.1</madeBy>
    <changeDescription>Description</changeDescription>
    <workflowtaskId>bdec7131-a96b-4480-88c0-de6bb20b5c64</workflowtaskId>
    <actionId>7309ed0d-cbf9-4b02-aa3c-8b599fd2a718</actionId>
    <stepId>c965f6a5-0a4f-4b87-899d-053f84012e5e</stepId>
  </com.dotmarketing.portlets.workflows.model.WorkflowHistory>
  <com.dotmarketing.portlets.workflows.model.WorkflowHistory>
    <id>3f40e157-37a0-419d-8fef-15aa5d16ef0b</id>
    <creationDate class="sql-timestamp">2012-07-02 16:44:49.273</creationDate>
    <madeBy>dotcms.org.2789</madeBy>
    <changeDescription>Description</changeDescription>
    <workflowtaskId>5e6e314e-bd95-4c5d-b0a5-235563e3ff2c</workflowtaskId>
    <actionId>808a2c19-84f1-4f49-a91d-c610714c370d</actionId>
    <stepId>9f308715-8ba4-4f99-9280-8e9d29cfdafb</stepId>
  </com.dotmarketing.portlets.workflows.model.WorkflowHistory>
  <com.dotmarketing.portlets.workflows.model.WorkflowHistory>
    <id>3f42d257-5621-4888-9729-7493748db0b8</id>
    <creationDate class="sql-timestamp">2012-06-06 16:44:41.657</creationDate>
    <madeBy>dotcms.org.1</madeBy>
    <changeDescription>Description</changeDescription>
    <workflowtaskId>16c4feef-7aed-473e-904d-5e3987c8bcad</workflowtaskId>
    <actionId>7309ed0d-cbf9-4b02-aa3c-8b599fd2a718</actionId>
    <stepId>c965f6a5-0a4f-4b87-899d-053f84012e5e</stepId>
  </com.dotmarketing.portlets.workflows.model.WorkflowHistory>
  <com.dotmarketing.portlets.workflows.model.WorkflowHistory>
    <id>41d19e48-5370-464a-91e2-3232b96f58f1</id>
    <creationDate class="sql-timestamp">2012-06-12 12:20:42.371</creationDate>
    <madeBy>dotcms.org.1</madeBy>
    <changeDescription>Description</changeDescription>
    <workflowtaskId>8aff4487-39c6-4f29-aa0c-87f3a9a1a6ad</workflowtaskId>
    <actionId>659751a5-a5e3-40ed-a799-e3aa7a83dfd8</actionId>
    <stepId>5066a6c6-fbb3-4d4b-8b94-3f74d368e126</stepId>
  </com.dotmarketing.portlets.workflows.model.WorkflowHistory>
  <com.dotmarketing.portlets.workflows.model.WorkflowHistory>
    <id>422eda13-f29c-442c-98ea-d1c37a3a44ae</id>
    <creationDate class="sql-timestamp">2012-07-05 17:25:15.471</creationDate>
    <madeBy>dotcms.org.1</madeBy>
    <changeDescription>Description</changeDescription>
    <workflowtaskId>f89c6245-5c26-4b53-9290-b8d5b219ef52</workflowtaskId>
    <actionId>659751a5-a5e3-40ed-a799-e3aa7a83dfd8</actionId>
    <stepId>5066a6c6-fbb3-4d4b-8b94-3f74d368e126</stepId>
  </com.dotmarketing.portlets.workflows.model.WorkflowHistory>
  <com.dotmarketing.portlets.workflows.model.WorkflowHistory>
    <id>490b1a75-d5cb-472a-bfb3-e58d841402cb</id>
    <creationDate class="sql-timestamp">2012-07-02 16:45:27.311</creationDate>
    <madeBy>dotcms.org.2787</madeBy>
    <changeDescription>Description</changeDescription>
    <workflowtaskId>5e6e314e-bd95-4c5d-b0a5-235563e3ff2c</workflowtaskId>
    <actionId>ba74c14e-8019-482d-85cb-e6f9d39bdfdd</actionId>
    <stepId>1f67a807-5094-4229-9dd7-7b0a4fb57a1e</stepId>
  </com.dotmarketing.portlets.workflows.model.WorkflowHistory>
  <com.dotmarketing.portlets.workflows.model.WorkflowHistory>
    <id>4b9b788f-96e7-4265-b1fb-42a6d97fb13a</id>
    <creationDate class="sql-timestamp">2012-07-05 17:09:05.288</creationDate>
    <madeBy>dotcms.org.1</madeBy>
    <changeDescription>Description</changeDescription>
    <workflowtaskId>8db277ac-3e39-4355-bb21-70c9569ff201</workflowtaskId>
    <actionId>365d9758-8312-414d-8c1e-b7b0b3df7964</actionId>
    <stepId>c965f6a5-0a4f-4b87-899d-053f84012e5e</stepId>
  </com.dotmarketing.portlets.workflows.model.WorkflowHistory>
  <com.dotmarketing.portlets.workflows.model.WorkflowHistory>
    <id>4f0d4cac-cac4-4bca-9945-d265ed13f8de</id>
    <creationDate class="sql-timestamp">2012-06-19 18:39:07.835</creationDate>
    <madeBy>dotcms.org.1</madeBy>
    <changeDescription>Description</changeDescription>
    <workflowtaskId>74cabf7a-0e9d-48b6-ab1c-8f76d0ad31e0</workflowtaskId>
    <actionId>7309ed0d-cbf9-4b02-aa3c-8b599fd2a718</actionId>
    <stepId>c965f6a5-0a4f-4b87-899d-053f84012e5e</stepId>
  </com.dotmarketing.portlets.workflows.model.WorkflowHistory>
  <com.dotmarketing.portlets.workflows.model.WorkflowHistory>
    <id>4f827ba8-a1ae-4488-9868-0a3d76899c2b</id>
    <creationDate class="sql-timestamp">2012-06-08 15:43:22.908</creationDate>
    <madeBy>dotcms.org.1</madeBy>
    <changeDescription>Description</changeDescription>
    <workflowtaskId>cd170eea-25e8-4473-b3b9-5125df4e1087</workflowtaskId>
    <actionId>7309ed0d-cbf9-4b02-aa3c-8b599fd2a718</actionId>
    <stepId>c965f6a5-0a4f-4b87-899d-053f84012e5e</stepId>
  </com.dotmarketing.portlets.workflows.model.WorkflowHistory>
  <com.dotmarketing.portlets.workflows.model.WorkflowHistory>
    <id>51e6e048-1de8-4176-a45f-f705cf9721ed</id>
    <creationDate class="sql-timestamp">2012-06-06 16:45:23.153</creationDate>
    <madeBy>dotcms.org.1</madeBy>
    <changeDescription>Description</changeDescription>
    <workflowtaskId>2c6d0d9b-df28-45bc-8039-5a34101f6b68</workflowtaskId>
    <actionId>7309ed0d-cbf9-4b02-aa3c-8b599fd2a718</actionId>
    <stepId>c965f6a5-0a4f-4b87-899d-053f84012e5e</stepId>
  </com.dotmarketing.portlets.workflows.model.WorkflowHistory>
  <com.dotmarketing.portlets.workflows.model.WorkflowHistory>
    <id>5c9cb380-a911-41ed-ba72-6f003c9305f5</id>
    <creationDate class="sql-timestamp">2012-07-02 16:46:28.455</creationDate>
    <madeBy>dotcms.org.2795</madeBy>
    <changeDescription>Description</changeDescription>
    <workflowtaskId>5e6e314e-bd95-4c5d-b0a5-235563e3ff2c</workflowtaskId>
    <actionId>c9ff3ca8-1d46-4397-8c62-e6d2134ec23d</actionId>
    <stepId>5066a6c6-fbb3-4d4b-8b94-3f74d368e126</stepId>
  </com.dotmarketing.portlets.workflows.model.WorkflowHistory>
  <com.dotmarketing.portlets.workflows.model.WorkflowHistory>
    <id>5e16359a-2bac-4dea-a37b-5184c0258c2d</id>
    <creationDate class="sql-timestamp">2012-06-19 16:17:29.28</creationDate>
    <madeBy>dotcms.org.1</madeBy>
    <changeDescription>Description</changeDescription>
    <workflowtaskId>af7501c7-30fc-469a-950f-27dce9903e87</workflowtaskId>
    <actionId>659751a5-a5e3-40ed-a799-e3aa7a83dfd8</actionId>
    <stepId>5066a6c6-fbb3-4d4b-8b94-3f74d368e126</stepId>
  </com.dotmarketing.portlets.workflows.model.WorkflowHistory>
  <com.dotmarketing.portlets.workflows.model.WorkflowHistory>
    <id>607acc6a-7402-435e-aa9b-8e6e2bfc15e9</id>
    <creationDate class="sql-timestamp">2012-06-06 16:45:05.437</creationDate>
    <madeBy>dotcms.org.1</madeBy>
    <changeDescription>Description</changeDescription>
    <workflowtaskId>510eaef6-67b9-4f72-8611-db14a75d9377</workflowtaskId>
    <actionId>7309ed0d-cbf9-4b02-aa3c-8b599fd2a718</actionId>
    <stepId>c965f6a5-0a4f-4b87-899d-053f84012e5e</stepId>
  </com.dotmarketing.portlets.workflows.model.WorkflowHistory>
  <com.dotmarketing.portlets.workflows.model.WorkflowHistory>
    <id>6569bc8b-cbe1-4498-8675-adb37a45d241</id>
    <creationDate class="sql-timestamp">2012-06-06 16:45:56.957</creationDate>
    <madeBy>dotcms.org.1</madeBy>
    <changeDescription>Description</changeDescription>
    <workflowtaskId>14e6cf9b-fca5-4c98-b81e-1576df8cea52</workflowtaskId>
    <actionId>7309ed0d-cbf9-4b02-aa3c-8b599fd2a718</actionId>
    <stepId>c965f6a5-0a4f-4b87-899d-053f84012e5e</stepId>
  </com.dotmarketing.portlets.workflows.model.WorkflowHistory>
  <com.dotmarketing.portlets.workflows.model.WorkflowHistory>
    <id>664d4a4e-7bac-4818-912e-6069d7037a33</id>
    <creationDate class="sql-timestamp">2012-06-06 16:45:52.898</creationDate>
    <madeBy>dotcms.org.1</madeBy>
    <changeDescription>Description</changeDescription>
    <workflowtaskId>64019c76-49f4-4036-9d2d-2b87decd61ce</workflowtaskId>
    <actionId>7309ed0d-cbf9-4b02-aa3c-8b599fd2a718</actionId>
    <stepId>c965f6a5-0a4f-4b87-899d-053f84012e5e</stepId>
  </com.dotmarketing.portlets.workflows.model.WorkflowHistory>
  <com.dotmarketing.portlets.workflows.model.WorkflowHistory>
    <id>67e91fae-aa8c-4c90-99b4-4d0563cf1850</id>
    <creationDate class="sql-timestamp">2012-06-06 16:44:08.238</creationDate>
    <madeBy>dotcms.org.1</madeBy>
    <changeDescription>Description</changeDescription>
    <workflowtaskId>c60bbd63-04e7-4876-9741-483e58af43f1</workflowtaskId>
    <actionId>7309ed0d-cbf9-4b02-aa3c-8b599fd2a718</actionId>
    <stepId>c965f6a5-0a4f-4b87-899d-053f84012e5e</stepId>
  </com.dotmarketing.portlets.workflows.model.WorkflowHistory>
  <com.dotmarketing.portlets.workflows.model.WorkflowHistory>
    <id>6849d21e-96d6-4cd7-bbf9-f83b2e7b70b3</id>
    <creationDate class="sql-timestamp">2012-06-12 12:20:41.441</creationDate>
    <madeBy>dotcms.org.1</madeBy>
    <changeDescription>Description</changeDescription>
    <workflowtaskId>cd170eea-25e8-4473-b3b9-5125df4e1087</workflowtaskId>
    <actionId>659751a5-a5e3-40ed-a799-e3aa7a83dfd8</actionId>
    <stepId>5066a6c6-fbb3-4d4b-8b94-3f74d368e126</stepId>
  </com.dotmarketing.portlets.workflows.model.WorkflowHistory>
  <com.dotmarketing.portlets.workflows.model.WorkflowHistory>
    <id>69ce1b2d-3883-4be7-95e2-b0b8458fa095</id>
    <creationDate class="sql-timestamp">2012-07-05 17:11:01.887</creationDate>
    <madeBy>dotcms.org.1</madeBy>
    <changeDescription>Description</changeDescription>
    <workflowtaskId>bb7cd475-e26b-4af2-aae7-bbac75b1ffa2</workflowtaskId>
    <actionId>659751a5-a5e3-40ed-a799-e3aa7a83dfd8</actionId>
    <stepId>5066a6c6-fbb3-4d4b-8b94-3f74d368e126</stepId>
  </com.dotmarketing.portlets.workflows.model.WorkflowHistory>
  <com.dotmarketing.portlets.workflows.model.WorkflowHistory>
    <id>7447a327-5c22-4094-a5f9-077879a98a75</id>
    <creationDate class="sql-timestamp">2012-06-06 16:44:11.929</creationDate>
    <madeBy>dotcms.org.1</madeBy>
    <changeDescription>Description</changeDescription>
    <workflowtaskId>171df3cd-152a-47ad-a7dd-f44ab34b451c</workflowtaskId>
    <actionId>7309ed0d-cbf9-4b02-aa3c-8b599fd2a718</actionId>
    <stepId>c965f6a5-0a4f-4b87-899d-053f84012e5e</stepId>
  </com.dotmarketing.portlets.workflows.model.WorkflowHistory>
  <com.dotmarketing.portlets.workflows.model.WorkflowHistory>
    <id>7643a6f5-5da4-4e94-8397-a494e1c70cfd</id>
    <creationDate class="sql-timestamp">2012-06-06 16:45:42.104</creationDate>
    <madeBy>dotcms.org.1</madeBy>
    <changeDescription>Description</changeDescription>
    <workflowtaskId>8aff4487-39c6-4f29-aa0c-87f3a9a1a6ad</workflowtaskId>
    <actionId>7309ed0d-cbf9-4b02-aa3c-8b599fd2a718</actionId>
    <stepId>c965f6a5-0a4f-4b87-899d-053f84012e5e</stepId>
  </com.dotmarketing.portlets.workflows.model.WorkflowHistory>
  <com.dotmarketing.portlets.workflows.model.WorkflowHistory>
    <id>7c13e10c-6ef1-40e5-931a-aa7d0c199235</id>
    <creationDate class="sql-timestamp">2012-07-05 17:07:24.356</creationDate>
    <madeBy>dotcms.org.1</madeBy>
    <changeDescription>Description</changeDescription>
    <workflowtaskId>f1d0603b-8c00-445e-8c68-ec88fa8cd5cb</workflowtaskId>
    <actionId>365d9758-8312-414d-8c1e-b7b0b3df7964</actionId>
    <stepId>c965f6a5-0a4f-4b87-899d-053f84012e5e</stepId>
  </com.dotmarketing.portlets.workflows.model.WorkflowHistory>
  <com.dotmarketing.portlets.workflows.model.WorkflowHistory>
    <id>8153a2c4-e8ea-4568-baeb-55aa127bc806</id>
    <creationDate class="sql-timestamp">2012-06-06 17:33:42.143</creationDate>
    <madeBy>dotcms.org.1</madeBy>
    <changeDescription>Description</changeDescription>
    <workflowtaskId>821896b4-27bb-4137-b30f-fed90aff5d7d</workflowtaskId>
    <actionId>659751a5-a5e3-40ed-a799-e3aa7a83dfd8</actionId>
    <stepId>5066a6c6-fbb3-4d4b-8b94-3f74d368e126</stepId>
  </com.dotmarketing.portlets.workflows.model.WorkflowHistory>
  <com.dotmarketing.portlets.workflows.model.WorkflowHistory>
    <id>83467364-1009-46b6-9392-0a01a5625bb0</id>
    <creationDate class="sql-timestamp">2012-06-12 12:20:42.532</creationDate>
    <madeBy>dotcms.org.1</madeBy>
    <changeDescription>Description</changeDescription>
    <workflowtaskId>ed30bb23-5886-4058-99ee-4d0a2d7b53ec</workflowtaskId>
    <actionId>659751a5-a5e3-40ed-a799-e3aa7a83dfd8</actionId>
    <stepId>5066a6c6-fbb3-4d4b-8b94-3f74d368e126</stepId>
  </com.dotmarketing.portlets.workflows.model.WorkflowHistory>
  <com.dotmarketing.portlets.workflows.model.WorkflowHistory>
    <id>8bb3f496-ff77-4fc2-87ff-299bc404c2a6</id>
    <creationDate class="sql-timestamp">2012-07-05 16:54:45.35</creationDate>
    <madeBy>dotcms.org.1</madeBy>
    <changeDescription>Description</changeDescription>
    <workflowtaskId>8db277ac-3e39-4355-bb21-70c9569ff201</workflowtaskId>
    <actionId>659751a5-a5e3-40ed-a799-e3aa7a83dfd8</actionId>
    <stepId>5066a6c6-fbb3-4d4b-8b94-3f74d368e126</stepId>
  </com.dotmarketing.portlets.workflows.model.WorkflowHistory>
  <com.dotmarketing.portlets.workflows.model.WorkflowHistory>
    <id>8f483946-fcf0-42f2-99f1-edd52d06c49e</id>
    <creationDate class="sql-timestamp">2012-06-12 12:20:43.819</creationDate>
    <madeBy>dotcms.org.1</madeBy>
    <changeDescription>Description</changeDescription>
    <workflowtaskId>c60bbd63-04e7-4876-9741-483e58af43f1</workflowtaskId>
    <actionId>659751a5-a5e3-40ed-a799-e3aa7a83dfd8</actionId>
    <stepId>5066a6c6-fbb3-4d4b-8b94-3f74d368e126</stepId>
  </com.dotmarketing.portlets.workflows.model.WorkflowHistory>
  <com.dotmarketing.portlets.workflows.model.WorkflowHistory>
    <id>91a7de53-cd01-4fa3-bcf6-866f42510721</id>
    <creationDate class="sql-timestamp">2012-06-06 16:44:59.975</creationDate>
    <madeBy>dotcms.org.1</madeBy>
    <changeDescription>Description</changeDescription>
    <workflowtaskId>ec465fb3-17df-4a25-9713-dcaaff4b6321</workflowtaskId>
    <actionId>7309ed0d-cbf9-4b02-aa3c-8b599fd2a718</actionId>
    <stepId>c965f6a5-0a4f-4b87-899d-053f84012e5e</stepId>
  </com.dotmarketing.portlets.workflows.model.WorkflowHistory>
  <com.dotmarketing.portlets.workflows.model.WorkflowHistory>
    <id>945b6414-0ac4-47c4-b559-d0383fc06f83</id>
    <creationDate class="sql-timestamp">2012-06-08 17:19:52.156</creationDate>
    <madeBy>dotcms.org.1</madeBy>
    <changeDescription>Description</changeDescription>
    <workflowtaskId>64019c76-49f4-4036-9d2d-2b87decd61ce</workflowtaskId>
    <actionId>659751a5-a5e3-40ed-a799-e3aa7a83dfd8</actionId>
    <stepId>5066a6c6-fbb3-4d4b-8b94-3f74d368e126</stepId>
  </com.dotmarketing.portlets.workflows.model.WorkflowHistory>
  <com.dotmarketing.portlets.workflows.model.WorkflowHistory>
    <id>9528a344-4e2c-4649-b3ab-aee0c9a3225b</id>
    <creationDate class="sql-timestamp">2012-06-06 16:45:48.992</creationDate>
    <madeBy>dotcms.org.1</madeBy>
    <changeDescription>Description</changeDescription>
    <workflowtaskId>16c4feef-7aed-473e-904d-5e3987c8bcad</workflowtaskId>
    <actionId>7309ed0d-cbf9-4b02-aa3c-8b599fd2a718</actionId>
    <stepId>c965f6a5-0a4f-4b87-899d-053f84012e5e</stepId>
  </com.dotmarketing.portlets.workflows.model.WorkflowHistory>
  <com.dotmarketing.portlets.workflows.model.WorkflowHistory>
    <id>9712192a-2117-4d08-a5a4-9f6ebdd6cc27</id>
    <creationDate class="sql-timestamp">2012-06-06 16:44:39.923</creationDate>
    <madeBy>dotcms.org.1</madeBy>
    <changeDescription>Description</changeDescription>
    <workflowtaskId>8aff4487-39c6-4f29-aa0c-87f3a9a1a6ad</workflowtaskId>
    <actionId>7309ed0d-cbf9-4b02-aa3c-8b599fd2a718</actionId>
    <stepId>c965f6a5-0a4f-4b87-899d-053f84012e5e</stepId>
  </com.dotmarketing.portlets.workflows.model.WorkflowHistory>
  <com.dotmarketing.portlets.workflows.model.WorkflowHistory>
    <id>9a7c0feb-2712-4dd0-984b-6a6f88d0a600</id>
    <creationDate class="sql-timestamp">2012-06-06 16:44:26.615</creationDate>
    <madeBy>dotcms.org.1</madeBy>
    <changeDescription>Description</changeDescription>
    <workflowtaskId>ec465fb3-17df-4a25-9713-dcaaff4b6321</workflowtaskId>
    <actionId>7309ed0d-cbf9-4b02-aa3c-8b599fd2a718</actionId>
    <stepId>c965f6a5-0a4f-4b87-899d-053f84012e5e</stepId>
  </com.dotmarketing.portlets.workflows.model.WorkflowHistory>
  <com.dotmarketing.portlets.workflows.model.WorkflowHistory>
    <id>9ba485a5-ee24-4730-b2a3-1f61d4a86794</id>
    <creationDate class="sql-timestamp">2012-06-06 16:43:44.526</creationDate>
    <madeBy>dotcms.org.1</madeBy>
    <changeDescription>Description</changeDescription>
    <workflowtaskId>c60bbd63-04e7-4876-9741-483e58af43f1</workflowtaskId>
    <actionId>7309ed0d-cbf9-4b02-aa3c-8b599fd2a718</actionId>
    <stepId>c965f6a5-0a4f-4b87-899d-053f84012e5e</stepId>
  </com.dotmarketing.portlets.workflows.model.WorkflowHistory>
  <com.dotmarketing.portlets.workflows.model.WorkflowHistory>
    <id>a28b6030-a706-4337-856d-9a753977504c</id>
    <creationDate class="sql-timestamp">2012-06-06 16:44:36.709</creationDate>
    <madeBy>dotcms.org.1</madeBy>
    <changeDescription>Description</changeDescription>
    <workflowtaskId>87f64180-b9ca-4fc1-a34e-3e2297fdd7e3</workflowtaskId>
    <actionId>7309ed0d-cbf9-4b02-aa3c-8b599fd2a718</actionId>
    <stepId>c965f6a5-0a4f-4b87-899d-053f84012e5e</stepId>
  </com.dotmarketing.portlets.workflows.model.WorkflowHistory>
  <com.dotmarketing.portlets.workflows.model.WorkflowHistory>
    <id>a5dce73f-7d5f-49d5-8519-dcc0d1979530</id>
    <creationDate class="sql-timestamp">2012-06-12 12:20:41.749</creationDate>
    <madeBy>dotcms.org.1</madeBy>
    <changeDescription>Description</changeDescription>
    <workflowtaskId>bdec7131-a96b-4480-88c0-de6bb20b5c64</workflowtaskId>
    <actionId>659751a5-a5e3-40ed-a799-e3aa7a83dfd8</actionId>
    <stepId>5066a6c6-fbb3-4d4b-8b94-3f74d368e126</stepId>
  </com.dotmarketing.portlets.workflows.model.WorkflowHistory>
  <com.dotmarketing.portlets.workflows.model.WorkflowHistory>
    <id>a60a1fcb-1521-4f6a-8d37-d26ac7d29e9e</id>
    <creationDate class="sql-timestamp">2012-07-05 17:03:35.835</creationDate>
    <madeBy>dotcms.org.1</madeBy>
    <changeDescription>Description</changeDescription>
    <workflowtaskId>f1d0603b-8c00-445e-8c68-ec88fa8cd5cb</workflowtaskId>
    <actionId>a15fc339-dbad-4f60-b0ec-3cef2ac080cd</actionId>
    <stepId>5066a6c6-fbb3-4d4b-8b94-3f74d368e126</stepId>
  </com.dotmarketing.portlets.workflows.model.WorkflowHistory>
  <com.dotmarketing.portlets.workflows.model.WorkflowHistory>
    <id>a824a980-40c2-4432-ae8a-c41893f59fff</id>
    <creationDate class="sql-timestamp">2012-06-06 16:44:46.96</creationDate>
    <madeBy>dotcms.org.1</madeBy>
    <changeDescription>Description</changeDescription>
    <workflowtaskId>30b57467-ed8b-4ed1-bf8c-7f43bc6576d8</workflowtaskId>
    <actionId>7309ed0d-cbf9-4b02-aa3c-8b599fd2a718</actionId>
    <stepId>c965f6a5-0a4f-4b87-899d-053f84012e5e</stepId>
  </com.dotmarketing.portlets.workflows.model.WorkflowHistory>
  <com.dotmarketing.portlets.workflows.model.WorkflowHistory>
    <id>aaaa500a-fb17-4c3e-b55e-0e42e6dba1d1</id>
    <creationDate class="sql-timestamp">2012-06-06 16:44:25.097</creationDate>
    <madeBy>dotcms.org.1</madeBy>
    <changeDescription>Description</changeDescription>
    <workflowtaskId>35f96d95-12ae-47db-bdcf-a20646154686</workflowtaskId>
    <actionId>7309ed0d-cbf9-4b02-aa3c-8b599fd2a718</actionId>
    <stepId>c965f6a5-0a4f-4b87-899d-053f84012e5e</stepId>
  </com.dotmarketing.portlets.workflows.model.WorkflowHistory>
  <com.dotmarketing.portlets.workflows.model.WorkflowHistory>
    <id>aaafc100-8d3d-46af-92bc-a1504dd8c82e</id>
    <creationDate class="sql-timestamp">2012-07-05 17:16:37.591</creationDate>
    <madeBy>dotcms.org.1</madeBy>
    <changeDescription>Description</changeDescription>
    <workflowtaskId>80574232-d9c5-471e-983b-c39c182abb69</workflowtaskId>
    <actionId>659751a5-a5e3-40ed-a799-e3aa7a83dfd8</actionId>
    <stepId>5066a6c6-fbb3-4d4b-8b94-3f74d368e126</stepId>
  </com.dotmarketing.portlets.workflows.model.WorkflowHistory>
  <com.dotmarketing.portlets.workflows.model.WorkflowHistory>
    <id>ab374c1d-3636-45b9-b2ae-53fe1a583b73</id>
    <creationDate class="sql-timestamp">2012-07-05 17:07:53.009</creationDate>
    <madeBy>dotcms.org.1</madeBy>
    <changeDescription>Description</changeDescription>
    <workflowtaskId>f1d0603b-8c00-445e-8c68-ec88fa8cd5cb</workflowtaskId>
    <actionId>659751a5-a5e3-40ed-a799-e3aa7a83dfd8</actionId>
    <stepId>5066a6c6-fbb3-4d4b-8b94-3f74d368e126</stepId>
  </com.dotmarketing.portlets.workflows.model.WorkflowHistory>
  <com.dotmarketing.portlets.workflows.model.WorkflowHistory>
    <id>ba9df9f8-4fb6-4d19-a423-f9c27e00def5</id>
    <creationDate class="sql-timestamp">2012-06-06 16:46:02.06</creationDate>
    <madeBy>dotcms.org.1</madeBy>
    <changeDescription>Description</changeDescription>
    <workflowtaskId>bdec7131-a96b-4480-88c0-de6bb20b5c64</workflowtaskId>
    <actionId>7309ed0d-cbf9-4b02-aa3c-8b599fd2a718</actionId>
    <stepId>c965f6a5-0a4f-4b87-899d-053f84012e5e</stepId>
  </com.dotmarketing.portlets.workflows.model.WorkflowHistory>
  <com.dotmarketing.portlets.workflows.model.WorkflowHistory>
    <id>c3436af3-73b9-4f77-a0c8-a1944bbfbe54</id>
    <creationDate class="sql-timestamp">2012-07-05 17:18:18.342</creationDate>
    <madeBy>dotcms.org.1</madeBy>
    <changeDescription>Description</changeDescription>
    <workflowtaskId>19ce0317-87b4-454a-9413-8a439f0f4df9</workflowtaskId>
    <actionId>659751a5-a5e3-40ed-a799-e3aa7a83dfd8</actionId>
    <stepId>5066a6c6-fbb3-4d4b-8b94-3f74d368e126</stepId>
  </com.dotmarketing.portlets.workflows.model.WorkflowHistory>
  <com.dotmarketing.portlets.workflows.model.WorkflowHistory>
    <id>c6f362d5-5d2b-4ee1-bece-9897f55e6065</id>
    <creationDate class="sql-timestamp">2012-06-06 16:43:39.314</creationDate>
    <madeBy>dotcms.org.1</madeBy>
    <changeDescription>Description</changeDescription>
    <workflowtaskId>384add14-504f-41aa-9618-7f06657441f2</workflowtaskId>
    <actionId>7309ed0d-cbf9-4b02-aa3c-8b599fd2a718</actionId>
    <stepId>c965f6a5-0a4f-4b87-899d-053f84012e5e</stepId>
  </com.dotmarketing.portlets.workflows.model.WorkflowHistory>
  <com.dotmarketing.portlets.workflows.model.WorkflowHistory>
    <id>ce427f9a-fa65-45c1-8b7e-e528a37b4340</id>
    <creationDate class="sql-timestamp">2012-07-05 17:09:56.482</creationDate>
    <madeBy>dotcms.org.1</madeBy>
    <changeDescription>Description</changeDescription>
    <workflowtaskId>8db277ac-3e39-4355-bb21-70c9569ff201</workflowtaskId>
    <actionId>7309ed0d-cbf9-4b02-aa3c-8b599fd2a718</actionId>
    <stepId>c965f6a5-0a4f-4b87-899d-053f84012e5e</stepId>
  </com.dotmarketing.portlets.workflows.model.WorkflowHistory>
  <com.dotmarketing.portlets.workflows.model.WorkflowHistory>
    <id>d0c36b90-d252-4a85-ad10-65249156772a</id>
    <creationDate class="sql-timestamp">2012-06-06 16:45:38.779</creationDate>
    <madeBy>dotcms.org.1</madeBy>
    <changeDescription>Description</changeDescription>
    <workflowtaskId>ed30bb23-5886-4058-99ee-4d0a2d7b53ec</workflowtaskId>
    <actionId>7309ed0d-cbf9-4b02-aa3c-8b599fd2a718</actionId>
    <stepId>c965f6a5-0a4f-4b87-899d-053f84012e5e</stepId>
  </com.dotmarketing.portlets.workflows.model.WorkflowHistory>
  <com.dotmarketing.portlets.workflows.model.WorkflowHistory>
    <id>d25baaab-f12c-44c2-92f4-6195f86477b4</id>
    <creationDate class="sql-timestamp">2012-07-05 17:08:14.192</creationDate>
    <madeBy>dotcms.org.1</madeBy>
    <changeDescription>Description</changeDescription>
    <workflowtaskId>f1d0603b-8c00-445e-8c68-ec88fa8cd5cb</workflowtaskId>
    <actionId>365d9758-8312-414d-8c1e-b7b0b3df7964</actionId>
    <stepId>c965f6a5-0a4f-4b87-899d-053f84012e5e</stepId>
  </com.dotmarketing.portlets.workflows.model.WorkflowHistory>
  <com.dotmarketing.portlets.workflows.model.WorkflowHistory>
    <id>d4c04e79-3fbb-4cea-970d-0d54cde27984</id>
    <creationDate class="sql-timestamp">2012-06-12 12:20:44.13</creationDate>
    <madeBy>dotcms.org.1</madeBy>
    <changeDescription>Description</changeDescription>
    <workflowtaskId>7d73243a-be24-4baa-8684-0e603267088e</workflowtaskId>
    <actionId>659751a5-a5e3-40ed-a799-e3aa7a83dfd8</actionId>
    <stepId>5066a6c6-fbb3-4d4b-8b94-3f74d368e126</stepId>
  </com.dotmarketing.portlets.workflows.model.WorkflowHistory>
  <com.dotmarketing.portlets.workflows.model.WorkflowHistory>
    <id>d4cd2cb1-b3e8-44d3-9d1f-f3354a4d82ed</id>
    <creationDate class="sql-timestamp">2012-06-06 16:45:36.376</creationDate>
    <madeBy>dotcms.org.1</madeBy>
    <changeDescription>Description</changeDescription>
    <workflowtaskId>87f64180-b9ca-4fc1-a34e-3e2297fdd7e3</workflowtaskId>
    <actionId>7309ed0d-cbf9-4b02-aa3c-8b599fd2a718</actionId>
    <stepId>c965f6a5-0a4f-4b87-899d-053f84012e5e</stepId>
  </com.dotmarketing.portlets.workflows.model.WorkflowHistory>
  <com.dotmarketing.portlets.workflows.model.WorkflowHistory>
    <id>d7422f81-22ad-4553-a144-bbd3b7e09ce0</id>
    <creationDate class="sql-timestamp">2012-06-08 15:43:39.908</creationDate>
    <madeBy>dotcms.org.1</madeBy>
    <changeDescription>Description</changeDescription>
    <workflowtaskId>cd170eea-25e8-4473-b3b9-5125df4e1087</workflowtaskId>
    <actionId>7309ed0d-cbf9-4b02-aa3c-8b599fd2a718</actionId>
    <stepId>c965f6a5-0a4f-4b87-899d-053f84012e5e</stepId>
  </com.dotmarketing.portlets.workflows.model.WorkflowHistory>
  <com.dotmarketing.portlets.workflows.model.WorkflowHistory>
    <id>d9ddcc22-e44d-4045-8895-83aa1b6127f7</id>
    <creationDate class="sql-timestamp">2012-06-06 16:44:57.591</creationDate>
    <madeBy>dotcms.org.1</madeBy>
    <changeDescription>Description</changeDescription>
    <workflowtaskId>35f96d95-12ae-47db-bdcf-a20646154686</workflowtaskId>
    <actionId>7309ed0d-cbf9-4b02-aa3c-8b599fd2a718</actionId>
    <stepId>c965f6a5-0a4f-4b87-899d-053f84012e5e</stepId>
  </com.dotmarketing.portlets.workflows.model.WorkflowHistory>
  <com.dotmarketing.portlets.workflows.model.WorkflowHistory>
    <id>dd8570ab-4350-4968-ab19-26b0a082d554</id>
    <creationDate class="sql-timestamp">2012-07-05 17:01:16.93</creationDate>
    <madeBy>dotcms.org.1</madeBy>
    <changeDescription>Description</changeDescription>
    <workflowtaskId>f1d0603b-8c00-445e-8c68-ec88fa8cd5cb</workflowtaskId>
    <actionId>659751a5-a5e3-40ed-a799-e3aa7a83dfd8</actionId>
    <stepId>5066a6c6-fbb3-4d4b-8b94-3f74d368e126</stepId>
  </com.dotmarketing.portlets.workflows.model.WorkflowHistory>
  <com.dotmarketing.portlets.workflows.model.WorkflowHistory>
    <id>de42abfc-f5a8-4da5-8244-6cd36686057b</id>
    <creationDate class="sql-timestamp">2012-06-12 12:20:43.242</creationDate>
    <madeBy>dotcms.org.1</madeBy>
    <changeDescription>Description</changeDescription>
    <workflowtaskId>510eaef6-67b9-4f72-8611-db14a75d9377</workflowtaskId>
    <actionId>659751a5-a5e3-40ed-a799-e3aa7a83dfd8</actionId>
    <stepId>5066a6c6-fbb3-4d4b-8b94-3f74d368e126</stepId>
  </com.dotmarketing.portlets.workflows.model.WorkflowHistory>
  <com.dotmarketing.portlets.workflows.model.WorkflowHistory>
    <id>def8ce5f-73f7-4224-a5ea-6ccb9c71cf8c</id>
    <creationDate class="sql-timestamp">2012-06-06 16:43:42.847</creationDate>
    <madeBy>dotcms.org.1</madeBy>
    <changeDescription>Description</changeDescription>
    <workflowtaskId>0c35dd98-becf-4fa0-b106-2c4c1a32c6c2</workflowtaskId>
    <actionId>7309ed0d-cbf9-4b02-aa3c-8b599fd2a718</actionId>
    <stepId>c965f6a5-0a4f-4b87-899d-053f84012e5e</stepId>
  </com.dotmarketing.portlets.workflows.model.WorkflowHistory>
  <com.dotmarketing.portlets.workflows.model.WorkflowHistory>
    <id>df78eb0c-f761-40df-99f7-12ed011860f8</id>
    <creationDate class="sql-timestamp">2012-06-06 16:43:55.692</creationDate>
    <madeBy>dotcms.org.1</madeBy>
    <changeDescription>Description</changeDescription>
    <workflowtaskId>384add14-504f-41aa-9618-7f06657441f2</workflowtaskId>
    <actionId>7309ed0d-cbf9-4b02-aa3c-8b599fd2a718</actionId>
    <stepId>c965f6a5-0a4f-4b87-899d-053f84012e5e</stepId>
  </com.dotmarketing.portlets.workflows.model.WorkflowHistory>
  <com.dotmarketing.portlets.workflows.model.WorkflowHistory>
    <id>e42ac401-1713-401c-ac0a-c5dc52e850f9</id>
    <creationDate class="sql-timestamp">2012-07-05 12:25:30.543</creationDate>
    <madeBy>dotcms.org.1</madeBy>
    <changeDescription>Description</changeDescription>
    <workflowtaskId>bb7cd475-e26b-4af2-aae7-bbac75b1ffa2</workflowtaskId>
    <actionId>659751a5-a5e3-40ed-a799-e3aa7a83dfd8</actionId>
    <stepId>5066a6c6-fbb3-4d4b-8b94-3f74d368e126</stepId>
  </com.dotmarketing.portlets.workflows.model.WorkflowHistory>
  <com.dotmarketing.portlets.workflows.model.WorkflowHistory>
    <id>e8533059-1524-4134-91dc-1f7cb3c52f64</id>
    <creationDate class="sql-timestamp">2012-06-06 16:45:55.189</creationDate>
    <madeBy>dotcms.org.1</madeBy>
    <changeDescription>Description</changeDescription>
    <workflowtaskId>14e6cf9b-fca5-4c98-b81e-1576df8cea52</workflowtaskId>
    <actionId>7309ed0d-cbf9-4b02-aa3c-8b599fd2a718</actionId>
    <stepId>c965f6a5-0a4f-4b87-899d-053f84012e5e</stepId>
  </com.dotmarketing.portlets.workflows.model.WorkflowHistory>
  <com.dotmarketing.portlets.workflows.model.WorkflowHistory>
    <id>ee537f61-cd2c-435c-b844-56bb7e8c68a6</id>
    <creationDate class="sql-timestamp">2012-06-06 16:45:51.228</creationDate>
    <madeBy>dotcms.org.1</madeBy>
    <changeDescription>Description</changeDescription>
    <workflowtaskId>64019c76-49f4-4036-9d2d-2b87decd61ce</workflowtaskId>
    <actionId>7309ed0d-cbf9-4b02-aa3c-8b599fd2a718</actionId>
    <stepId>c965f6a5-0a4f-4b87-899d-053f84012e5e</stepId>
  </com.dotmarketing.portlets.workflows.model.WorkflowHistory>
  <com.dotmarketing.portlets.workflows.model.WorkflowHistory>
    <id>ef4054b6-9384-4fbc-8860-28c389a45211</id>
    <creationDate class="sql-timestamp">2012-06-12 12:20:42.912</creationDate>
    <madeBy>dotcms.org.1</madeBy>
    <changeDescription>Description</changeDescription>
    <workflowtaskId>328ef032-a655-4d47-b143-96768db5fc48</workflowtaskId>
    <actionId>659751a5-a5e3-40ed-a799-e3aa7a83dfd8</actionId>
    <stepId>5066a6c6-fbb3-4d4b-8b94-3f74d368e126</stepId>
  </com.dotmarketing.portlets.workflows.model.WorkflowHistory>
  <com.dotmarketing.portlets.workflows.model.WorkflowHistory>
    <id>f13038d1-31b0-48ae-a20e-59894b0aebc4</id>
    <creationDate class="sql-timestamp">2012-06-06 16:44:30.024</creationDate>
    <madeBy>dotcms.org.1</madeBy>
    <changeDescription>Description</changeDescription>
    <workflowtaskId>e2ddfbc7-cc76-47a8-9171-58512a38b448</workflowtaskId>
    <actionId>7309ed0d-cbf9-4b02-aa3c-8b599fd2a718</actionId>
    <stepId>c965f6a5-0a4f-4b87-899d-053f84012e5e</stepId>
  </com.dotmarketing.portlets.workflows.model.WorkflowHistory>
  <com.dotmarketing.portlets.workflows.model.WorkflowHistory>
    <id>f17f6b53-75e1-4f93-8057-4c5c1329007c</id>
    <creationDate class="sql-timestamp">2012-06-06 16:44:31.641</creationDate>
    <madeBy>dotcms.org.1</madeBy>
    <changeDescription>Description</changeDescription>
    <workflowtaskId>fb08ed09-b252-4d19-8981-8615ad247dba</workflowtaskId>
    <actionId>7309ed0d-cbf9-4b02-aa3c-8b599fd2a718</actionId>
    <stepId>c965f6a5-0a4f-4b87-899d-053f84012e5e</stepId>
  </com.dotmarketing.portlets.workflows.model.WorkflowHistory>
  <com.dotmarketing.portlets.workflows.model.WorkflowHistory>
    <id>f1a628cc-7b57-4bbf-8f4c-edea89f71a28</id>
    <creationDate class="sql-timestamp">2012-06-12 12:20:41.549</creationDate>
    <madeBy>dotcms.org.1</madeBy>
    <changeDescription>Description</changeDescription>
    <workflowtaskId>c7391e2a-615d-47b8-a270-594e3b4bcc40</workflowtaskId>
    <actionId>659751a5-a5e3-40ed-a799-e3aa7a83dfd8</actionId>
    <stepId>5066a6c6-fbb3-4d4b-8b94-3f74d368e126</stepId>
  </com.dotmarketing.portlets.workflows.model.WorkflowHistory>
  <com.dotmarketing.portlets.workflows.model.WorkflowHistory>
    <id>f26af61c-1cfe-4625-8fe7-1624a3df4758</id>
    <creationDate class="sql-timestamp">2012-07-05 17:31:49.117</creationDate>
    <madeBy>dotcms.org.1</madeBy>
    <changeDescription>Description</changeDescription>
    <workflowtaskId>0437e7ce-436a-449d-a793-a81dd0ac649f</workflowtaskId>
    <actionId>659751a5-a5e3-40ed-a799-e3aa7a83dfd8</actionId>
    <stepId>5066a6c6-fbb3-4d4b-8b94-3f74d368e126</stepId>
  </com.dotmarketing.portlets.workflows.model.WorkflowHistory>
  <com.dotmarketing.portlets.workflows.model.WorkflowHistory>
    <id>f47e82cf-b6f2-4573-8b03-46e299c1c6bf</id>
    <creationDate class="sql-timestamp">2012-06-06 16:46:08.468</creationDate>
    <madeBy>dotcms.org.1</madeBy>
    <changeDescription>Description</changeDescription>
    <workflowtaskId>c7391e2a-615d-47b8-a270-594e3b4bcc40</workflowtaskId>
    <actionId>7309ed0d-cbf9-4b02-aa3c-8b599fd2a718</actionId>
    <stepId>c965f6a5-0a4f-4b87-899d-053f84012e5e</stepId>
  </com.dotmarketing.portlets.workflows.model.WorkflowHistory>
  <com.dotmarketing.portlets.workflows.model.WorkflowHistory>
    <id>f4bb30d5-f14d-42f8-9b00-d4ae0194eedd</id>
    <creationDate class="sql-timestamp">2012-06-12 12:20:43.979</creationDate>
    <madeBy>dotcms.org.1</madeBy>
    <changeDescription>Description</changeDescription>
    <workflowtaskId>0c35dd98-becf-4fa0-b106-2c4c1a32c6c2</workflowtaskId>
    <actionId>659751a5-a5e3-40ed-a799-e3aa7a83dfd8</actionId>
    <stepId>5066a6c6-fbb3-4d4b-8b94-3f74d368e126</stepId>
  </com.dotmarketing.portlets.workflows.model.WorkflowHistory>
  <com.dotmarketing.portlets.workflows.model.WorkflowHistory>
    <id>f53a6c32-3452-4c2f-83f0-c02d09c7af0c</id>
    <creationDate class="sql-timestamp">2012-06-12 12:20:43.636</creationDate>
    <madeBy>dotcms.org.1</madeBy>
    <changeDescription>Description</changeDescription>
    <workflowtaskId>171df3cd-152a-47ad-a7dd-f44ab34b451c</workflowtaskId>
    <actionId>659751a5-a5e3-40ed-a799-e3aa7a83dfd8</actionId>
    <stepId>5066a6c6-fbb3-4d4b-8b94-3f74d368e126</stepId>
  </com.dotmarketing.portlets.workflows.model.WorkflowHistory>
  <com.dotmarketing.portlets.workflows.model.WorkflowHistory>
    <id>f56ff146-dfdb-4bbc-9a14-56e045d1e309</id>
    <creationDate class="sql-timestamp">2012-06-06 16:45:10.57</creationDate>
    <madeBy>dotcms.org.1</madeBy>
    <changeDescription>Description</changeDescription>
    <workflowtaskId>e2ddfbc7-cc76-47a8-9171-58512a38b448</workflowtaskId>
    <actionId>7309ed0d-cbf9-4b02-aa3c-8b599fd2a718</actionId>
    <stepId>c965f6a5-0a4f-4b87-899d-053f84012e5e</stepId>
  </com.dotmarketing.portlets.workflows.model.WorkflowHistory>
  <com.dotmarketing.portlets.workflows.model.WorkflowHistory>
    <id>f76385d1-e4e3-4785-9ac3-a92fb35704d9</id>
    <creationDate class="sql-timestamp">2012-06-06 16:44:51.9</creationDate>
    <madeBy>dotcms.org.1</madeBy>
    <changeDescription>Description</changeDescription>
    <workflowtaskId>821896b4-27bb-4137-b30f-fed90aff5d7d</workflowtaskId>
    <actionId>7309ed0d-cbf9-4b02-aa3c-8b599fd2a718</actionId>
    <stepId>c965f6a5-0a4f-4b87-899d-053f84012e5e</stepId>
  </com.dotmarketing.portlets.workflows.model.WorkflowHistory>
  <com.dotmarketing.portlets.workflows.model.WorkflowHistory>
    <id>f88054c2-b6e4-4dd4-88df-195305770779</id>
    <creationDate class="sql-timestamp">2012-06-06 16:46:11.289</creationDate>
    <madeBy>dotcms.org.1</madeBy>
    <changeDescription>Description</changeDescription>
    <workflowtaskId>821896b4-27bb-4137-b30f-fed90aff5d7d</workflowtaskId>
    <actionId>7309ed0d-cbf9-4b02-aa3c-8b599fd2a718</actionId>
    <stepId>c965f6a5-0a4f-4b87-899d-053f84012e5e</stepId>
  </com.dotmarketing.portlets.workflows.model.WorkflowHistory>
  <com.dotmarketing.portlets.workflows.model.WorkflowHistory>
    <id>fa7d5167-65ec-406e-8a22-b756e9293e7e</id>
    <creationDate class="sql-timestamp">2012-06-06 16:43:46.242</creationDate>
    <madeBy>dotcms.org.1</madeBy>
    <changeDescription>Description</changeDescription>
    <workflowtaskId>171df3cd-152a-47ad-a7dd-f44ab34b451c</workflowtaskId>
    <actionId>7309ed0d-cbf9-4b02-aa3c-8b599fd2a718</actionId>
    <stepId>c965f6a5-0a4f-4b87-899d-053f84012e5e</stepId>
  </com.dotmarketing.portlets.workflows.model.WorkflowHistory>
  <com.dotmarketing.portlets.workflows.model.WorkflowHistory>
    <id>fffc7b54-5322-472a-af27-72522d243d66</id>
    <creationDate class="sql-timestamp">2012-06-12 12:20:41.888</creationDate>
    <madeBy>dotcms.org.1</madeBy>
    <changeDescription>Description</changeDescription>
    <workflowtaskId>30b57467-ed8b-4ed1-bf8c-7f43bc6576d8</workflowtaskId>
    <actionId>659751a5-a5e3-40ed-a799-e3aa7a83dfd8</actionId>
    <stepId>5066a6c6-fbb3-4d4b-8b94-3f74d368e126</stepId>
  </com.dotmarketing.portlets.workflows.model.WorkflowHistory>
</list>