<list>
  <com.dotmarketing.portlets.templates.model.TemplateVersionInfo>
    <identifier>003d08f4-e0c9-4bc7-9949-b686301338ba</identifier>
    <liveInode>3e2ee83b-52b0-4312-b8b4-7a3213279888</liveInode>
    <workingInode>3e2ee83b-52b0-4312-b8b4-7a3213279888</workingInode>
    <lockedOn class="sql-timestamp">2012-12-04 16:44:37.66</lockedOn>
    <deleted>false</deleted>
    <versionTs class="sql-timestamp">2012-12-04 16:44:37.687</versionTs>
  </com.dotmarketing.portlets.templates.model.TemplateVersionInfo>
  <com.dotmarketing.portlets.templates.model.TemplateVersionInfo>
    <identifier>0a1cf815-ac9a-4619-9100-19631b739776</identifier>
    <liveInode>b320cc4d-ec82-4b49-b511-4a03001d56c2</liveInode>
    <workingInode>b320cc4d-ec82-4b49-b511-4a03001d56c2</workingInode>
    <lockedOn class="sql-timestamp">2012-12-03 17:58:33.631</lockedOn>
    <deleted>false</deleted>
    <versionTs class="sql-timestamp">2012-12-03 17:58:33.632</versionTs>
  </com.dotmarketing.portlets.templates.model.TemplateVersionInfo>
  <com.dotmarketing.portlets.templates.model.TemplateVersionInfo>
    <identifier>0f2d2e2d-ecdd-4b6a-9692-1f511b81af5e</identifier>
    <liveInode>aea3431c-4ea2-409d-916e-62dd75fa3457</liveInode>
    <workingInode>aea3431c-4ea2-409d-916e-62dd75fa3457</workingInode>
    <lockedOn class="sql-timestamp">2012-07-10 15:35:28.523</lockedOn>
    <deleted>false</deleted>
    <versionTs class="sql-timestamp">2012-07-10 15:35:28.531</versionTs>
  </com.dotmarketing.portlets.templates.model.TemplateVersionInfo>
  <com.dotmarketing.portlets.templates.model.TemplateVersionInfo>
    <identifier>206ab018-77e2-47dd-ab3c-e8dc6feceab3</identifier>
    <liveInode>765bdf4a-42eb-446a-b3e6-d0ddf3925fb5</liveInode>
    <workingInode>765bdf4a-42eb-446a-b3e6-d0ddf3925fb5</workingInode>
    <lockedOn class="sql-timestamp">2012-12-04 16:43:29.479</lockedOn>
    <deleted>false</deleted>
    <versionTs class="sql-timestamp">2012-12-04 16:43:29.494</versionTs>
  </com.dotmarketing.portlets.templates.model.TemplateVersionInfo>
  <com.dotmarketing.portlets.templates.model.TemplateVersionInfo>
    <identifier>32d79748-2172-47f9-a407-8395f41c9d5e</identifier>
    <liveInode>32e58ed5-94ea-47db-8274-8bc138e0a161</liveInode>
    <workingInode>32e58ed5-94ea-47db-8274-8bc138e0a161</workingInode>
    <lockedOn class="sql-timestamp">2012-12-10 11:03:18.144</lockedOn>
    <deleted>false</deleted>
    <versionTs class="sql-timestamp">2012-12-10 11:03:18.158</versionTs>
  </com.dotmarketing.portlets.templates.model.TemplateVersionInfo>
  <com.dotmarketing.portlets.templates.model.TemplateVersionInfo>
    <identifier>3622f559-7ea7-4b7a-96ce-1313f3b1a2f5</identifier>
    <liveInode>e4221826-9c2d-4fb3-bf6d-c600d0c78042</liveInode>
    <workingInode>e4221826-9c2d-4fb3-bf6d-c600d0c78042</workingInode>
    <lockedOn class="sql-timestamp">2012-12-10 11:01:58.555</lockedOn>
    <deleted>false</deleted>
    <versionTs class="sql-timestamp">2012-12-10 11:01:58.569</versionTs>
  </com.dotmarketing.portlets.templates.model.TemplateVersionInfo>
  <com.dotmarketing.portlets.templates.model.TemplateVersionInfo>
    <identifier>7623ea3e-c0e6-46d8-8db6-9070f7bfc342</identifier>
    <liveInode>3a27e4f5-0e95-4bff-9d08-80651a970118</liveInode>
    <workingInode>3a27e4f5-0e95-4bff-9d08-80651a970118</workingInode>
    <lockedOn class="sql-timestamp">2012-12-04 16:44:44.525</lockedOn>
    <deleted>false</deleted>
    <versionTs class="sql-timestamp">2012-12-04 16:44:44.565</versionTs>
  </com.dotmarketing.portlets.templates.model.TemplateVersionInfo>
  <com.dotmarketing.portlets.templates.model.TemplateVersionInfo>
    <identifier>8380507e-9491-4e53-9a66-28b2754ac9e9</identifier>
    <liveInode>d36cbf7f-7f8e-469b-afae-9febcb1f9084</liveInode>
    <workingInode>d36cbf7f-7f8e-469b-afae-9febcb1f9084</workingInode>
    <lockedOn class="sql-timestamp">2013-02-27 17:26:57.515</lockedOn>
    <deleted>false</deleted>
    <versionTs class="sql-timestamp">2013-02-27 17:26:57.534</versionTs>
  </com.dotmarketing.portlets.templates.model.TemplateVersionInfo>
  <com.dotmarketing.portlets.templates.model.TemplateVersionInfo>
    <identifier>8660b482-1ef6-4d00-9459-3996e703ba19</identifier>
    <liveInode>eb34e8cc-0c81-400b-bab4-cb8c8bffa193</liveInode>
    <workingInode>eb34e8cc-0c81-400b-bab4-cb8c8bffa193</workingInode>
    <lockedOn class="sql-timestamp">2012-12-10 11:02:48.696</lockedOn>
    <deleted>false</deleted>
    <versionTs class="sql-timestamp">2012-12-10 11:02:48.712</versionTs>
  </com.dotmarketing.portlets.templates.model.TemplateVersionInfo>
  <com.dotmarketing.portlets.templates.model.TemplateVersionInfo>
    <identifier>9341b41d-e4d8-4ac3-bcca-5ac241db4f5d</identifier>
    <liveInode>87391882-4537-4c63-bf88-28c3d20da518</liveInode>
    <workingInode>87391882-4537-4c63-bf88-28c3d20da518</workingInode>
    <lockedOn class="sql-timestamp">2012-07-10 16:07:53.558</lockedOn>
    <deleted>false</deleted>
    <versionTs class="sql-timestamp">2012-07-10 16:07:53.58</versionTs>
  </com.dotmarketing.portlets.templates.model.TemplateVersionInfo>
  <com.dotmarketing.portlets.templates.model.TemplateVersionInfo>
    <identifier>9396ac6a-d32c-4539-966e-c776e7562cfb</identifier>
    <liveInode>5a822782-0e39-4450-90b6-1ff6a00fa08b</liveInode>
    <workingInode>5a822782-0e39-4450-90b6-1ff6a00fa08b</workingInode>
    <lockedOn class="sql-timestamp">2012-12-10 11:02:56.613</lockedOn>
    <deleted>false</deleted>
    <versionTs class="sql-timestamp">2012-12-10 11:02:56.628</versionTs>
  </com.dotmarketing.portlets.templates.model.TemplateVersionInfo>
  <com.dotmarketing.portlets.templates.model.TemplateVersionInfo>
    <identifier>959821e3-83d4-4de6-826d-7395a6ce6f97</identifier>
    <liveInode>7f2d305f-a189-4611-a1e8-f0029e7a5af4</liveInode>
    <workingInode>7f2d305f-a189-4611-a1e8-f0029e7a5af4</workingInode>
    <lockedOn class="sql-timestamp">2012-12-10 11:03:02.211</lockedOn>
    <deleted>false</deleted>
    <versionTs class="sql-timestamp">2012-12-10 11:03:02.235</versionTs>
  </com.dotmarketing.portlets.templates.model.TemplateVersionInfo>
  <com.dotmarketing.portlets.templates.model.TemplateVersionInfo>
    <identifier>993d1322-b209-4720-b4c7-a0f816c49df8</identifier>
    <liveInode>bace6d28-840a-4aae-acd5-5490624d1adb</liveInode>
    <workingInode>bace6d28-840a-4aae-acd5-5490624d1adb</workingInode>
    <lockedOn class="sql-timestamp">2012-07-10 15:40:01.974</lockedOn>
    <deleted>false</deleted>
    <versionTs class="sql-timestamp">2012-07-10 15:40:01.996</versionTs>
  </com.dotmarketing.portlets.templates.model.TemplateVersionInfo>
  <com.dotmarketing.portlets.templates.model.TemplateVersionInfo>
    <identifier>a0ead91b-fd4c-4182-abc8-a6d173a07ab4</identifier>
    <liveInode>d6d51407-35ff-4268-b3bc-7ca412bca714</liveInode>
    <workingInode>d6d51407-35ff-4268-b3bc-7ca412bca714</workingInode>
    <lockedOn class="sql-timestamp">2012-12-04 16:44:06.899</lockedOn>
    <deleted>false</deleted>
    <versionTs class="sql-timestamp">2012-12-04 16:44:06.913</versionTs>
  </com.dotmarketing.portlets.templates.model.TemplateVersionInfo>
  <com.dotmarketing.portlets.templates.model.TemplateVersionInfo>
    <identifier>a9026cb3-f34e-4052-95b3-5dc087172677</identifier>
    <liveInode>b16b633e-b03d-43e7-8423-90d9bc7840c3</liveInode>
    <workingInode>b16b633e-b03d-43e7-8423-90d9bc7840c3</workingInode>
    <lockedOn class="sql-timestamp">2012-12-10 11:04:33.297</lockedOn>
    <deleted>false</deleted>
    <versionTs class="sql-timestamp">2012-12-10 11:04:33.313</versionTs>
  </com.dotmarketing.portlets.templates.model.TemplateVersionInfo>
  <com.dotmarketing.portlets.templates.model.TemplateVersionInfo>
    <identifier>ade7c405-fb68-437b-bb38-b0b04502861e</identifier>
    <liveInode>c35f94df-2355-4e85-a6a2-103f64d703b9</liveInode>
    <workingInode>c35f94df-2355-4e85-a6a2-103f64d703b9</workingInode>
    <lockedOn class="sql-timestamp">2012-12-10 11:02:06.038</lockedOn>
    <deleted>false</deleted>
    <versionTs class="sql-timestamp">2012-12-10 11:02:06.052</versionTs>
  </com.dotmarketing.portlets.templates.model.TemplateVersionInfo>
  <com.dotmarketing.portlets.templates.model.TemplateVersionInfo>
    <identifier>d30a0347-7473-49ab-b67d-cc7a972f4d59</identifier>
    <liveInode>6cd4fcf8-4eff-4411-9c56-7634b92130e7</liveInode>
    <workingInode>6cd4fcf8-4eff-4411-9c56-7634b92130e7</workingInode>
    <lockedOn class="sql-timestamp">2012-12-10 11:02:19.185</lockedOn>
    <deleted>false</deleted>
    <versionTs class="sql-timestamp">2012-12-10 11:02:19.206</versionTs>
  </com.dotmarketing.portlets.templates.model.TemplateVersionInfo>
  <com.dotmarketing.portlets.templates.model.TemplateVersionInfo>
    <identifier>fdb3f906-e9c4-46c4-b7e4-148201271d04</identifier>
    <liveInode>ab39d739-f48e-4b10-9570-4c24b5e3506a</liveInode>
    <workingInode>ab39d739-f48e-4b10-9570-4c24b5e3506a</workingInode>
    <lockedOn class="sql-timestamp">2012-12-10 11:03:10.903</lockedOn>
    <deleted>false</deleted>
    <versionTs class="sql-timestamp">2012-12-10 11:03:10.917</versionTs>
  </com.dotmarketing.portlets.templates.model.TemplateVersionInfo>
</list>