<list>
  <com.dotmarketing.business.PortletsLayouts>
    <id>1f1e6dea-b2ca-41d1-9799-76edced16ea8</id>
    <portletId>EXT_DASHBOARD</portletId>
    <layoutId>34885ddb-3537-4a79-a02c-0550c5087d5c</layoutId>
    <portletOrder>2</portletOrder>
  </com.dotmarketing.business.PortletsLayouts>
  <com.dotmarketing.business.PortletsLayouts>
    <id>21864182-21d5-4fc9-97c3-89bac87fdfe6</id>
    <portletId>EXT_SITESEARCH</portletId>
    <layoutId>a8e430e3-8010-40cf-ade1-5978e61241a8</layoutId>
    <portletOrder>9</portletOrder>
  </com.dotmarketing.business.PortletsLayouts>
  <com.dotmarketing.business.PortletsLayouts>
    <id>24bc0838-3090-4474-90a2-e6cba2bc4787</id>
    <portletId>EXT_15</portletId>
    <layoutId>b7ab5d3c-5ee0-4195-a17e-8f5579d718dd</layoutId>
    <portletOrder>2</portletOrder>
  </com.dotmarketing.business.PortletsLayouts>
  <com.dotmarketing.business.PortletsLayouts>
    <id>2e1f74e2-a285-4f09-a2cc-a512f67715e3</id>
    <portletId>EXT_BROKEN_LINKS</portletId>
    <layoutId>71b8a1ca-37b6-4b6e-a43b-c7482f28db6c</layoutId>
    <portletOrder>2</portletOrder>
  </com.dotmarketing.business.PortletsLayouts>
  <com.dotmarketing.business.PortletsLayouts>
    <id>2f174d4e-985b-425b-b457-62f8d2c086d0</id>
    <portletId>EXT_LUCENE_TOOL</portletId>
    <layoutId>a8e430e3-8010-40cf-ade1-5978e61241a8</layoutId>
    <portletOrder>7</portletOrder>
  </com.dotmarketing.business.PortletsLayouts>
  <com.dotmarketing.business.PortletsLayouts>
    <id>2f4473d1-8ed0-4bb6-9f4f-5380da5ffaa6</id>
    <portletId>EXT_18</portletId>
    <layoutId>b7ab5d3c-5ee0-4195-a17e-8f5579d718dd</layoutId>
    <portletOrder>3</portletOrder>
  </com.dotmarketing.business.PortletsLayouts>
  <com.dotmarketing.business.PortletsLayouts>
    <id>4ecca95e-34e7-4c9f-98c4-fcf3f7f814d5</id>
    <portletId>EXT_VIRTUAL_LINKS</portletId>
    <layoutId>b7ab5d3c-5ee0-4195-a17e-8f5579d718dd</layoutId>
    <portletOrder>6</portletOrder>
  </com.dotmarketing.business.PortletsLayouts>
  <com.dotmarketing.business.PortletsLayouts>
    <id>54f15273-5b93-4359-823f-8b20990e3b35</id>
    <portletId>EXT_CMS_MAINTENANCE</portletId>
    <layoutId>a8e430e3-8010-40cf-ade1-5978e61241a8</layoutId>
    <portletOrder>3</portletOrder>
  </com.dotmarketing.business.PortletsLayouts>
  <com.dotmarketing.business.PortletsLayouts>
    <id>58c0b60c-e300-4852-9232-e416b14c3236</id>
    <portletId>EXT_CALENDAR</portletId>
    <layoutId>d36bad18-63e1-4642-9a45-e7c69ba8d4a5</layoutId>
    <portletOrder>1</portletOrder>
  </com.dotmarketing.business.PortletsLayouts>
  <com.dotmarketing.business.PortletsLayouts>
    <id>58d56b24-b632-4110-90d3-f66b9dbc709b</id>
    <portletId>EXT_STRUCTURE</portletId>
    <layoutId>56fedb43-dbbf-4ce2-8b77-41fb73bad015</layoutId>
    <portletOrder>1</portletOrder>
  </com.dotmarketing.business.PortletsLayouts>
  <com.dotmarketing.business.PortletsLayouts>
    <id>6c4c3d32-1db1-447a-9c53-c791cc56656d</id>
    <portletId>EXT_USER_ADMIN</portletId>
    <layoutId>a8e430e3-8010-40cf-ade1-5978e61241a8</layoutId>
    <portletOrder>1</portletOrder>
  </com.dotmarketing.business.PortletsLayouts>
  <com.dotmarketing.business.PortletsLayouts>
    <id>6fcc910f-0f8a-4ce6-bd04-72a46061b2fd</id>
    <portletId>EXT_13</portletId>
    <layoutId>b7ab5d3c-5ee0-4195-a17e-8f5579d718dd</layoutId>
    <portletOrder>4</portletOrder>
  </com.dotmarketing.business.PortletsLayouts>
  <com.dotmarketing.business.PortletsLayouts>
    <id>7075565a-a96d-4536-b849-6dbfd48cbddf</id>
    <portletId>WORKFLOW_SCHEMES</portletId>
    <layoutId>56fedb43-dbbf-4ce2-8b77-41fb73bad015</layoutId>
    <portletOrder>4</portletOrder>
  </com.dotmarketing.business.PortletsLayouts>
  <com.dotmarketing.business.PortletsLayouts>
    <id>72bcc109-b87f-4a80-9d5d-7f0f2c34185e</id>
    <portletId>OSGI_MANAGER</portletId>
    <layoutId>a8e430e3-8010-40cf-ade1-5978e61241a8</layoutId>
    <portletOrder>10</portletOrder>
  </com.dotmarketing.business.PortletsLayouts>
  <com.dotmarketing.business.PortletsLayouts>
    <id>75812320-b98e-4af2-872b-a3a6e095d16c</id>
    <portletId>25</portletId>
    <layoutId>81c3bb50-9f64-4a39-9027-46ee92192799</layoutId>
    <portletOrder>2</portletOrder>
  </com.dotmarketing.business.PortletsLayouts>
  <com.dotmarketing.business.PortletsLayouts>
    <id>77c7c5ab-e678-4b28-a1d1-41e72d52ab91</id>
    <portletId>EXT_LICENSE_MANAGER</portletId>
    <layoutId>a8e430e3-8010-40cf-ade1-5978e61241a8</layoutId>
    <portletOrder>8</portletOrder>
  </com.dotmarketing.business.PortletsLayouts>
  <com.dotmarketing.business.PortletsLayouts>
    <id>78604b9f-6ce0-446c-9f53-2d740910cc43</id>
    <portletId>EXT_BROWSER</portletId>
    <layoutId>931f0b26-92c1-420b-8fbf-e48089040921</layoutId>
    <portletOrder>1</portletOrder>
  </com.dotmarketing.business.PortletsLayouts>
  <com.dotmarketing.business.PortletsLayouts>
    <id>93342fbc-ba50-4f67-8bd3-9cbeddb8a197</id>
    <portletId>EXT_LANG</portletId>
    <layoutId>a8e430e3-8010-40cf-ade1-5978e61241a8</layoutId>
    <portletOrder>6</portletOrder>
  </com.dotmarketing.business.PortletsLayouts>
  <com.dotmarketing.business.PortletsLayouts>
    <id>99ef0754-6694-4646-bfc4-d41b815e236c</id>
    <portletId>EXT_11</portletId>
    <layoutId>71b8a1ca-37b6-4b6e-a43b-c7482f28db6c</layoutId>
    <portletOrder>1</portletOrder>
  </com.dotmarketing.business.PortletsLayouts>
  <com.dotmarketing.business.PortletsLayouts>
    <id>a4d6bfa5-b8db-47a0-8052-a535df095626</id>
    <portletId>EXT_21</portletId>
    <layoutId>34885ddb-3537-4a79-a02c-0550c5087d5c</layoutId>
    <portletOrder>1</portletOrder>
  </com.dotmarketing.business.PortletsLayouts>
  <com.dotmarketing.business.PortletsLayouts>
    <id>a5e656a5-7d03-45f5-8a73-9a35093979a2</id>
    <portletId>EXT_4</portletId>
    <layoutId>56fedb43-dbbf-4ce2-8b77-41fb73bad015</layoutId>
    <portletOrder>2</portletOrder>
  </com.dotmarketing.business.PortletsLayouts>
  <com.dotmarketing.business.PortletsLayouts>
    <id>a8d59ee5-d832-4fa5-ae70-65aa8385823e</id>
    <portletId>EXT_12</portletId>
    <layoutId>b7ab5d3c-5ee0-4195-a17e-8f5579d718dd</layoutId>
    <portletOrder>5</portletOrder>
  </com.dotmarketing.business.PortletsLayouts>
  <com.dotmarketing.business.PortletsLayouts>
    <id>a91df559-6f89-47e4-8724-be067b6bd36f</id>
    <portletId>9</portletId>
    <layoutId>a8e430e3-8010-40cf-ade1-5978e61241a8</layoutId>
    <portletOrder>5</portletOrder>
  </com.dotmarketing.business.PortletsLayouts>
  <com.dotmarketing.business.PortletsLayouts>
    <id>b08288af-2c1b-4f32-bb39-174bc423b8ef</id>
    <portletId>EXT_CONTENT_PUBLISHING_TOOL</portletId>
    <layoutId>a8e430e3-8010-40cf-ade1-5978e61241a8</layoutId>
    <portletOrder>11</portletOrder>
  </com.dotmarketing.business.PortletsLayouts>
  <com.dotmarketing.business.PortletsLayouts>
    <id>b9170234-802b-4828-b9bf-194595152550</id>
    <portletId>TIMEMACHINE</portletId>
    <layoutId>b7ab5d3c-5ee0-4195-a17e-8f5579d718dd</layoutId>
    <portletOrder>7</portletOrder>
  </com.dotmarketing.business.PortletsLayouts>
  <com.dotmarketing.business.PortletsLayouts>
    <id>bb2e0d8a-8dcf-4496-b605-f152a2662e62</id>
    <portletId>EXT_HOSTADMIN</portletId>
    <layoutId>a8e430e3-8010-40cf-ade1-5978e61241a8</layoutId>
    <portletOrder>4</portletOrder>
  </com.dotmarketing.business.PortletsLayouts>
  <com.dotmarketing.business.PortletsLayouts>
    <id>be37bc5e-1f34-4b7c-b6ad-d57aed223a84</id>
    <portletId>EXT_BROWSER</portletId>
    <layoutId>b7ab5d3c-5ee0-4195-a17e-8f5579d718dd</layoutId>
    <portletOrder>1</portletOrder>
  </com.dotmarketing.business.PortletsLayouts>
  <com.dotmarketing.business.PortletsLayouts>
    <id>c5c4341f-171b-43d2-8037-ccce7596b2fd</id>
    <portletId>EXT_TAG_MANAGER</portletId>
    <layoutId>56fedb43-dbbf-4ce2-8b77-41fb73bad015</layoutId>
    <portletOrder>3</portletOrder>
  </com.dotmarketing.business.PortletsLayouts>
  <com.dotmarketing.business.PortletsLayouts>
    <id>cd869b04-0261-4d7a-87f5-f8d6d38f37e5</id>
    <portletId>EXT_REPORTMANAGER</portletId>
    <layoutId>81c3bb50-9f64-4a39-9027-46ee92192799</layoutId>
    <portletOrder>3</portletOrder>
  </com.dotmarketing.business.PortletsLayouts>
  <com.dotmarketing.business.PortletsLayouts>
    <id>d16671f9-dccd-4c0f-9a52-8dcac2b7803b</id>
    <portletId>EXT_ROLE_ADMIN</portletId>
    <layoutId>a8e430e3-8010-40cf-ade1-5978e61241a8</layoutId>
    <portletOrder>2</portletOrder>
  </com.dotmarketing.business.PortletsLayouts>
  <com.dotmarketing.business.PortletsLayouts>
    <id>dc690620-ab60-4d8c-9d28-bb17b11dfc21</id>
    <portletId>EXT_FORM_HANDLER</portletId>
    <layoutId>81c3bb50-9f64-4a39-9027-46ee92192799</layoutId>
    <portletOrder>1</portletOrder>
  </com.dotmarketing.business.PortletsLayouts>
</list>