<list>
  <com.dotmarketing.portlets.dashboard.model.DashboardSummary404>
    <id>2</id>
    <summaryPeriod>
      <id>9</id>
      <fullDate class="sql-timestamp">2013-07-26 04:00:00.0</fullDate>
      <day>26</day>
      <dayName>Friday</dayName>
      <week>4</week>
      <month>7</month>
      <monthName>July</monthName>
      <year>2013</year>
    </summaryPeriod>
    <hostId>48190c8c-42c4-46af-8d1a-0cd5db894797</hostId>
    <uri>/html/images/skin/arrowClose.gif</uri>
    <refererUri>http://starter.dotcms.com:8080/html/css/leftPreview.css</refererUri>
    <ignored>false</ignored>
    <userPreferences/>
  </com.dotmarketing.portlets.dashboard.model.DashboardSummary404>
  <com.dotmarketing.portlets.dashboard.model.DashboardSummary404>
    <id>3</id>
    <summaryPeriod reference="../../com.dotmarketing.portlets.dashboard.model.DashboardSummary404/summaryPeriod"/>
    <hostId>48190c8c-42c4-46af-8d1a-0cd5db894797</hostId>
    <uri>/html/images/skin/arrowOpen.gif</uri>
    <refererUri>http://starter.dotcms.com:8080/home/index.html?leftMenu=true&amp;livePage=0&amp;language=1&amp;host_id=48190c8c-42c4-46af-8d1a-0cd5db894797</refererUri>
    <ignored>false</ignored>
    <userPreferences/>
  </com.dotmarketing.portlets.dashboard.model.DashboardSummary404>
  <com.dotmarketing.portlets.dashboard.model.DashboardSummary404>
    <id>4</id>
    <summaryPeriod reference="../../com.dotmarketing.portlets.dashboard.model.DashboardSummary404/summaryPeriod"/>
    <hostId>48190c8c-42c4-46af-8d1a-0cd5db894797</hostId>
    <uri>/html/images/skin/arrowClose.gif</uri>
    <refererUri>http://starter.dotcms.com:8080/home/index.html?leftMenu=true&amp;livePage=0&amp;language=1&amp;host_id=48190c8c-42c4-46af-8d1a-0cd5db894797</refererUri>
    <ignored>false</ignored>
    <userPreferences/>
  </com.dotmarketing.portlets.dashboard.model.DashboardSummary404>
</list>