<list>
  <com.dotmarketing.portlets.links.model.LinkVersionInfo>
    <identifier>14343a01-11c1-4d98-a2a1-2fc8cfcd92ea</identifier>
    <liveInode>f1f1fb4f-272f-4817-b9f5-c35242e1816c</liveInode>
    <workingInode>f1f1fb4f-272f-4817-b9f5-c35242e1816c</workingInode>
    <lockedOn class="sql-timestamp">2012-11-08 22:12:52.242</lockedOn>
    <deleted>false</deleted>
    <versionTs class="sql-timestamp">2012-11-08 22:12:52.243</versionTs>
  </com.dotmarketing.portlets.links.model.LinkVersionInfo>
  <com.dotmarketing.portlets.links.model.LinkVersionInfo>
    <identifier>622820fe-1b31-4498-b0f2-b7af238a8c8d</identifier>
    <liveInode>3e9956a6-5350-448e-8c05-21319e49b2f7</liveInode>
    <workingInode>3e9956a6-5350-448e-8c05-21319e49b2f7</workingInode>
    <lockedOn class="sql-timestamp">2012-01-20 05:00:00.0</lockedOn>
    <deleted>false</deleted>
    <versionTs class="sql-timestamp">2012-05-04 17:38:28.388751</versionTs>
  </com.dotmarketing.portlets.links.model.LinkVersionInfo>
  <com.dotmarketing.portlets.links.model.LinkVersionInfo>
    <identifier>b12f30da-0f0c-4376-88a0-a17d1ffe39f9</identifier>
    <liveInode>511cf821-93e2-402b-a734-6488f418e7e5</liveInode>
    <workingInode>511cf821-93e2-402b-a734-6488f418e7e5</workingInode>
    <lockedBy>dotcms.org.1</lockedBy>
    <lockedOn class="sql-timestamp">2013-03-05 20:41:53.328</lockedOn>
    <deleted>false</deleted>
    <versionTs class="sql-timestamp">2013-03-05 20:41:53.329</versionTs>
  </com.dotmarketing.portlets.links.model.LinkVersionInfo>
</list>