<list>
  <com.dotmarketing.portlets.links.model.LinkVersionInfo>
    <identifier>14343a01-11c1-4d98-a2a1-2fc8cfcd92ea</identifier>
    <liveInode>a5b32a0a-4252-4b9d-bb71-ba06287a522f</liveInode>
    <workingInode>a5b32a0a-4252-4b9d-bb71-ba06287a522f</workingInode>
    <lockedOn class="sql-timestamp">2012-07-11 09:36:08.518</lockedOn>
    <deleted>false</deleted>
    <versionTs class="sql-timestamp">2012-07-11 09:36:08.519</versionTs>
  </com.dotmarketing.portlets.links.model.LinkVersionInfo>
  <com.dotmarketing.portlets.links.model.LinkVersionInfo>
    <identifier>622820fe-1b31-4498-b0f2-b7af238a8c8d</identifier>
    <liveInode>3e9956a6-5350-448e-8c05-21319e49b2f7</liveInode>
    <workingInode>3e9956a6-5350-448e-8c05-21319e49b2f7</workingInode>
    <lockedOn class="sql-timestamp">2012-01-20 00:00:00.0</lockedOn>
    <deleted>false</deleted>
    <versionTs class="sql-timestamp">2012-05-04 13:38:28.388751</versionTs>
  </com.dotmarketing.portlets.links.model.LinkVersionInfo>
  <com.dotmarketing.portlets.links.model.LinkVersionInfo>
    <identifier>b12f30da-0f0c-4376-88a0-a17d1ffe39f9</identifier>
    <liveInode>511cf821-93e2-402b-a734-6488f418e7e5</liveInode>
    <workingInode>511cf821-93e2-402b-a734-6488f418e7e5</workingInode>
    <lockedOn class="sql-timestamp">2012-09-21 16:28:18.619</lockedOn>
    <deleted>false</deleted>
    <versionTs class="sql-timestamp">2012-09-21 16:28:18.627</versionTs>
  </com.dotmarketing.portlets.links.model.LinkVersionInfo>
</list>