<list>
  <com.dotmarketing.beans.MultiTree>
    <parent1>026a6d1a-5eeb-449a-9465-8a3ecc719571</parent1>
    <parent2>56bd55ea-b04b-480d-9e37-5d6f9217dcc3</parent2>
    <child>60285c48-be4c-46f3-b894-f3965b8cc791</child>
    <treeOrder>1</treeOrder>
  </com.dotmarketing.beans.MultiTree>
  <com.dotmarketing.beans.MultiTree>
    <parent1>04d5585e-6fae-46d6-b542-8e74cdc51a80</parent1>
    <parent2>c7776bbb-d38a-43a1-af3b-6cfa36ba9747</parent2>
    <child>767509b1-2392-4661-a16b-e0e31ce27719</child>
    <treeOrder>0</treeOrder>
  </com.dotmarketing.beans.MultiTree>
  <com.dotmarketing.beans.MultiTree>
    <parent1>1aeb328b-57b5-46e8-9eec-2cb2b4c24953</parent1>
    <parent2>56bd55ea-b04b-480d-9e37-5d6f9217dcc3</parent2>
    <child>ef4b53cc-8492-4d18-8c17-ec1c585166b9</child>
    <treeOrder>0</treeOrder>
  </com.dotmarketing.beans.MultiTree>
  <com.dotmarketing.beans.MultiTree>
    <parent1>1b074c9c-6da4-4f0c-aba2-33052f325ed7</parent1>
    <parent2>56bd55ea-b04b-480d-9e37-5d6f9217dcc3</parent2>
    <child>3c411830-1d93-439f-8662-17d8251674e9</child>
    <treeOrder>25</treeOrder>
  </com.dotmarketing.beans.MultiTree>
  <com.dotmarketing.beans.MultiTree>
    <parent1>1edc9ffe-cfdf-42a7-9b90-18cf090ddeba</parent1>
    <parent2>56bd55ea-b04b-480d-9e37-5d6f9217dcc3</parent2>
    <child>ea602b09-d2ba-428c-8901-391fb962513f</child>
    <treeOrder>0</treeOrder>
  </com.dotmarketing.beans.MultiTree>
  <com.dotmarketing.beans.MultiTree>
    <parent1>1f5559e3-df40-4032-887e-b1aa02d59021</parent1>
    <parent2>56bd55ea-b04b-480d-9e37-5d6f9217dcc3</parent2>
    <child>bb1e14da-195d-4d0e-bf45-e408267adb94</child>
    <treeOrder>0</treeOrder>
  </com.dotmarketing.beans.MultiTree>
  <com.dotmarketing.beans.MultiTree>
    <parent1>1f5559e3-df40-4032-887e-b1aa02d59021</parent1>
    <parent2>5eb11b21-6b13-4fb8-a823-1de20bba56c0</parent2>
    <child>3e4f9133-423e-44a5-af14-b75ab6b947e8</child>
    <treeOrder>0</treeOrder>
  </com.dotmarketing.beans.MultiTree>
  <com.dotmarketing.beans.MultiTree>
    <parent1>2c86ef5a-fcfe-441e-990f-20a87cd85aa2</parent1>
    <parent2>56bd55ea-b04b-480d-9e37-5d6f9217dcc3</parent2>
    <child>cba96780-7635-4ede-8eb1-33d5a56ee54a</child>
    <treeOrder>4</treeOrder>
  </com.dotmarketing.beans.MultiTree>
  <com.dotmarketing.beans.MultiTree>
    <parent1>2c86ef5a-fcfe-441e-990f-20a87cd85aa2</parent1>
    <parent2>56bd55ea-b04b-480d-9e37-5d6f9217dcc3</parent2>
    <child>fdeb8c1f-ab5b-4f58-b330-3afb210e0c49</child>
    <treeOrder>0</treeOrder>
  </com.dotmarketing.beans.MultiTree>
  <com.dotmarketing.beans.MultiTree>
    <parent1>2c86ef5a-fcfe-441e-990f-20a87cd85aa2</parent1>
    <parent2>5eb11b21-6b13-4fb8-a823-1de20bba56c0</parent2>
    <child>f2966056-b28b-4b90-8d39-bc4af09c13b3</child>
    <treeOrder>0</treeOrder>
  </com.dotmarketing.beans.MultiTree>
  <com.dotmarketing.beans.MultiTree>
    <parent1>2c86ef5a-fcfe-441e-990f-20a87cd85aa2</parent1>
    <parent2>5eb11b21-6b13-4fb8-a823-1de20bba56c0</parent2>
    <child>fa2b3615-f8b8-4132-9348-faecd68932bb</child>
    <treeOrder>1</treeOrder>
  </com.dotmarketing.beans.MultiTree>
  <com.dotmarketing.beans.MultiTree>
    <parent1>2c86ef5a-fcfe-441e-990f-20a87cd85aa2</parent1>
    <parent2>8f17696b-4e25-46b6-94b1-66c849a28bbe</parent2>
    <child>40792412-23ad-4bfb-ad44-7259a710b664</child>
    <treeOrder>0</treeOrder>
  </com.dotmarketing.beans.MultiTree>
  <com.dotmarketing.beans.MultiTree>
    <parent1>2c86ef5a-fcfe-441e-990f-20a87cd85aa2</parent1>
    <parent2>a6e9652b-8183-4c09-b775-26196b09a300</parent2>
    <child>fe1cfb9e-997d-4a05-b89e-adbbec38bc67</child>
    <treeOrder>5</treeOrder>
  </com.dotmarketing.beans.MultiTree>
  <com.dotmarketing.beans.MultiTree>
    <parent1>3b6bebd0-145f-48a9-8736-ae5d657f3550</parent1>
    <parent2>56bd55ea-b04b-480d-9e37-5d6f9217dcc3</parent2>
    <child>ff94209a-7b31-4cfe-87a8-42c1c286299e</child>
    <treeOrder>25</treeOrder>
  </com.dotmarketing.beans.MultiTree>
  <com.dotmarketing.beans.MultiTree>
    <parent1>3b6bebd0-145f-48a9-8736-ae5d657f3550</parent1>
    <parent2>5eb11b21-6b13-4fb8-a823-1de20bba56c0</parent2>
    <child>638aaaea-3ed7-42e9-a084-034fdc5c617d</child>
    <treeOrder>0</treeOrder>
  </com.dotmarketing.beans.MultiTree>
  <com.dotmarketing.beans.MultiTree>
    <parent1>3b6bebd0-145f-48a9-8736-ae5d657f3550</parent1>
    <parent2>5eb11b21-6b13-4fb8-a823-1de20bba56c0</parent2>
    <child>90a157f3-4d88-4f50-b64c-e4f8eeb8d74a</child>
    <treeOrder>1</treeOrder>
  </com.dotmarketing.beans.MultiTree>
  <com.dotmarketing.beans.MultiTree>
    <parent1>422b78b6-5b2f-4c40-9c1e-eccc70e37413</parent1>
    <parent2>c7776bbb-d38a-43a1-af3b-6cfa36ba9747</parent2>
    <child>35e71fcb-44ae-40d4-8361-a516e467cbd3</child>
    <treeOrder>0</treeOrder>
  </com.dotmarketing.beans.MultiTree>
  <com.dotmarketing.beans.MultiTree>
    <parent1>47e72441-654d-4cf1-9d44-97fe9d5ecef5</parent1>
    <parent2>c7776bbb-d38a-43a1-af3b-6cfa36ba9747</parent2>
    <child>94601ba6-0064-4818-8768-ba8dbc988c95</child>
    <treeOrder>0</treeOrder>
  </com.dotmarketing.beans.MultiTree>
  <com.dotmarketing.beans.MultiTree>
    <parent1>4b64a746-9df0-4e32-bae2-1cb9b7e6dea7</parent1>
    <parent2>56bd55ea-b04b-480d-9e37-5d6f9217dcc3</parent2>
    <child>276200c3-7bc0-4930-9dc7-59b05f9ea515</child>
    <treeOrder>25</treeOrder>
  </com.dotmarketing.beans.MultiTree>
  <com.dotmarketing.beans.MultiTree>
    <parent1>5072e590-e88a-463a-b38c-e4217d41d0b5</parent1>
    <parent2>c7776bbb-d38a-43a1-af3b-6cfa36ba9747</parent2>
    <child>d57a1272-b577-42bd-a6b3-385712d5040d</child>
    <treeOrder>0</treeOrder>
  </com.dotmarketing.beans.MultiTree>
  <com.dotmarketing.beans.MultiTree>
    <parent1>593e803f-90e4-4077-be1e-172ba44e32e4</parent1>
    <parent2>c7776bbb-d38a-43a1-af3b-6cfa36ba9747</parent2>
    <child>4cbd7793-0436-4f4f-a3ce-90e6679b9cde</child>
    <treeOrder>0</treeOrder>
  </com.dotmarketing.beans.MultiTree>
  <com.dotmarketing.beans.MultiTree>
    <parent1>5aaf726e-efe1-45ac-be67-22d7a8b8ea8f</parent1>
    <parent2>56bd55ea-b04b-480d-9e37-5d6f9217dcc3</parent2>
    <child>8c05fe4d-cbdb-4c6f-8d22-41ba43650de2</child>
    <treeOrder>0</treeOrder>
  </com.dotmarketing.beans.MultiTree>
  <com.dotmarketing.beans.MultiTree>
    <parent1>6247c3b2-f5bf-40c6-9b07-ae06d56a1b7c</parent1>
    <parent2>56bd55ea-b04b-480d-9e37-5d6f9217dcc3</parent2>
    <child>b031f162-8264-488f-8c4f-a8185eac5595</child>
    <treeOrder>0</treeOrder>
  </com.dotmarketing.beans.MultiTree>
  <com.dotmarketing.beans.MultiTree>
    <parent1>62e39701-ccf0-47b4-a118-a0d9c288758d</parent1>
    <parent2>c7776bbb-d38a-43a1-af3b-6cfa36ba9747</parent2>
    <child>c83f8296-225a-4b14-adfd-d43497a9777b</child>
    <treeOrder>0</treeOrder>
  </com.dotmarketing.beans.MultiTree>
  <com.dotmarketing.beans.MultiTree>
    <parent1>63d655b2-ae21-4461-85a0-4993f450cfa7</parent1>
    <parent2>56bd55ea-b04b-480d-9e37-5d6f9217dcc3</parent2>
    <child>85e20cad-60cd-4d99-92bc-18ca2e7780d3</child>
    <treeOrder>0</treeOrder>
  </com.dotmarketing.beans.MultiTree>
  <com.dotmarketing.beans.MultiTree>
    <parent1>69bd8ab7-861c-4eba-826b-19adec1d7ec8</parent1>
    <parent2>3f0255e8-b45d-46ea-8bb7-eb6597db4c1e</parent2>
    <child>5d021a67-dafa-4244-be12-a3afdc956dd6</child>
    <treeOrder>3</treeOrder>
  </com.dotmarketing.beans.MultiTree>
  <com.dotmarketing.beans.MultiTree>
    <parent1>69bd8ab7-861c-4eba-826b-19adec1d7ec8</parent1>
    <parent2>3f0255e8-b45d-46ea-8bb7-eb6597db4c1e</parent2>
    <child>97e2e928-8f6c-4253-a07e-2eb1d5d10e3f</child>
    <treeOrder>1</treeOrder>
  </com.dotmarketing.beans.MultiTree>
  <com.dotmarketing.beans.MultiTree>
    <parent1>69bd8ab7-861c-4eba-826b-19adec1d7ec8</parent1>
    <parent2>3f0255e8-b45d-46ea-8bb7-eb6597db4c1e</parent2>
    <child>9e66d0d6-04f9-436f-8afa-873cfac9fdea</child>
    <treeOrder>2</treeOrder>
  </com.dotmarketing.beans.MultiTree>
  <com.dotmarketing.beans.MultiTree>
    <parent1>69bd8ab7-861c-4eba-826b-19adec1d7ec8</parent1>
    <parent2>3f0255e8-b45d-46ea-8bb7-eb6597db4c1e</parent2>
    <child>ef2f92e9-c289-454f-a083-131a87fa29ec</child>
    <treeOrder>0</treeOrder>
  </com.dotmarketing.beans.MultiTree>
  <com.dotmarketing.beans.MultiTree>
    <parent1>69bd8ab7-861c-4eba-826b-19adec1d7ec8</parent1>
    <parent2>56bd55ea-b04b-480d-9e37-5d6f9217dcc3</parent2>
    <child>1e1b073f-5a12-425e-a00b-b986fcecdb5d</child>
    <treeOrder>0</treeOrder>
  </com.dotmarketing.beans.MultiTree>
  <com.dotmarketing.beans.MultiTree>
    <parent1>69bd8ab7-861c-4eba-826b-19adec1d7ec8</parent1>
    <parent2>5eb11b21-6b13-4fb8-a823-1de20bba56c0</parent2>
    <child>5a125bb6-4950-429a-9cfc-f1a9c8d90aa8</child>
    <treeOrder>1</treeOrder>
  </com.dotmarketing.beans.MultiTree>
  <com.dotmarketing.beans.MultiTree>
    <parent1>69bd8ab7-861c-4eba-826b-19adec1d7ec8</parent1>
    <parent2>6a12bbda-0ae2-4121-a98b-ad8069eaff3a</parent2>
    <child>0bb7a4ae-0af7-4274-9e13-a34bda5a0235</child>
    <treeOrder>1</treeOrder>
  </com.dotmarketing.beans.MultiTree>
  <com.dotmarketing.beans.MultiTree>
    <parent1>69bd8ab7-861c-4eba-826b-19adec1d7ec8</parent1>
    <parent2>6a12bbda-0ae2-4121-a98b-ad8069eaff3a</parent2>
    <child>c6648b39-899e-4912-b44b-407c3b216a50</child>
    <treeOrder>0</treeOrder>
  </com.dotmarketing.beans.MultiTree>
  <com.dotmarketing.beans.MultiTree>
    <parent1>69bd8ab7-861c-4eba-826b-19adec1d7ec8</parent1>
    <parent2>6a12bbda-0ae2-4121-a98b-ad8069eaff3a</parent2>
    <child>e5c58514-44fb-43e7-b9ed-45f9e2e2fe3c</child>
    <treeOrder>2</treeOrder>
  </com.dotmarketing.beans.MultiTree>
  <com.dotmarketing.beans.MultiTree>
    <parent1>69bd8ab7-861c-4eba-826b-19adec1d7ec8</parent1>
    <parent2>8f17696b-4e25-46b6-94b1-66c849a28bbe</parent2>
    <child>bd5ec7f0-a25c-4e72-8b2f-126a36d7097e</child>
    <treeOrder>0</treeOrder>
  </com.dotmarketing.beans.MultiTree>
  <com.dotmarketing.beans.MultiTree>
    <parent1>69bd8ab7-861c-4eba-826b-19adec1d7ec8</parent1>
    <parent2>a6e9652b-8183-4c09-b775-26196b09a300</parent2>
    <child>6b818c95-1dbf-477c-92b7-a2385bdd3d3f</child>
    <treeOrder>13</treeOrder>
  </com.dotmarketing.beans.MultiTree>
  <com.dotmarketing.beans.MultiTree>
    <parent1>69bd8ab7-861c-4eba-826b-19adec1d7ec8</parent1>
    <parent2>ab7d4317-68da-45ea-addc-9a57c69b8a24</parent2>
    <child>e6689690-786c-457f-a6b1-ee3d44b155e4</child>
    <treeOrder>0</treeOrder>
  </com.dotmarketing.beans.MultiTree>
  <com.dotmarketing.beans.MultiTree>
    <parent1>69bd8ab7-861c-4eba-826b-19adec1d7ec8</parent1>
    <parent2>f1ba7688-453c-4c0d-a214-e5ac802b8034</parent2>
    <child>44964380-06d8-4b50-a22b-58741614b238</child>
    <treeOrder>25</treeOrder>
  </com.dotmarketing.beans.MultiTree>
  <com.dotmarketing.beans.MultiTree>
    <parent1>69dcec4a-4364-445e-8d88-98e96d6ef5de</parent1>
    <parent2>56bd55ea-b04b-480d-9e37-5d6f9217dcc3</parent2>
    <child>01deb6bf-e884-429d-ad0b-71704d766d3e</child>
    <treeOrder>0</treeOrder>
  </com.dotmarketing.beans.MultiTree>
  <com.dotmarketing.beans.MultiTree>
    <parent1>7621ce00-9b72-476d-b201-3b195f92a66f</parent1>
    <parent2>56bd55ea-b04b-480d-9e37-5d6f9217dcc3</parent2>
    <child>487e94a8-38b8-4e21-af92-fb07547dcaf2</child>
    <treeOrder>25</treeOrder>
  </com.dotmarketing.beans.MultiTree>
  <com.dotmarketing.beans.MultiTree>
    <parent1>7621ce00-9b72-476d-b201-3b195f92a66f</parent1>
    <parent2>5eb11b21-6b13-4fb8-a823-1de20bba56c0</parent2>
    <child>88c61a8b-fbe4-48f7-afce-bbf3688d70e9</child>
    <treeOrder>25</treeOrder>
  </com.dotmarketing.beans.MultiTree>
  <com.dotmarketing.beans.MultiTree>
    <parent1>7cfa54eb-1612-401f-96b3-3e04fa14c52d</parent1>
    <parent2>56bd55ea-b04b-480d-9e37-5d6f9217dcc3</parent2>
    <child>dc4c4c97-2ed4-4491-a8fc-3c3dca7684c9</child>
    <treeOrder>0</treeOrder>
  </com.dotmarketing.beans.MultiTree>
  <com.dotmarketing.beans.MultiTree>
    <parent1>813b1cef-465f-455d-920f-063718cdd6f9</parent1>
    <parent2>56bd55ea-b04b-480d-9e37-5d6f9217dcc3</parent2>
    <child>c05a681d-b995-4ca2-a6ba-0398e59f4f34</child>
    <treeOrder>0</treeOrder>
  </com.dotmarketing.beans.MultiTree>
  <com.dotmarketing.beans.MultiTree>
    <parent1>84a50687-8027-4d27-a8b9-b18db7d5450d</parent1>
    <parent2>56bd55ea-b04b-480d-9e37-5d6f9217dcc3</parent2>
    <child>89911050-0c77-41a0-830f-10d701fd5ebf</child>
    <treeOrder>0</treeOrder>
  </com.dotmarketing.beans.MultiTree>
  <com.dotmarketing.beans.MultiTree>
    <parent1>88b2b481-6a88-4022-b71f-518aa7335ea0</parent1>
    <parent2>56bd55ea-b04b-480d-9e37-5d6f9217dcc3</parent2>
    <child>60b0f589-d2e5-4365-bafd-67cf8afef786</child>
    <treeOrder>0</treeOrder>
  </com.dotmarketing.beans.MultiTree>
  <com.dotmarketing.beans.MultiTree>
    <parent1>8aff34ed-d163-4311-9712-9b74e51e0044</parent1>
    <parent2>56bd55ea-b04b-480d-9e37-5d6f9217dcc3</parent2>
    <child>bf3cd1e2-72d1-41c9-a65c-e53de5368592</child>
    <treeOrder>25</treeOrder>
  </com.dotmarketing.beans.MultiTree>
  <com.dotmarketing.beans.MultiTree>
    <parent1>8aff34ed-d163-4311-9712-9b74e51e0044</parent1>
    <parent2>5eb11b21-6b13-4fb8-a823-1de20bba56c0</parent2>
    <child>a61fd91a-5a56-47cb-bd33-78ff36984263</child>
    <treeOrder>0</treeOrder>
  </com.dotmarketing.beans.MultiTree>
  <com.dotmarketing.beans.MultiTree>
    <parent1>8cf68df5-7cb3-4b6d-aed9-2d27fc00c5bb</parent1>
    <parent2>c7776bbb-d38a-43a1-af3b-6cfa36ba9747</parent2>
    <child>c555ba13-4ce8-4b5b-a947-1e0919725f91</child>
    <treeOrder>0</treeOrder>
  </com.dotmarketing.beans.MultiTree>
  <com.dotmarketing.beans.MultiTree>
    <parent1>8dac83a5-4a32-4786-bbe4-f09192a1ad77</parent1>
    <parent2>56bd55ea-b04b-480d-9e37-5d6f9217dcc3</parent2>
    <child>068508a2-c5b9-4686-8240-877b2af2695e</child>
    <treeOrder>2</treeOrder>
  </com.dotmarketing.beans.MultiTree>
  <com.dotmarketing.beans.MultiTree>
    <parent1>8dac83a5-4a32-4786-bbe4-f09192a1ad77</parent1>
    <parent2>56bd55ea-b04b-480d-9e37-5d6f9217dcc3</parent2>
    <child>cd448142-0e16-4822-8445-e5cb50d60465</child>
    <treeOrder>1</treeOrder>
  </com.dotmarketing.beans.MultiTree>
  <com.dotmarketing.beans.MultiTree>
    <parent1>8e7dccc5-928e-4c13-9044-cca0566ada23</parent1>
    <parent2>56bd55ea-b04b-480d-9e37-5d6f9217dcc3</parent2>
    <child>052c97cd-6a6d-498a-893d-37ca13046be2</child>
    <treeOrder>0</treeOrder>
  </com.dotmarketing.beans.MultiTree>
  <com.dotmarketing.beans.MultiTree>
    <parent1>8f9892b8-de32-439a-b496-5c6620ac317a</parent1>
    <parent2>56bd55ea-b04b-480d-9e37-5d6f9217dcc3</parent2>
    <child>4abbe387-34ae-4351-bff4-03e602c3edab</child>
    <treeOrder>25</treeOrder>
  </com.dotmarketing.beans.MultiTree>
  <com.dotmarketing.beans.MultiTree>
    <parent1>8f9892b8-de32-439a-b496-5c6620ac317a</parent1>
    <parent2>5eb11b21-6b13-4fb8-a823-1de20bba56c0</parent2>
    <child>e2467543-713c-4da0-86a2-00674b401cf1</child>
    <treeOrder>1</treeOrder>
  </com.dotmarketing.beans.MultiTree>
  <com.dotmarketing.beans.MultiTree>
    <parent1>951e63e3-8e3f-4ce4-92ef-ff9d7f66480e</parent1>
    <parent2>56bd55ea-b04b-480d-9e37-5d6f9217dcc3</parent2>
    <child>26a9c4e0-c52d-4d8e-8b30-3aa5400cb256</child>
    <treeOrder>0</treeOrder>
  </com.dotmarketing.beans.MultiTree>
  <com.dotmarketing.beans.MultiTree>
    <parent1>97914806-c0cd-488d-9214-364e1d5721fa</parent1>
    <parent2>c7776bbb-d38a-43a1-af3b-6cfa36ba9747</parent2>
    <child>c83f8296-225a-4b14-adfd-d43497a9777b</child>
    <treeOrder>0</treeOrder>
  </com.dotmarketing.beans.MultiTree>
  <com.dotmarketing.beans.MultiTree>
    <parent1>9c5f42da-31b1-4935-9df6-153f5de1bdf2</parent1>
    <parent2>56bd55ea-b04b-480d-9e37-5d6f9217dcc3</parent2>
    <child>8e5e07be-3ee5-4dd1-94b2-39bbd344d167</child>
    <treeOrder>25</treeOrder>
  </com.dotmarketing.beans.MultiTree>
  <com.dotmarketing.beans.MultiTree>
    <parent1>9c5f42da-31b1-4935-9df6-153f5de1bdf2</parent1>
    <parent2>5eb11b21-6b13-4fb8-a823-1de20bba56c0</parent2>
    <child>e2467543-713c-4da0-86a2-00674b401cf1</child>
    <treeOrder>25</treeOrder>
  </com.dotmarketing.beans.MultiTree>
  <com.dotmarketing.beans.MultiTree>
    <parent1>9e4e90b2-7f66-42e1-8146-c6328f5a5fb1</parent1>
    <parent2>c7776bbb-d38a-43a1-af3b-6cfa36ba9747</parent2>
    <child>114f6d4d-f4ec-4a6a-a521-27c646b71bcd</child>
    <treeOrder>0</treeOrder>
  </com.dotmarketing.beans.MultiTree>
  <com.dotmarketing.beans.MultiTree>
    <parent1>a088b172-e621-4870-8389-a1c5f284e7d9</parent1>
    <parent2>56bd55ea-b04b-480d-9e37-5d6f9217dcc3</parent2>
    <child>4fdcb493-bbb5-43e7-8854-eaeb89bf997d</child>
    <treeOrder>0</treeOrder>
  </com.dotmarketing.beans.MultiTree>
  <com.dotmarketing.beans.MultiTree>
    <parent1>a0c4d65f-c55c-4360-93a4-b3a8c06190e1</parent1>
    <parent2>56bd55ea-b04b-480d-9e37-5d6f9217dcc3</parent2>
    <child>1b86398e-985b-432f-b02d-7e120159fcf2</child>
    <treeOrder>25</treeOrder>
  </com.dotmarketing.beans.MultiTree>
  <com.dotmarketing.beans.MultiTree>
    <parent1>a199aa48-db48-463b-a8b0-5a4ac30b90a3</parent1>
    <parent2>c7776bbb-d38a-43a1-af3b-6cfa36ba9747</parent2>
    <child>d5474d1e-f248-42b7-b47f-0c5e19349c83</child>
    <treeOrder>0</treeOrder>
  </com.dotmarketing.beans.MultiTree>
  <com.dotmarketing.beans.MultiTree>
    <parent1>a3230fc8-5fbb-43a2-9d58-bf352f0971cc</parent1>
    <parent2>56bd55ea-b04b-480d-9e37-5d6f9217dcc3</parent2>
    <child>a78a012a-a355-4f0b-87a8-63078af99137</child>
    <treeOrder>0</treeOrder>
  </com.dotmarketing.beans.MultiTree>
  <com.dotmarketing.beans.MultiTree>
    <parent1>a882178f-0433-4404-881e-c30634362517</parent1>
    <parent2>56bd55ea-b04b-480d-9e37-5d6f9217dcc3</parent2>
    <child>56eb7edf-22c2-4080-85b9-01ea1feb9174</child>
    <treeOrder>0</treeOrder>
  </com.dotmarketing.beans.MultiTree>
  <com.dotmarketing.beans.MultiTree>
    <parent1>a9aaca31-e460-45f3-a150-2c709796362d</parent1>
    <parent2>56bd55ea-b04b-480d-9e37-5d6f9217dcc3</parent2>
    <child>e239d5da-5196-4f7f-a406-ad952bdbd5b0</child>
    <treeOrder>25</treeOrder>
  </com.dotmarketing.beans.MultiTree>
  <com.dotmarketing.beans.MultiTree>
    <parent1>a9aaca31-e460-45f3-a150-2c709796362d</parent1>
    <parent2>5eb11b21-6b13-4fb8-a823-1de20bba56c0</parent2>
    <child>a61fd91a-5a56-47cb-bd33-78ff36984263</child>
    <treeOrder>25</treeOrder>
  </com.dotmarketing.beans.MultiTree>
  <com.dotmarketing.beans.MultiTree>
    <parent1>b0175d07-aca0-43be-9fc1-2e4ad637c00a</parent1>
    <parent2>c7776bbb-d38a-43a1-af3b-6cfa36ba9747</parent2>
    <child>8f7c2a53-be10-44b5-bbc7-5fb1dacaeddc</child>
    <treeOrder>0</treeOrder>
  </com.dotmarketing.beans.MultiTree>
  <com.dotmarketing.beans.MultiTree>
    <parent1>baf137d7-961a-494d-bd4d-786b0a60bac8</parent1>
    <parent2>c7776bbb-d38a-43a1-af3b-6cfa36ba9747</parent2>
    <child>8cf82466-3f6d-448c-bfa4-6d8206727499</child>
    <treeOrder>0</treeOrder>
  </com.dotmarketing.beans.MultiTree>
  <com.dotmarketing.beans.MultiTree>
    <parent1>c09cdd1c-3740-409d-bc6b-dfdcb52ca070</parent1>
    <parent2>55aca12f-0d1c-4733-aae3-28b96cf36895</parent2>
    <child>5d021a67-dafa-4244-be12-a3afdc956dd6</child>
    <treeOrder>0</treeOrder>
  </com.dotmarketing.beans.MultiTree>
  <com.dotmarketing.beans.MultiTree>
    <parent1>c09cdd1c-3740-409d-bc6b-dfdcb52ca070</parent1>
    <parent2>55aca12f-0d1c-4733-aae3-28b96cf36895</parent2>
    <child>97e2e928-8f6c-4253-a07e-2eb1d5d10e3f</child>
    <treeOrder>0</treeOrder>
  </com.dotmarketing.beans.MultiTree>
  <com.dotmarketing.beans.MultiTree>
    <parent1>c09cdd1c-3740-409d-bc6b-dfdcb52ca070</parent1>
    <parent2>55aca12f-0d1c-4733-aae3-28b96cf36895</parent2>
    <child>9e66d0d6-04f9-436f-8afa-873cfac9fdea</child>
    <treeOrder>0</treeOrder>
  </com.dotmarketing.beans.MultiTree>
  <com.dotmarketing.beans.MultiTree>
    <parent1>c09cdd1c-3740-409d-bc6b-dfdcb52ca070</parent1>
    <parent2>55aca12f-0d1c-4733-aae3-28b96cf36895</parent2>
    <child>ef2f92e9-c289-454f-a083-131a87fa29ec</child>
    <treeOrder>0</treeOrder>
  </com.dotmarketing.beans.MultiTree>
  <com.dotmarketing.beans.MultiTree>
    <parent1>c09cdd1c-3740-409d-bc6b-dfdcb52ca070</parent1>
    <parent2>c7776bbb-d38a-43a1-af3b-6cfa36ba9747</parent2>
    <child>c83f8296-225a-4b14-adfd-d43497a9777b</child>
    <treeOrder>1</treeOrder>
  </com.dotmarketing.beans.MultiTree>
  <com.dotmarketing.beans.MultiTree>
    <parent1>c0d0ba73-0c45-49d5-86df-2f1dd793a8bd</parent1>
    <parent2>c7776bbb-d38a-43a1-af3b-6cfa36ba9747</parent2>
    <child>114f6d4d-f4ec-4a6a-a521-27c646b71bcd</child>
    <treeOrder>0</treeOrder>
  </com.dotmarketing.beans.MultiTree>
  <com.dotmarketing.beans.MultiTree>
    <parent1>c12fe7e6-d338-49d5-973b-2d974d57015b</parent1>
    <parent2>56bd55ea-b04b-480d-9e37-5d6f9217dcc3</parent2>
    <child>767509b1-2392-4661-a16b-e0e31ce27719</child>
    <treeOrder>25</treeOrder>
  </com.dotmarketing.beans.MultiTree>
  <com.dotmarketing.beans.MultiTree>
    <parent1>c12fe7e6-d338-49d5-973b-2d974d57015b</parent1>
    <parent2>5eb11b21-6b13-4fb8-a823-1de20bba56c0</parent2>
    <child>2efc77b4-a54f-479b-8a81-a133b9e6da04</child>
    <treeOrder>1</treeOrder>
  </com.dotmarketing.beans.MultiTree>
  <com.dotmarketing.beans.MultiTree>
    <parent1>c308f4bb-77d0-4735-a84b-21d7af8d2604</parent1>
    <parent2>56bd55ea-b04b-480d-9e37-5d6f9217dcc3</parent2>
    <child>4f0c0984-373f-4b06-8b87-a48017203d25</child>
    <treeOrder>0</treeOrder>
  </com.dotmarketing.beans.MultiTree>
  <com.dotmarketing.beans.MultiTree>
    <parent1>c6da18ef-487a-4c9f-9827-5dd60796fcee</parent1>
    <parent2>56bd55ea-b04b-480d-9e37-5d6f9217dcc3</parent2>
    <child>205d3e52-47bc-4978-838f-3064e1bcef49</child>
    <treeOrder>0</treeOrder>
  </com.dotmarketing.beans.MultiTree>
  <com.dotmarketing.beans.MultiTree>
    <parent1>c6da18ef-487a-4c9f-9827-5dd60796fcee</parent1>
    <parent2>56bd55ea-b04b-480d-9e37-5d6f9217dcc3</parent2>
    <child>8d3f695c-f721-4205-915e-4bf08584fbc0</child>
    <treeOrder>1</treeOrder>
  </com.dotmarketing.beans.MultiTree>
  <com.dotmarketing.beans.MultiTree>
    <parent1>c9162a5c-6e6b-4e68-8bd7-4d46e8a929f4</parent1>
    <parent2>56bd55ea-b04b-480d-9e37-5d6f9217dcc3</parent2>
    <child>ee668dc9-0a5f-470e-bbbd-18afa55e1f16</child>
    <treeOrder>0</treeOrder>
  </com.dotmarketing.beans.MultiTree>
  <com.dotmarketing.beans.MultiTree>
    <parent1>c992f9e8-d432-46fd-8e8e-e377b8c5de60</parent1>
    <parent2>3f0255e8-b45d-46ea-8bb7-eb6597db4c1e</parent2>
    <child>5d021a67-dafa-4244-be12-a3afdc956dd6</child>
    <treeOrder>0</treeOrder>
  </com.dotmarketing.beans.MultiTree>
  <com.dotmarketing.beans.MultiTree>
    <parent1>c992f9e8-d432-46fd-8e8e-e377b8c5de60</parent1>
    <parent2>3f0255e8-b45d-46ea-8bb7-eb6597db4c1e</parent2>
    <child>97e2e928-8f6c-4253-a07e-2eb1d5d10e3f</child>
    <treeOrder>0</treeOrder>
  </com.dotmarketing.beans.MultiTree>
  <com.dotmarketing.beans.MultiTree>
    <parent1>c992f9e8-d432-46fd-8e8e-e377b8c5de60</parent1>
    <parent2>3f0255e8-b45d-46ea-8bb7-eb6597db4c1e</parent2>
    <child>9e66d0d6-04f9-436f-8afa-873cfac9fdea</child>
    <treeOrder>0</treeOrder>
  </com.dotmarketing.beans.MultiTree>
  <com.dotmarketing.beans.MultiTree>
    <parent1>c992f9e8-d432-46fd-8e8e-e377b8c5de60</parent1>
    <parent2>3f0255e8-b45d-46ea-8bb7-eb6597db4c1e</parent2>
    <child>ef2f92e9-c289-454f-a083-131a87fa29ec</child>
    <treeOrder>0</treeOrder>
  </com.dotmarketing.beans.MultiTree>
  <com.dotmarketing.beans.MultiTree>
    <parent1>c992f9e8-d432-46fd-8e8e-e377b8c5de60</parent1>
    <parent2>56bd55ea-b04b-480d-9e37-5d6f9217dcc3</parent2>
    <child>1e1b073f-5a12-425e-a00b-b986fcecdb5d</child>
    <treeOrder>0</treeOrder>
  </com.dotmarketing.beans.MultiTree>
  <com.dotmarketing.beans.MultiTree>
    <parent1>c992f9e8-d432-46fd-8e8e-e377b8c5de60</parent1>
    <parent2>5eb11b21-6b13-4fb8-a823-1de20bba56c0</parent2>
    <child>5a125bb6-4950-429a-9cfc-f1a9c8d90aa8</child>
    <treeOrder>0</treeOrder>
  </com.dotmarketing.beans.MultiTree>
  <com.dotmarketing.beans.MultiTree>
    <parent1>c992f9e8-d432-46fd-8e8e-e377b8c5de60</parent1>
    <parent2>6a12bbda-0ae2-4121-a98b-ad8069eaff3a</parent2>
    <child>0bb7a4ae-0af7-4274-9e13-a34bda5a0235</child>
    <treeOrder>0</treeOrder>
  </com.dotmarketing.beans.MultiTree>
  <com.dotmarketing.beans.MultiTree>
    <parent1>c992f9e8-d432-46fd-8e8e-e377b8c5de60</parent1>
    <parent2>6a12bbda-0ae2-4121-a98b-ad8069eaff3a</parent2>
    <child>c6648b39-899e-4912-b44b-407c3b216a50</child>
    <treeOrder>0</treeOrder>
  </com.dotmarketing.beans.MultiTree>
  <com.dotmarketing.beans.MultiTree>
    <parent1>c992f9e8-d432-46fd-8e8e-e377b8c5de60</parent1>
    <parent2>6a12bbda-0ae2-4121-a98b-ad8069eaff3a</parent2>
    <child>e5c58514-44fb-43e7-b9ed-45f9e2e2fe3c</child>
    <treeOrder>0</treeOrder>
  </com.dotmarketing.beans.MultiTree>
  <com.dotmarketing.beans.MultiTree>
    <parent1>c992f9e8-d432-46fd-8e8e-e377b8c5de60</parent1>
    <parent2>ab7d4317-68da-45ea-addc-9a57c69b8a24</parent2>
    <child>e6689690-786c-457f-a6b1-ee3d44b155e4</child>
    <treeOrder>0</treeOrder>
  </com.dotmarketing.beans.MultiTree>
  <com.dotmarketing.beans.MultiTree>
    <parent1>c992f9e8-d432-46fd-8e8e-e377b8c5de60</parent1>
    <parent2>f1ba7688-453c-4c0d-a214-e5ac802b8034</parent2>
    <child>44964380-06d8-4b50-a22b-58741614b238</child>
    <treeOrder>0</treeOrder>
  </com.dotmarketing.beans.MultiTree>
  <com.dotmarketing.beans.MultiTree>
    <parent1>ca55a959-18bb-4c7d-956d-4478315ae6b1</parent1>
    <parent2>c7776bbb-d38a-43a1-af3b-6cfa36ba9747</parent2>
    <child>60285c48-be4c-46f3-b894-f3965b8cc791</child>
    <treeOrder>0</treeOrder>
  </com.dotmarketing.beans.MultiTree>
  <com.dotmarketing.beans.MultiTree>
    <parent1>ca8723a1-ce2d-4ae7-88cc-ac010d5405f5</parent1>
    <parent2>56bd55ea-b04b-480d-9e37-5d6f9217dcc3</parent2>
    <child>a091f993-6705-4dc0-a1dd-8bb297efcfa1</child>
    <treeOrder>0</treeOrder>
  </com.dotmarketing.beans.MultiTree>
  <com.dotmarketing.beans.MultiTree>
    <parent1>ca8723a1-ce2d-4ae7-88cc-ac010d5405f5</parent1>
    <parent2>56bd55ea-b04b-480d-9e37-5d6f9217dcc3</parent2>
    <child>b7646ce9-42c6-49b4-89ec-a4a010dac246</child>
    <treeOrder>1</treeOrder>
  </com.dotmarketing.beans.MultiTree>
  <com.dotmarketing.beans.MultiTree>
    <parent1>cebbdee0-82f8-4fe0-a08d-9326542c1651</parent1>
    <parent2>56bd55ea-b04b-480d-9e37-5d6f9217dcc3</parent2>
    <child>3fcda398-1bfa-4cb9-9620-2d7147bcc4f2</child>
    <treeOrder>0</treeOrder>
  </com.dotmarketing.beans.MultiTree>
  <com.dotmarketing.beans.MultiTree>
    <parent1>d2f7edd9-5dcf-4125-9a2a-1a3464066994</parent1>
    <parent2>214d7269-242b-4cf5-a3d7-59052d81e540</parent2>
    <child>36689c21-2edc-4044-a9e6-a97113e17559</child>
    <treeOrder>0</treeOrder>
  </com.dotmarketing.beans.MultiTree>
  <com.dotmarketing.beans.MultiTree>
    <parent1>d2f7edd9-5dcf-4125-9a2a-1a3464066994</parent1>
    <parent2>56bd55ea-b04b-480d-9e37-5d6f9217dcc3</parent2>
    <child>68e960a0-9328-4a85-ab22-f93d708ade32</child>
    <treeOrder>25</treeOrder>
  </com.dotmarketing.beans.MultiTree>
  <com.dotmarketing.beans.MultiTree>
    <parent1>d732dd28-0716-4a09-bdc7-486e97437396</parent1>
    <parent2>c7776bbb-d38a-43a1-af3b-6cfa36ba9747</parent2>
    <child>b4ae5fd4-c4c7-4590-8299-00569a9f13be</child>
    <treeOrder>0</treeOrder>
  </com.dotmarketing.beans.MultiTree>
  <com.dotmarketing.beans.MultiTree>
    <parent1>dc9d1fcc-a499-44d8-a7f2-397f3da360b6</parent1>
    <parent2>56bd55ea-b04b-480d-9e37-5d6f9217dcc3</parent2>
    <child>90a157f3-4d88-4f50-b64c-e4f8eeb8d74a</child>
    <treeOrder>25</treeOrder>
  </com.dotmarketing.beans.MultiTree>
  <com.dotmarketing.beans.MultiTree>
    <parent1>dc9d1fcc-a499-44d8-a7f2-397f3da360b6</parent1>
    <parent2>5eb11b21-6b13-4fb8-a823-1de20bba56c0</parent2>
    <child>2efc77b4-a54f-479b-8a81-a133b9e6da04</child>
    <treeOrder>0</treeOrder>
  </com.dotmarketing.beans.MultiTree>
  <com.dotmarketing.beans.MultiTree>
    <parent1>de2bd63b-4f34-415a-b2fc-5e9fa7020b45</parent1>
    <parent2>c7776bbb-d38a-43a1-af3b-6cfa36ba9747</parent2>
    <child>60b0f589-d2e5-4365-bafd-67cf8afef786</child>
    <treeOrder>0</treeOrder>
  </com.dotmarketing.beans.MultiTree>
  <com.dotmarketing.beans.MultiTree>
    <parent1>e33153ff-d668-4afe-b055-afc176a51787</parent1>
    <parent2>56bd55ea-b04b-480d-9e37-5d6f9217dcc3</parent2>
    <child>e7672fa6-7345-4324-a70e-a3e7a8a60a59</child>
    <treeOrder>0</treeOrder>
  </com.dotmarketing.beans.MultiTree>
  <com.dotmarketing.beans.MultiTree>
    <parent1>e476a7f6-d252-4a47-be8a-6de4c5d4cc4b</parent1>
    <parent2>56bd55ea-b04b-480d-9e37-5d6f9217dcc3</parent2>
    <child>55a1b45a-a971-4a8a-9627-6e595a418c7c</child>
    <treeOrder>25</treeOrder>
  </com.dotmarketing.beans.MultiTree>
  <com.dotmarketing.beans.MultiTree>
    <parent1>ebc05a98-d211-494f-afb0-582ce6386e24</parent1>
    <parent2>56bd55ea-b04b-480d-9e37-5d6f9217dcc3</parent2>
    <child>0f6384c2-0d7e-4451-9345-8b7f3bec293c</child>
    <treeOrder>0</treeOrder>
  </com.dotmarketing.beans.MultiTree>
  <com.dotmarketing.beans.MultiTree>
    <parent1>ed2bfdcc-436a-40fe-be5b-c847c942f34a</parent1>
    <parent2>c7776bbb-d38a-43a1-af3b-6cfa36ba9747</parent2>
    <child>205d3e52-47bc-4978-838f-3064e1bcef49</child>
    <treeOrder>0</treeOrder>
  </com.dotmarketing.beans.MultiTree>
  <com.dotmarketing.beans.MultiTree>
    <parent1>ee2a42c9-0845-4b87-b516-2519a87c69a6</parent1>
    <parent2>c7776bbb-d38a-43a1-af3b-6cfa36ba9747</parent2>
    <child>dc4c4c97-2ed4-4491-a8fc-3c3dca7684c9</child>
    <treeOrder>0</treeOrder>
  </com.dotmarketing.beans.MultiTree>
  <com.dotmarketing.beans.MultiTree>
    <parent1>ef223c47-b99c-4e50-9dbd-39cc7b68e527</parent1>
    <parent2>56bd55ea-b04b-480d-9e37-5d6f9217dcc3</parent2>
    <child>b4ae5fd4-c4c7-4590-8299-00569a9f13be</child>
    <treeOrder>0</treeOrder>
  </com.dotmarketing.beans.MultiTree>
  <com.dotmarketing.beans.MultiTree>
    <parent1>ef223c47-b99c-4e50-9dbd-39cc7b68e527</parent1>
    <parent2>5eb11b21-6b13-4fb8-a823-1de20bba56c0</parent2>
    <child>1a4c12fd-8003-479d-b0de-998350cbdea5</child>
    <treeOrder>25</treeOrder>
  </com.dotmarketing.beans.MultiTree>
  <com.dotmarketing.beans.MultiTree>
    <parent1>f5b7372a-208f-458b-9ef9-0f780944ccae</parent1>
    <parent2>56bd55ea-b04b-480d-9e37-5d6f9217dcc3</parent2>
    <child>1e1b073f-5a12-425e-a00b-b986fcecdb5d</child>
    <treeOrder>0</treeOrder>
  </com.dotmarketing.beans.MultiTree>
  <com.dotmarketing.beans.MultiTree>
    <parent1>f5b7372a-208f-458b-9ef9-0f780944ccae</parent1>
    <parent2>5eb11b21-6b13-4fb8-a823-1de20bba56c0</parent2>
    <child>44964380-06d8-4b50-a22b-58741614b238</child>
    <treeOrder>0</treeOrder>
  </com.dotmarketing.beans.MultiTree>
  <com.dotmarketing.beans.MultiTree>
    <parent1>f5b7372a-208f-458b-9ef9-0f780944ccae</parent1>
    <parent2>f1ba7688-453c-4c0d-a214-e5ac802b8034</parent2>
    <child>1040556d-ce25-4ec5-bae6-39c571813808</child>
    <treeOrder>0</treeOrder>
  </com.dotmarketing.beans.MultiTree>
  <com.dotmarketing.beans.MultiTree>
    <parent1>f9fc55e7-557a-4047-a8be-15e5ca69fa62</parent1>
    <parent2>56bd55ea-b04b-480d-9e37-5d6f9217dcc3</parent2>
    <child>1c52ff98-cae1-4745-ab8f-a37aa6f7b694</child>
    <treeOrder>25</treeOrder>
  </com.dotmarketing.beans.MultiTree>
  <com.dotmarketing.beans.MultiTree>
    <parent1>fc4fb736-08fa-4277-a82b-44d7bae4d6a1</parent1>
    <parent2>56bd55ea-b04b-480d-9e37-5d6f9217dcc3</parent2>
    <child>1e1b073f-5a12-425e-a00b-b986fcecdb5d</child>
    <treeOrder>0</treeOrder>
  </com.dotmarketing.beans.MultiTree>
  <com.dotmarketing.beans.MultiTree>
    <parent1>fc4fb736-08fa-4277-a82b-44d7bae4d6a1</parent1>
    <parent2>5eb11b21-6b13-4fb8-a823-1de20bba56c0</parent2>
    <child>44964380-06d8-4b50-a22b-58741614b238</child>
    <treeOrder>0</treeOrder>
  </com.dotmarketing.beans.MultiTree>
  <com.dotmarketing.beans.MultiTree>
    <parent1>fc4fb736-08fa-4277-a82b-44d7bae4d6a1</parent1>
    <parent2>6a12bbda-0ae2-4121-a98b-ad8069eaff3a</parent2>
    <child>00a62276-1857-4910-9a21-8859e0eaed7d</child>
    <treeOrder>7</treeOrder>
  </com.dotmarketing.beans.MultiTree>
  <com.dotmarketing.beans.MultiTree>
    <parent1>fc4fb736-08fa-4277-a82b-44d7bae4d6a1</parent1>
    <parent2>6a12bbda-0ae2-4121-a98b-ad8069eaff3a</parent2>
    <child>47d94da0-cb91-448c-bfc4-ae8bdb40a45f</child>
    <treeOrder>0</treeOrder>
  </com.dotmarketing.beans.MultiTree>
  <com.dotmarketing.beans.MultiTree>
    <parent1>fc4fb736-08fa-4277-a82b-44d7bae4d6a1</parent1>
    <parent2>a6e9652b-8183-4c09-b775-26196b09a300</parent2>
    <child>44964380-06d8-4b50-a22b-58741614b238</child>
    <treeOrder>0</treeOrder>
  </com.dotmarketing.beans.MultiTree>
  <com.dotmarketing.beans.MultiTree>
    <parent1>fc4fb736-08fa-4277-a82b-44d7bae4d6a1</parent1>
    <parent2>ab7d4317-68da-45ea-addc-9a57c69b8a24</parent2>
    <child>e10e2efb-20d7-498f-b019-a48ca614d3cb</child>
    <treeOrder>0</treeOrder>
  </com.dotmarketing.beans.MultiTree>
  <com.dotmarketing.beans.MultiTree>
    <parent1>fc4fb736-08fa-4277-a82b-44d7bae4d6a1</parent1>
    <parent2>f1ba7688-453c-4c0d-a214-e5ac802b8034</parent2>
    <child>5a125bb6-4950-429a-9cfc-f1a9c8d90aa8</child>
    <treeOrder>0</treeOrder>
  </com.dotmarketing.beans.MultiTree>
  <com.dotmarketing.beans.MultiTree>
    <parent1>fd4c5695-2f23-42de-8dd5-25d8e856b6ce</parent1>
    <parent2>56bd55ea-b04b-480d-9e37-5d6f9217dcc3</parent2>
    <child>26896749-ae48-4b59-9c74-6b50a96ee342</child>
    <treeOrder>0</treeOrder>
  </com.dotmarketing.beans.MultiTree>
  <com.dotmarketing.beans.MultiTree>
    <parent1>fd4c5695-2f23-42de-8dd5-25d8e856b6ce</parent1>
    <parent2>56bd55ea-b04b-480d-9e37-5d6f9217dcc3</parent2>
    <child>c8ee67c8-a091-4f20-9b47-f975b8a79c10</child>
    <treeOrder>1</treeOrder>
  </com.dotmarketing.beans.MultiTree>
  <com.dotmarketing.beans.MultiTree>
    <parent1>fdeb07ff-6fc3-4237-91d9-728109bc621d</parent1>
    <parent2>56bd55ea-b04b-480d-9e37-5d6f9217dcc3</parent2>
    <child>4773f195-accb-4dd4-9661-e9fb54143d44</child>
    <treeOrder>25</treeOrder>
  </com.dotmarketing.beans.MultiTree>
  <com.dotmarketing.beans.MultiTree>
    <parent1>fdeb07ff-6fc3-4237-91d9-728109bc621d</parent1>
    <parent2>5eb11b21-6b13-4fb8-a823-1de20bba56c0</parent2>
    <child>8288266e-28c8-4e26-a7d8-6fdfd55162d3</child>
    <treeOrder>0</treeOrder>
  </com.dotmarketing.beans.MultiTree>
  <com.dotmarketing.beans.MultiTree>
    <parent1>fdeb07ff-6fc3-4237-91d9-728109bc621d</parent1>
    <parent2>5eb11b21-6b13-4fb8-a823-1de20bba56c0</parent2>
    <child>8db50c3f-ab71-4b5a-bf8e-07fb5288816c</child>
    <treeOrder>1</treeOrder>
  </com.dotmarketing.beans.MultiTree>
  <com.dotmarketing.beans.MultiTree>
    <parent1>fe50e1fc-689b-4ba4-b109-9351a8fd2c54</parent1>
    <parent2>56bd55ea-b04b-480d-9e37-5d6f9217dcc3</parent2>
    <child>a333f853-2550-4f36-b67a-04e91bb1cb7a</child>
    <treeOrder>25</treeOrder>
  </com.dotmarketing.beans.MultiTree>
</list>