<list>
  <com.dotmarketing.portlets.folders.model.Folder>
    <iDate class="sql-timestamp">2013-02-12 21:36:14.303</iDate>
    <type>folder</type>
    <owner>dotcms.org.1</owner>
    <inode>e4731ab4-5964-4703-b6c7-94c49665bd8d</inode>
    <identifier>a7e8e5a9-7375-4daf-a00f-ea913d1157a5</identifier>
    <name>js</name>
    <sortOrder>0</sortOrder>
    <showOnMenu>false</showOnMenu>
    <hostId>48190c8c-42c4-46af-8d1a-0cd5db894797</hostId>
    <title>js</title>
    <filesMasks></filesMasks>
    <defaultFileType>33888b6f-7a8e-4069-b1b6-5c1aa9d0a48d</defaultFileType>
    <modDate class="sql-timestamp">2014-03-21 14:11:18.793413</modDate>
  </com.dotmarketing.portlets.folders.model.Folder>
  <com.dotmarketing.portlets.folders.model.Folder>
    <iDate class="sql-timestamp">2012-12-05 20:09:43.435</iDate>
    <type>folder</type>
    <owner>dotcms.org.1</owner>
    <inode>b9b861ef-cdd5-4250-927a-b028c7c5a708</inode>
    <identifier>3381117c-f3df-4741-ac18-b5466e17cc29</identifier>
    <name>photos</name>
    <sortOrder>0</sortOrder>
    <showOnMenu>false</showOnMenu>
    <hostId>48190c8c-42c4-46af-8d1a-0cd5db894797</hostId>
    <title>photos</title>
    <filesMasks></filesMasks>
    <defaultFileType>33888b6f-7a8e-4069-b1b6-5c1aa9d0a48d</defaultFileType>
    <modDate class="sql-timestamp">2014-03-21 14:11:18.793413</modDate>
  </com.dotmarketing.portlets.folders.model.Folder>
  <com.dotmarketing.portlets.folders.model.Folder>
    <iDate class="sql-timestamp">2012-12-04 17:43:51.501</iDate>
    <type>folder</type>
    <owner>dotcms.org.1</owner>
    <inode>1f27c1b5-8602-4bff-b674-710e7e0b5f94</inode>
    <identifier>9db2913c-fbfb-40ef-968c-ae54027e526a</identifier>
    <name>js</name>
    <sortOrder>0</sortOrder>
    <showOnMenu>false</showOnMenu>
    <hostId>48190c8c-42c4-46af-8d1a-0cd5db894797</hostId>
    <title>js</title>
    <filesMasks></filesMasks>
    <defaultFileType>33888b6f-7a8e-4069-b1b6-5c1aa9d0a48d</defaultFileType>
    <modDate class="sql-timestamp">2014-03-21 14:11:18.793413</modDate>
  </com.dotmarketing.portlets.folders.model.Folder>
  <com.dotmarketing.portlets.folders.model.Folder>
    <iDate class="sql-timestamp">2012-11-15 18:38:34.019</iDate>
    <type>folder</type>
    <owner>dotcms.org.1</owner>
    <inode>8abef141-96d0-4092-ab8e-5dc3c3776c54</inode>
    <identifier>9dbaa2c3-92e6-466b-b82b-27fa62c0c1f5</identifier>
    <name>events</name>
    <sortOrder>2</sortOrder>
    <showOnMenu>true</showOnMenu>
    <hostId>48190c8c-42c4-46af-8d1a-0cd5db894797</hostId>
    <title>Events</title>
    <filesMasks></filesMasks>
    <defaultFileType>33888b6f-7a8e-4069-b1b6-5c1aa9d0a48d</defaultFileType>
    <modDate class="sql-timestamp">2014-03-21 14:11:18.793413</modDate>
  </com.dotmarketing.portlets.folders.model.Folder>
  <com.dotmarketing.portlets.folders.model.Folder>
    <iDate class="sql-timestamp">2012-11-15 18:32:54.053</iDate>
    <type>folder</type>
    <owner>dotcms.org.1</owner>
    <inode>c0884a17-7699-4693-9049-ce626a8249c3</inode>
    <identifier>82f833f9-e825-4cfd-ab6a-786637c772c4</identifier>
    <name>news</name>
    <sortOrder>1</sortOrder>
    <showOnMenu>true</showOnMenu>
    <hostId>48190c8c-42c4-46af-8d1a-0cd5db894797</hostId>
    <title>News</title>
    <filesMasks></filesMasks>
    <defaultFileType>33888b6f-7a8e-4069-b1b6-5c1aa9d0a48d</defaultFileType>
    <modDate class="sql-timestamp">2014-03-21 14:11:18.793413</modDate>
  </com.dotmarketing.portlets.folders.model.Folder>
  <com.dotmarketing.portlets.folders.model.Folder>
    <iDate class="sql-timestamp">2012-11-14 20:35:49.059</iDate>
    <type>folder</type>
    <inode>d19a2815-1037-4a17-bce5-7a36eeaa8d54</inode>
    <identifier>9ac5703f-d954-48ca-8f7e-c0fe261f91bb</identifier>
    <name>locations</name>
    <sortOrder>3</sortOrder>
    <showOnMenu>true</showOnMenu>
    <hostId>48190c8c-42c4-46af-8d1a-0cd5db894797</hostId>
    <title>Locations</title>
    <filesMasks></filesMasks>
    <defaultFileType>33888b6f-7a8e-4069-b1b6-5c1aa9d0a48d</defaultFileType>
    <modDate class="sql-timestamp">2014-03-21 14:11:18.793413</modDate>
  </com.dotmarketing.portlets.folders.model.Folder>
  <com.dotmarketing.portlets.folders.model.Folder>
    <iDate class="sql-timestamp">2012-11-08 22:25:32.676</iDate>
    <type>folder</type>
    <owner>dotcms.org.1</owner>
    <inode>e79e85b8-5d38-4b81-a8d3-095e585ddc3a</inode>
    <identifier>fd47f91c-7110-4ed3-b005-f1ca35fe1a71</identifier>
    <name>icons</name>
    <sortOrder>0</sortOrder>
    <showOnMenu>false</showOnMenu>
    <hostId>48190c8c-42c4-46af-8d1a-0cd5db894797</hostId>
    <title>Icons</title>
    <filesMasks></filesMasks>
    <defaultFileType>33888b6f-7a8e-4069-b1b6-5c1aa9d0a48d</defaultFileType>
    <modDate class="sql-timestamp">2014-03-21 14:11:18.793413</modDate>
  </com.dotmarketing.portlets.folders.model.Folder>
  <com.dotmarketing.portlets.folders.model.Folder>
    <iDate class="sql-timestamp">2012-11-08 22:25:10.289</iDate>
    <type>folder</type>
    <owner>dotcms.org.1</owner>
    <inode>2ad0dd36-5b07-41ac-b9f5-c7c54085ac58</inode>
    <identifier>8ddef32b-89f3-47ab-80bb-a46ec89046db</identifier>
    <name>images</name>
    <sortOrder>0</sortOrder>
    <showOnMenu>false</showOnMenu>
    <hostId>48190c8c-42c4-46af-8d1a-0cd5db894797</hostId>
    <title>Images</title>
    <filesMasks></filesMasks>
    <defaultFileType>33888b6f-7a8e-4069-b1b6-5c1aa9d0a48d</defaultFileType>
    <modDate class="sql-timestamp">2014-03-21 14:11:18.793413</modDate>
  </com.dotmarketing.portlets.folders.model.Folder>
  <com.dotmarketing.portlets.folders.model.Folder>
    <iDate class="sql-timestamp">2012-11-07 22:39:34.849</iDate>
    <type>folder</type>
    <owner></owner>
    <inode>17a9028e-ff0a-4b81-ab3e-104d7921c030</inode>
    <identifier>cc9c6648-9e7c-4979-bf0f-1f9a821f7ec7</identifier>
    <name>light_square</name>
    <sortOrder>0</sortOrder>
    <showOnMenu>false</showOnMenu>
    <hostId>48190c8c-42c4-46af-8d1a-0cd5db894797</hostId>
    <title>light_square</title>
    <defaultFileType>33888b6f-7a8e-4069-b1b6-5c1aa9d0a48d</defaultFileType>
    <modDate class="sql-timestamp">2014-03-21 14:11:18.793413</modDate>
  </com.dotmarketing.portlets.folders.model.Folder>
  <com.dotmarketing.portlets.folders.model.Folder>
    <iDate class="sql-timestamp">2012-11-07 22:39:27.764</iDate>
    <type>folder</type>
    <owner></owner>
    <inode>7a24cfd5-936a-426e-aa16-187c73f088de</inode>
    <identifier>b8f8314b-a229-4152-b7db-844d023286f8</identifier>
    <name>light_rounded</name>
    <sortOrder>0</sortOrder>
    <showOnMenu>false</showOnMenu>
    <hostId>48190c8c-42c4-46af-8d1a-0cd5db894797</hostId>
    <title>light_rounded</title>
    <defaultFileType>33888b6f-7a8e-4069-b1b6-5c1aa9d0a48d</defaultFileType>
    <modDate class="sql-timestamp">2014-03-21 14:11:18.793413</modDate>
  </com.dotmarketing.portlets.folders.model.Folder>
  <com.dotmarketing.portlets.folders.model.Folder>
    <iDate class="sql-timestamp">2012-11-07 22:39:15.714</iDate>
    <type>folder</type>
    <owner></owner>
    <inode>020b0911-0edf-44ef-9c10-d534f2002964</inode>
    <identifier>5998ca60-a44e-452e-83de-1e151e8d84ab</identifier>
    <name>iphone</name>
    <sortOrder>0</sortOrder>
    <showOnMenu>false</showOnMenu>
    <hostId>48190c8c-42c4-46af-8d1a-0cd5db894797</hostId>
    <title>iphone</title>
    <defaultFileType>33888b6f-7a8e-4069-b1b6-5c1aa9d0a48d</defaultFileType>
    <modDate class="sql-timestamp">2014-03-21 14:11:18.793413</modDate>
  </com.dotmarketing.portlets.folders.model.Folder>
  <com.dotmarketing.portlets.folders.model.Folder>
    <iDate class="sql-timestamp">2012-11-07 22:39:03.643</iDate>
    <type>folder</type>
    <owner></owner>
    <inode>a96f3d1b-59da-449f-bd48-b7451c963277</inode>
    <identifier>f6c33034-44a9-4fc5-9a22-b85e7c72da01</identifier>
    <name>facebook</name>
    <sortOrder>0</sortOrder>
    <showOnMenu>false</showOnMenu>
    <hostId>48190c8c-42c4-46af-8d1a-0cd5db894797</hostId>
    <title>facebook</title>
    <defaultFileType>33888b6f-7a8e-4069-b1b6-5c1aa9d0a48d</defaultFileType>
    <modDate class="sql-timestamp">2014-03-21 14:11:18.793413</modDate>
  </com.dotmarketing.portlets.folders.model.Folder>
  <com.dotmarketing.portlets.folders.model.Folder>
    <iDate class="sql-timestamp">2012-11-07 22:38:53.75</iDate>
    <type>folder</type>
    <owner></owner>
    <inode>142feb9b-2a80-4f96-91c2-5ebb36d695f5</inode>
    <identifier>3fb4cdc0-eac6-4fb5-87a5-f08ede4c2c04</identifier>
    <name>default</name>
    <sortOrder>0</sortOrder>
    <showOnMenu>false</showOnMenu>
    <hostId>48190c8c-42c4-46af-8d1a-0cd5db894797</hostId>
    <title>default</title>
    <defaultFileType>33888b6f-7a8e-4069-b1b6-5c1aa9d0a48d</defaultFileType>
    <modDate class="sql-timestamp">2014-03-21 14:11:18.793413</modDate>
  </com.dotmarketing.portlets.folders.model.Folder>
  <com.dotmarketing.portlets.folders.model.Folder>
    <iDate class="sql-timestamp">2012-11-07 22:38:45.277</iDate>
    <type>folder</type>
    <owner></owner>
    <inode>1b2f7da3-1242-40a7-ac50-d71306fca031</inode>
    <identifier>846a728e-1a79-480b-b09f-c60e30f0da71</identifier>
    <name>dark_square</name>
    <sortOrder>0</sortOrder>
    <showOnMenu>false</showOnMenu>
    <hostId>48190c8c-42c4-46af-8d1a-0cd5db894797</hostId>
    <title>dark_square</title>
    <defaultFileType>33888b6f-7a8e-4069-b1b6-5c1aa9d0a48d</defaultFileType>
    <modDate class="sql-timestamp">2014-03-21 14:11:18.793413</modDate>
  </com.dotmarketing.portlets.folders.model.Folder>
  <com.dotmarketing.portlets.folders.model.Folder>
    <iDate class="sql-timestamp">2012-11-07 22:38:36.662</iDate>
    <type>folder</type>
    <owner></owner>
    <inode>b9b2cb4a-c631-42a7-9768-b8e8944920a4</inode>
    <identifier>b10d594d-18c9-4f20-abcf-40e92ec20005</identifier>
    <name>dark_rounded</name>
    <sortOrder>0</sortOrder>
    <showOnMenu>false</showOnMenu>
    <hostId>48190c8c-42c4-46af-8d1a-0cd5db894797</hostId>
    <title>dark_rounded</title>
    <defaultFileType>33888b6f-7a8e-4069-b1b6-5c1aa9d0a48d</defaultFileType>
    <modDate class="sql-timestamp">2014-03-21 14:11:18.793413</modDate>
  </com.dotmarketing.portlets.folders.model.Folder>
  <com.dotmarketing.portlets.folders.model.Folder>
    <iDate class="sql-timestamp">2012-11-07 22:38:36.108</iDate>
    <type>folder</type>
    <owner></owner>
    <inode>ca42c5bf-e60f-4ce3-979f-67ddc86f7885</inode>
    <identifier>e37abb34-2233-47d8-80f4-a501ce489b0f</identifier>
    <name>prettyPhoto</name>
    <sortOrder>0</sortOrder>
    <showOnMenu>false</showOnMenu>
    <hostId>48190c8c-42c4-46af-8d1a-0cd5db894797</hostId>
    <title>prettyPhoto</title>
    <defaultFileType>33888b6f-7a8e-4069-b1b6-5c1aa9d0a48d</defaultFileType>
    <modDate class="sql-timestamp">2014-03-21 14:11:18.793413</modDate>
  </com.dotmarketing.portlets.folders.model.Folder>
  <com.dotmarketing.portlets.folders.model.Folder>
    <iDate class="sql-timestamp">2012-11-07 22:35:40.148</iDate>
    <type>folder</type>
    <owner></owner>
    <inode>9c707274-ef79-4ee9-9bef-a2777661afd9</inode>
    <identifier>c0b14c3f-849d-46a1-aa38-ae6841aca443</identifier>
    <name>images</name>
    <sortOrder>0</sortOrder>
    <showOnMenu>false</showOnMenu>
    <hostId>48190c8c-42c4-46af-8d1a-0cd5db894797</hostId>
    <title>images</title>
    <defaultFileType>33888b6f-7a8e-4069-b1b6-5c1aa9d0a48d</defaultFileType>
    <modDate class="sql-timestamp">2014-03-21 14:11:18.793413</modDate>
  </com.dotmarketing.portlets.folders.model.Folder>
  <com.dotmarketing.portlets.folders.model.Folder>
    <iDate class="sql-timestamp">2012-11-06 17:56:34.742</iDate>
    <type>folder</type>
    <owner></owner>
    <inode>5baca8b3-83a3-4300-a09b-5dd68ba592ba</inode>
    <identifier>5df4e0e1-c157-45dc-8d8a-e9a88a760590</identifier>
    <name>template</name>
    <sortOrder>0</sortOrder>
    <showOnMenu>false</showOnMenu>
    <hostId>48190c8c-42c4-46af-8d1a-0cd5db894797</hostId>
    <title>untitled folder</title>
    <defaultFileType>33888b6f-7a8e-4069-b1b6-5c1aa9d0a48d</defaultFileType>
    <modDate class="sql-timestamp">2014-03-21 14:11:18.793413</modDate>
  </com.dotmarketing.portlets.folders.model.Folder>
  <com.dotmarketing.portlets.folders.model.Folder>
    <iDate class="sql-timestamp">2012-11-06 17:56:33.817</iDate>
    <type>folder</type>
    <owner></owner>
    <inode>7d12dad9-de78-436a-b0e7-6e09971647f2</inode>
    <identifier>70d986bf-874c-437b-8b29-d66de034e4fb</identifier>
    <name>light_square</name>
    <sortOrder>0</sortOrder>
    <showOnMenu>false</showOnMenu>
    <hostId>48190c8c-42c4-46af-8d1a-0cd5db894797</hostId>
    <title>light_square</title>
    <defaultFileType>33888b6f-7a8e-4069-b1b6-5c1aa9d0a48d</defaultFileType>
    <modDate class="sql-timestamp">2014-03-21 14:11:18.793413</modDate>
  </com.dotmarketing.portlets.folders.model.Folder>
  <com.dotmarketing.portlets.folders.model.Folder>
    <iDate class="sql-timestamp">2012-11-06 17:56:32.727</iDate>
    <type>folder</type>
    <owner></owner>
    <inode>d60228d1-83f0-4bdd-8074-cfbdd939010a</inode>
    <identifier>634a86aa-53b7-4e2e-a19c-b1b71d99c3bb</identifier>
    <name>light_rounded</name>
    <sortOrder>0</sortOrder>
    <showOnMenu>false</showOnMenu>
    <hostId>48190c8c-42c4-46af-8d1a-0cd5db894797</hostId>
    <title>light_rounded</title>
    <defaultFileType>33888b6f-7a8e-4069-b1b6-5c1aa9d0a48d</defaultFileType>
    <modDate class="sql-timestamp">2014-03-21 14:11:18.793413</modDate>
  </com.dotmarketing.portlets.folders.model.Folder>
  <com.dotmarketing.portlets.folders.model.Folder>
    <iDate class="sql-timestamp">2012-11-06 17:56:30.908</iDate>
    <type>folder</type>
    <owner></owner>
    <inode>98696a64-ce18-484c-8941-86f2d4a29784</inode>
    <identifier>d02fcbdd-7f02-4375-8f67-2e8a7147a567</identifier>
    <name>iphone</name>
    <sortOrder>0</sortOrder>
    <showOnMenu>false</showOnMenu>
    <hostId>48190c8c-42c4-46af-8d1a-0cd5db894797</hostId>
    <title>iphone</title>
    <defaultFileType>33888b6f-7a8e-4069-b1b6-5c1aa9d0a48d</defaultFileType>
    <modDate class="sql-timestamp">2014-03-21 14:11:18.793413</modDate>
  </com.dotmarketing.portlets.folders.model.Folder>
  <com.dotmarketing.portlets.folders.model.Folder>
    <iDate class="sql-timestamp">2012-11-06 17:56:29.262</iDate>
    <type>folder</type>
    <owner></owner>
    <inode>ff7a934f-3111-4296-8d95-b6eca383c5c2</inode>
    <identifier>580f279b-1875-484a-9365-5c1e87672b80</identifier>
    <name>facebook</name>
    <sortOrder>0</sortOrder>
    <showOnMenu>false</showOnMenu>
    <hostId>48190c8c-42c4-46af-8d1a-0cd5db894797</hostId>
    <title>facebook</title>
    <defaultFileType>33888b6f-7a8e-4069-b1b6-5c1aa9d0a48d</defaultFileType>
    <modDate class="sql-timestamp">2014-03-21 14:11:18.793413</modDate>
  </com.dotmarketing.portlets.folders.model.Folder>
  <com.dotmarketing.portlets.folders.model.Folder>
    <iDate class="sql-timestamp">2012-11-06 17:56:27.839</iDate>
    <type>folder</type>
    <owner></owner>
    <inode>406a1f0c-a674-4977-9ae6-c79392cd93e5</inode>
    <identifier>9be32690-ad0f-40c3-87c6-aaa25311dde4</identifier>
    <name>default</name>
    <sortOrder>0</sortOrder>
    <showOnMenu>false</showOnMenu>
    <hostId>48190c8c-42c4-46af-8d1a-0cd5db894797</hostId>
    <title>default</title>
    <defaultFileType>33888b6f-7a8e-4069-b1b6-5c1aa9d0a48d</defaultFileType>
    <modDate class="sql-timestamp">2014-03-21 14:11:18.793413</modDate>
  </com.dotmarketing.portlets.folders.model.Folder>
  <com.dotmarketing.portlets.folders.model.Folder>
    <iDate class="sql-timestamp">2012-11-06 17:56:26.125</iDate>
    <type>folder</type>
    <owner></owner>
    <inode>6b75e948-3c59-497c-b82a-5bffa3b62f05</inode>
    <identifier>4e30b79e-0bd0-4aea-88d5-5a97cb3ee6dc</identifier>
    <name>dark_square</name>
    <sortOrder>0</sortOrder>
    <showOnMenu>false</showOnMenu>
    <hostId>48190c8c-42c4-46af-8d1a-0cd5db894797</hostId>
    <title>dark_square</title>
    <defaultFileType>33888b6f-7a8e-4069-b1b6-5c1aa9d0a48d</defaultFileType>
    <modDate class="sql-timestamp">2014-03-21 14:11:18.793413</modDate>
  </com.dotmarketing.portlets.folders.model.Folder>
  <com.dotmarketing.portlets.folders.model.Folder>
    <iDate class="sql-timestamp">2012-11-06 17:56:24.896</iDate>
    <type>folder</type>
    <owner></owner>
    <inode>f168a810-4721-405c-96f6-ea0fd3cb5435</inode>
    <identifier>0601302d-6385-4a18-817e-0cc8fcef99f5</identifier>
    <name>dark_rounded</name>
    <sortOrder>0</sortOrder>
    <showOnMenu>false</showOnMenu>
    <hostId>48190c8c-42c4-46af-8d1a-0cd5db894797</hostId>
    <title>dark_rounded</title>
    <defaultFileType>33888b6f-7a8e-4069-b1b6-5c1aa9d0a48d</defaultFileType>
    <modDate class="sql-timestamp">2014-03-21 14:11:18.793413</modDate>
  </com.dotmarketing.portlets.folders.model.Folder>
  <com.dotmarketing.portlets.folders.model.Folder>
    <iDate class="sql-timestamp">2012-11-06 17:56:24.375</iDate>
    <type>folder</type>
    <owner></owner>
    <inode>5ea9f430-216a-4be7-891e-beffb89062fe</inode>
    <identifier>7c88015d-243c-4ac9-b584-cab621b0c41c</identifier>
    <name>prettyPhoto</name>
    <sortOrder>0</sortOrder>
    <showOnMenu>false</showOnMenu>
    <hostId>48190c8c-42c4-46af-8d1a-0cd5db894797</hostId>
    <title>prettyPhoto</title>
    <defaultFileType>33888b6f-7a8e-4069-b1b6-5c1aa9d0a48d</defaultFileType>
    <modDate class="sql-timestamp">2014-03-21 14:11:18.793413</modDate>
  </com.dotmarketing.portlets.folders.model.Folder>
  <com.dotmarketing.portlets.folders.model.Folder>
    <iDate class="sql-timestamp">2012-11-06 17:56:16.622</iDate>
    <type>folder</type>
    <owner></owner>
    <inode>125acfae-77c5-49dc-8310-b7badab874db</inode>
    <identifier>5e6d3b51-7dac-48c0-aa0d-71e7186f1755</identifier>
    <name>icons</name>
    <sortOrder>0</sortOrder>
    <showOnMenu>false</showOnMenu>
    <hostId>48190c8c-42c4-46af-8d1a-0cd5db894797</hostId>
    <title>icons</title>
    <defaultFileType>33888b6f-7a8e-4069-b1b6-5c1aa9d0a48d</defaultFileType>
    <modDate class="sql-timestamp">2014-03-21 14:11:18.793413</modDate>
  </com.dotmarketing.portlets.folders.model.Folder>
  <com.dotmarketing.portlets.folders.model.Folder>
    <iDate class="sql-timestamp">2012-11-06 17:56:16.54</iDate>
    <type>folder</type>
    <owner></owner>
    <inode>0e415391-7c8c-4802-a552-450afbef7e8c</inode>
    <identifier>8c482d88-9657-4dd8-a296-fa42de79e236</identifier>
    <name>images</name>
    <sortOrder>0</sortOrder>
    <showOnMenu>false</showOnMenu>
    <hostId>48190c8c-42c4-46af-8d1a-0cd5db894797</hostId>
    <title>images</title>
    <defaultFileType>33888b6f-7a8e-4069-b1b6-5c1aa9d0a48d</defaultFileType>
    <modDate class="sql-timestamp">2014-03-21 14:11:18.793413</modDate>
  </com.dotmarketing.portlets.folders.model.Folder>
  <com.dotmarketing.portlets.folders.model.Folder>
    <iDate class="sql-timestamp">2012-11-06 17:52:54.982</iDate>
    <type>folder</type>
    <owner></owner>
    <inode>51324074-b236-4ef3-9949-a87a214e6b96</inode>
    <identifier>91b1b9d5-bea0-47e3-916c-a022e6417215</identifier>
    <name>images</name>
    <sortOrder>0</sortOrder>
    <showOnMenu>false</showOnMenu>
    <hostId>48190c8c-42c4-46af-8d1a-0cd5db894797</hostId>
    <title>images</title>
    <defaultFileType>33888b6f-7a8e-4069-b1b6-5c1aa9d0a48d</defaultFileType>
    <modDate class="sql-timestamp">2014-03-21 14:11:18.793413</modDate>
  </com.dotmarketing.portlets.folders.model.Folder>
  <com.dotmarketing.portlets.folders.model.Folder>
    <iDate class="sql-timestamp">2012-11-06 17:52:54.106</iDate>
    <type>folder</type>
    <owner></owner>
    <inode>d775efb9-cc40-449e-9b27-3c72690471ef</inode>
    <identifier>8fced389-b588-444b-980a-ce6d2b71b2e4</identifier>
    <name>fonts</name>
    <sortOrder>0</sortOrder>
    <showOnMenu>false</showOnMenu>
    <hostId>48190c8c-42c4-46af-8d1a-0cd5db894797</hostId>
    <title>fonts</title>
    <defaultFileType>33888b6f-7a8e-4069-b1b6-5c1aa9d0a48d</defaultFileType>
    <modDate class="sql-timestamp">2014-03-21 14:11:18.793413</modDate>
  </com.dotmarketing.portlets.folders.model.Folder>
  <com.dotmarketing.portlets.folders.model.Folder>
    <iDate class="sql-timestamp">2012-11-06 17:52:52.29</iDate>
    <type>folder</type>
    <owner></owner>
    <inode>90ba2284-3911-4a70-9a74-c9c7af64628a</inode>
    <identifier>b91a87c8-5678-4015-87fa-a7237c8b87a4</identifier>
    <name>css</name>
    <sortOrder>0</sortOrder>
    <showOnMenu>false</showOnMenu>
    <hostId>48190c8c-42c4-46af-8d1a-0cd5db894797</hostId>
    <title>css</title>
    <defaultFileType>33888b6f-7a8e-4069-b1b6-5c1aa9d0a48d</defaultFileType>
    <modDate class="sql-timestamp">2014-03-21 14:11:18.793413</modDate>
  </com.dotmarketing.portlets.folders.model.Folder>
  <com.dotmarketing.portlets.folders.model.Folder>
    <iDate class="sql-timestamp">2012-11-06 17:31:58.203</iDate>
    <type>folder</type>
    <inode>d086b0af-51ce-4e98-b29f-9b9fe6bf35c7</inode>
    <identifier>00768bd7-bcf8-4548-b1fa-4e88e67d422b</identifier>
    <name>quest</name>
    <sortOrder>0</sortOrder>
    <showOnMenu>false</showOnMenu>
    <hostId>48190c8c-42c4-46af-8d1a-0cd5db894797</hostId>
    <title>A Theme Called Quest</title>
    <filesMasks></filesMasks>
    <defaultFileType>33888b6f-7a8e-4069-b1b6-5c1aa9d0a48d</defaultFileType>
    <modDate class="sql-timestamp">2014-03-21 14:11:18.793413</modDate>
  </com.dotmarketing.portlets.folders.model.Folder>
  <com.dotmarketing.portlets.folders.model.Folder>
    <iDate class="sql-timestamp">2012-10-16 16:03:33.0</iDate>
    <type>folder</type>
    <owner></owner>
    <inode>58a7cd35-183c-4b4a-8b32-4e2fe7225402</inode>
    <identifier>1d3dcff0-4933-46f6-938a-fbf966260bfb</identifier>
    <name>js</name>
    <sortOrder>0</sortOrder>
    <showOnMenu>false</showOnMenu>
    <hostId>48190c8c-42c4-46af-8d1a-0cd5db894797</hostId>
    <title>js</title>
    <defaultFileType>33888b6f-7a8e-4069-b1b6-5c1aa9d0a48d</defaultFileType>
    <modDate class="sql-timestamp">2014-03-21 14:11:18.793413</modDate>
  </com.dotmarketing.portlets.folders.model.Folder>
  <com.dotmarketing.portlets.folders.model.Folder>
    <iDate class="sql-timestamp">2012-10-16 16:03:17.52</iDate>
    <type>folder</type>
    <owner></owner>
    <inode>709a1ac1-af1f-4c70-9e13-96b96a96e1a0</inode>
    <identifier>3c6f8ca3-3ee1-4c4d-8d09-0282f4e82189</identifier>
    <name>images</name>
    <sortOrder>0</sortOrder>
    <showOnMenu>false</showOnMenu>
    <hostId>48190c8c-42c4-46af-8d1a-0cd5db894797</hostId>
    <title>images</title>
    <defaultFileType>33888b6f-7a8e-4069-b1b6-5c1aa9d0a48d</defaultFileType>
    <modDate class="sql-timestamp">2014-03-21 14:11:18.793413</modDate>
  </com.dotmarketing.portlets.folders.model.Folder>
  <com.dotmarketing.portlets.folders.model.Folder>
    <iDate class="sql-timestamp">2012-10-16 16:03:06.513</iDate>
    <type>folder</type>
    <owner></owner>
    <inode>07dd2f6f-dd02-4e76-84b4-e613580e7f35</inode>
    <identifier>e1e5972e-d27d-4af4-bca4-22ce87a84e19</identifier>
    <name>css</name>
    <sortOrder>0</sortOrder>
    <showOnMenu>false</showOnMenu>
    <hostId>48190c8c-42c4-46af-8d1a-0cd5db894797</hostId>
    <title>css</title>
    <defaultFileType>33888b6f-7a8e-4069-b1b6-5c1aa9d0a48d</defaultFileType>
    <modDate class="sql-timestamp">2014-03-21 14:11:18.793413</modDate>
  </com.dotmarketing.portlets.folders.model.Folder>
  <com.dotmarketing.portlets.folders.model.Folder>
    <iDate class="sql-timestamp">2012-10-16 16:03:02.89</iDate>
    <type>folder</type>
    <inode>619c85c6-726d-4ea5-870b-72e7272b7f3f</inode>
    <identifier>4976b591-38dc-4328-8d5d-860d177c6d4c</identifier>
    <name>openbank</name>
    <sortOrder>0</sortOrder>
    <showOnMenu>false</showOnMenu>
    <hostId>48190c8c-42c4-46af-8d1a-0cd5db894797</hostId>
    <title>OpenBank</title>
    <filesMasks></filesMasks>
    <defaultFileType>33888b6f-7a8e-4069-b1b6-5c1aa9d0a48d</defaultFileType>
    <modDate class="sql-timestamp">2014-03-21 14:11:18.793413</modDate>
  </com.dotmarketing.portlets.folders.model.Folder>
  <com.dotmarketing.portlets.folders.model.Folder>
    <iDate class="sql-timestamp">2012-10-15 20:35:14.322</iDate>
    <type>folder</type>
    <owner></owner>
    <inode>8c31a241-9dce-434a-8b77-ec902155307d</inode>
    <identifier>4aa37d39-41c0-4a99-bb22-f7580dbe9dcc</identifier>
    <name>themes</name>
    <sortOrder>0</sortOrder>
    <showOnMenu>false</showOnMenu>
    <hostId>48190c8c-42c4-46af-8d1a-0cd5db894797</hostId>
    <title>themes</title>
    <defaultFileType>33888b6f-7a8e-4069-b1b6-5c1aa9d0a48d</defaultFileType>
    <modDate class="sql-timestamp">2014-03-21 14:11:18.793413</modDate>
  </com.dotmarketing.portlets.folders.model.Folder>
  <com.dotmarketing.portlets.folders.model.Folder>
    <iDate class="sql-timestamp">2012-07-10 16:14:34.62</iDate>
    <type>folder</type>
    <owner></owner>
    <inode>897cdfaf-37d8-45e1-b8fe-08f1ef9bf4c6</inode>
    <identifier>23c8235a-bc2c-4f6b-a702-abf829e2099c</identifier>
    <name>._icons-2x.png</name>
    <sortOrder>0</sortOrder>
    <showOnMenu>false</showOnMenu>
    <hostId>d234cfc0-926e-49d1-a7a8-d7033ffe793f</hostId>
    <title>._icons-2x.png</title>
    <defaultFileType>33888b6f-7a8e-4069-b1b6-5c1aa9d0a48d</defaultFileType>
    <modDate class="sql-timestamp">2014-03-21 14:11:18.793413</modDate>
  </com.dotmarketing.portlets.folders.model.Folder>
  <com.dotmarketing.portlets.folders.model.Folder>
    <iDate class="sql-timestamp">2012-07-05 16:19:32.31</iDate>
    <type>folder</type>
    <owner>dotcms.org.1</owner>
    <inode>dbda9d5d-06a4-432c-9347-855acbfe3c94</inode>
    <identifier>14e4c36d-2fa5-4556-8c03-81c19c884437</identifier>
    <name>documents</name>
    <sortOrder>0</sortOrder>
    <showOnMenu>false</showOnMenu>
    <hostId>48190c8c-42c4-46af-8d1a-0cd5db894797</hostId>
    <title>documents</title>
    <filesMasks></filesMasks>
    <defaultFileType>d8262b9f-84ea-46f9-88c4-0c8959271d67</defaultFileType>
    <modDate class="sql-timestamp">2014-03-21 14:11:18.793413</modDate>
  </com.dotmarketing.portlets.folders.model.Folder>
  <com.dotmarketing.portlets.folders.model.Folder>
    <iDate class="sql-timestamp">2012-06-25 15:34:24.846</iDate>
    <type>folder</type>
    <inode>88051711-96d3-4f0b-997d-cc414daded48</inode>
    <identifier>01f64a4e-d5af-4da2-94fc-b4fa4cc18aa3</identifier>
    <name>intranet</name>
    <sortOrder>0</sortOrder>
    <showOnMenu>false</showOnMenu>
    <hostId>48190c8c-42c4-46af-8d1a-0cd5db894797</hostId>
    <title>intranet</title>
    <filesMasks></filesMasks>
    <defaultFileType>33888b6f-7a8e-4069-b1b6-5c1aa9d0a48d</defaultFileType>
    <modDate class="sql-timestamp">2014-03-21 14:11:18.793413</modDate>
  </com.dotmarketing.portlets.folders.model.Folder>
  <com.dotmarketing.portlets.folders.model.Folder>
    <iDate class="sql-timestamp">2012-05-22 13:55:56.174</iDate>
    <type>folder</type>
    <owner></owner>
    <inode>378e0c84-bbfc-4bab-953d-519e01944c9c</inode>
    <identifier>3c4840b0-aa29-47c5-ba0a-3290537a7616</identifier>
    <name>images</name>
    <sortOrder>0</sortOrder>
    <showOnMenu>false</showOnMenu>
    <hostId>d234cfc0-926e-49d1-a7a8-d7033ffe793f</hostId>
    <title>images</title>
    <defaultFileType>33888b6f-7a8e-4069-b1b6-5c1aa9d0a48d</defaultFileType>
    <modDate class="sql-timestamp">2014-03-21 14:11:18.793413</modDate>
  </com.dotmarketing.portlets.folders.model.Folder>
  <com.dotmarketing.portlets.folders.model.Folder>
    <iDate class="sql-timestamp">2012-05-22 13:55:55.606</iDate>
    <type>folder</type>
    <owner></owner>
    <inode>46fbb65b-c3ad-4242-ab9f-50d834870dd0</inode>
    <identifier>46ea7fc8-072a-4ab0-a812-4fd117d640fd</identifier>
    <name>css</name>
    <sortOrder>0</sortOrder>
    <showOnMenu>false</showOnMenu>
    <hostId>d234cfc0-926e-49d1-a7a8-d7033ffe793f</hostId>
    <title>css</title>
    <defaultFileType>33888b6f-7a8e-4069-b1b6-5c1aa9d0a48d</defaultFileType>
    <modDate class="sql-timestamp">2014-03-21 14:11:18.793413</modDate>
  </com.dotmarketing.portlets.folders.model.Folder>
  <com.dotmarketing.portlets.folders.model.Folder>
    <iDate class="sql-timestamp">2012-05-22 13:55:30.36</iDate>
    <type>folder</type>
    <owner></owner>
    <inode>a4593e34-71e7-4451-b479-0ac8946d8cb0</inode>
    <identifier>5da4ef57-ae75-4548-9019-a0daa913ad54</identifier>
    <name>js</name>
    <sortOrder>0</sortOrder>
    <showOnMenu>false</showOnMenu>
    <hostId>d234cfc0-926e-49d1-a7a8-d7033ffe793f</hostId>
    <title>js</title>
    <defaultFileType>33888b6f-7a8e-4069-b1b6-5c1aa9d0a48d</defaultFileType>
    <modDate class="sql-timestamp">2014-03-21 14:11:18.793413</modDate>
  </com.dotmarketing.portlets.folders.model.Folder>
  <com.dotmarketing.portlets.folders.model.Folder>
    <iDate class="sql-timestamp">2012-05-22 13:51:24.034</iDate>
    <type>folder</type>
    <owner></owner>
    <inode>95e02959-3db6-4f83-b0b2-66ab8b2a9657</inode>
    <identifier>ddda8275-f0bc-4233-a2f5-85a5531df0a6</identifier>
    <name>mobile</name>
    <sortOrder>0</sortOrder>
    <showOnMenu>false</showOnMenu>
    <hostId>23836f6d-6a92-446f-b147-29e4724eedd8</hostId>
    <title>mobile</title>
    <defaultFileType>33888b6f-7a8e-4069-b1b6-5c1aa9d0a48d</defaultFileType>
    <modDate class="sql-timestamp">2014-03-21 14:11:18.793413</modDate>
  </com.dotmarketing.portlets.folders.model.Folder>
  <com.dotmarketing.portlets.folders.model.Folder>
    <iDate class="sql-timestamp">2012-05-22 13:50:29.558</iDate>
    <type>folder</type>
    <owner></owner>
    <inode>62302443-5b32-4a08-8ade-9635beb23604</inode>
    <identifier>93593ee2-a78e-454d-8107-7c8f4df589ae</identifier>
    <name>full-site</name>
    <sortOrder>0</sortOrder>
    <showOnMenu>false</showOnMenu>
    <hostId>23836f6d-6a92-446f-b147-29e4724eedd8</hostId>
    <title>full-site</title>
    <defaultFileType>33888b6f-7a8e-4069-b1b6-5c1aa9d0a48d</defaultFileType>
    <modDate class="sql-timestamp">2014-03-21 14:11:18.793413</modDate>
  </com.dotmarketing.portlets.folders.model.Folder>
  <com.dotmarketing.portlets.folders.model.Folder>
    <iDate class="sql-timestamp">2012-05-22 13:50:29.334</iDate>
    <type>folder</type>
    <owner></owner>
    <inode>8c7d9bdf-98a4-4963-852a-7b92d2eaad02</inode>
    <identifier>ffaa830a-736f-4f7b-8b4c-f15b4ff2d4f1</identifier>
    <name>widgets</name>
    <sortOrder>0</sortOrder>
    <showOnMenu>false</showOnMenu>
    <hostId>23836f6d-6a92-446f-b147-29e4724eedd8</hostId>
    <title>widgets</title>
    <defaultFileType>33888b6f-7a8e-4069-b1b6-5c1aa9d0a48d</defaultFileType>
    <modDate class="sql-timestamp">2014-03-21 14:11:18.793413</modDate>
  </com.dotmarketing.portlets.folders.model.Folder>
  <com.dotmarketing.portlets.folders.model.Folder>
    <iDate class="sql-timestamp">2012-05-22 13:50:22.201</iDate>
    <type>folder</type>
    <owner></owner>
    <inode>e8864693-5a89-41ae-9cf8-f01fedad93f1</inode>
    <identifier>d1c2df87-4535-41db-ae4e-f226bce07bdc</identifier>
    <name>macros</name>
    <sortOrder>0</sortOrder>
    <showOnMenu>false</showOnMenu>
    <hostId>23836f6d-6a92-446f-b147-29e4724eedd8</hostId>
    <title>macros</title>
    <defaultFileType>33888b6f-7a8e-4069-b1b6-5c1aa9d0a48d</defaultFileType>
    <modDate class="sql-timestamp">2014-03-21 14:11:18.793413</modDate>
  </com.dotmarketing.portlets.folders.model.Folder>
  <com.dotmarketing.portlets.folders.model.Folder>
    <iDate class="sql-timestamp">2012-05-22 13:50:20.894</iDate>
    <type>folder</type>
    <owner></owner>
    <inode>34838fb7-2d9f-4b18-a1c2-fbbd3fcc2aa5</inode>
    <identifier>c68a644f-6d10-48c8-ab5d-f43e3ee18d80</identifier>
    <name>custom-workflow</name>
    <sortOrder>0</sortOrder>
    <showOnMenu>false</showOnMenu>
    <hostId>23836f6d-6a92-446f-b147-29e4724eedd8</hostId>
    <title>custom-workflow</title>
    <defaultFileType>33888b6f-7a8e-4069-b1b6-5c1aa9d0a48d</defaultFileType>
    <modDate class="sql-timestamp">2014-03-21 14:11:18.793413</modDate>
  </com.dotmarketing.portlets.folders.model.Folder>
  <com.dotmarketing.portlets.folders.model.Folder>
    <iDate class="sql-timestamp">2012-05-22 13:50:11.848</iDate>
    <type>folder</type>
    <owner></owner>
    <inode>6c9b5639-168a-47db-900f-cbc8b388d618</inode>
    <identifier>8e6bee6a-4b9d-4fed-809d-64a0411a5c02</identifier>
    <name>custom-fields</name>
    <sortOrder>0</sortOrder>
    <showOnMenu>false</showOnMenu>
    <hostId>23836f6d-6a92-446f-b147-29e4724eedd8</hostId>
    <title>custom-fields</title>
    <defaultFileType>33888b6f-7a8e-4069-b1b6-5c1aa9d0a48d</defaultFileType>
    <modDate class="sql-timestamp">2014-03-21 14:11:18.793413</modDate>
  </com.dotmarketing.portlets.folders.model.Folder>
  <com.dotmarketing.portlets.folders.model.Folder>
    <iDate class="sql-timestamp">2012-05-22 13:50:09.015</iDate>
    <type>folder</type>
    <owner></owner>
    <inode>173d67e4-639f-4841-887c-f9d7745501f5</inode>
    <identifier>d67a3155-e7ab-4b40-ab0e-4e1ba05e2b01</identifier>
    <name>vtl</name>
    <sortOrder>0</sortOrder>
    <showOnMenu>false</showOnMenu>
    <hostId>23836f6d-6a92-446f-b147-29e4724eedd8</hostId>
    <title>vtl</title>
    <defaultFileType>33888b6f-7a8e-4069-b1b6-5c1aa9d0a48d</defaultFileType>
    <modDate class="sql-timestamp">2014-03-21 14:11:18.793413</modDate>
  </com.dotmarketing.portlets.folders.model.Folder>
  <com.dotmarketing.portlets.folders.model.Folder>
    <iDate class="sql-timestamp">2012-05-22 13:38:43.358</iDate>
    <type>folder</type>
    <inode>12167305-1d6d-43e4-a6d0-9795570cec7f</inode>
    <identifier>4ddafa95-0089-4f29-8226-653338f9811a</identifier>
    <name>images</name>
    <sortOrder>0</sortOrder>
    <showOnMenu>false</showOnMenu>
    <hostId>48190c8c-42c4-46af-8d1a-0cd5db894797</hostId>
    <title>images</title>
    <filesMasks></filesMasks>
    <defaultFileType>d8262b9f-84ea-46f9-88c4-0c8959271d67</defaultFileType>
    <modDate class="sql-timestamp">2014-03-21 14:11:18.793413</modDate>
  </com.dotmarketing.portlets.folders.model.Folder>
  <com.dotmarketing.portlets.folders.model.Folder>
    <iDate class="sql-timestamp">2012-05-22 13:38:37.455</iDate>
    <type>folder</type>
    <inode>f2554b49-d307-44c2-a893-d7f42a912b73</inode>
    <identifier>25359fb7-44c4-4538-803b-276a8588a5b1</identifier>
    <name>documents</name>
    <sortOrder>0</sortOrder>
    <showOnMenu>false</showOnMenu>
    <hostId>48190c8c-42c4-46af-8d1a-0cd5db894797</hostId>
    <title>documents</title>
    <filesMasks></filesMasks>
    <defaultFileType>d8262b9f-84ea-46f9-88c4-0c8959271d67</defaultFileType>
    <modDate class="sql-timestamp">2014-03-21 14:11:18.793413</modDate>
  </com.dotmarketing.portlets.folders.model.Folder>
  <com.dotmarketing.portlets.folders.model.Folder>
    <iDate class="sql-timestamp">2012-03-20 20:42:48.5</iDate>
    <type>folder</type>
    <owner>dotcms.org.1</owner>
    <inode>badc19d3-18d0-4107-a660-fea814bc9987</inode>
    <identifier>208db5aa-067c-4ca4-b700-8bca3df30ce3</identifier>
    <name>investment-banking</name>
    <sortOrder>2</sortOrder>
    <showOnMenu>true</showOnMenu>
    <hostId>d234cfc0-926e-49d1-a7a8-d7033ffe793f</hostId>
    <title>Investment Banking</title>
    <filesMasks></filesMasks>
    <defaultFileType>33888b6f-7a8e-4069-b1b6-5c1aa9d0a48d</defaultFileType>
    <modDate class="sql-timestamp">2014-03-21 14:11:18.793413</modDate>
  </com.dotmarketing.portlets.folders.model.Folder>
  <com.dotmarketing.portlets.folders.model.Folder>
    <iDate class="sql-timestamp">2012-03-20 16:46:08.572</iDate>
    <type>folder</type>
    <inode>c266cde1-49cc-4368-85a3-9860f0f5ef4f</inode>
    <identifier>d0d9fb70-e80e-4ce6-9898-2ea04d281562</identifier>
    <name>investment-banking</name>
    <sortOrder>0</sortOrder>
    <showOnMenu>true</showOnMenu>
    <hostId>48190c8c-42c4-46af-8d1a-0cd5db894797</hostId>
    <title>Investment Banking</title>
    <filesMasks></filesMasks>
    <defaultFileType>33888b6f-7a8e-4069-b1b6-5c1aa9d0a48d</defaultFileType>
    <modDate class="sql-timestamp">2014-03-21 14:11:18.793413</modDate>
  </com.dotmarketing.portlets.folders.model.Folder>
  <com.dotmarketing.portlets.folders.model.Folder>
    <iDate class="sql-timestamp">2012-03-19 21:01:35.593</iDate>
    <type>folder</type>
    <owner>dotcms.org.1</owner>
    <inode>a83e7208-88ed-43ac-9829-ceb636be85b0</inode>
    <identifier>b4b47b9f-ad45-42ab-a3de-8d84d22c982b</identifier>
    <name>private-banking</name>
    <sortOrder>4</sortOrder>
    <showOnMenu>true</showOnMenu>
    <hostId>d234cfc0-926e-49d1-a7a8-d7033ffe793f</hostId>
    <title>Private Banking</title>
    <filesMasks></filesMasks>
    <defaultFileType>33888b6f-7a8e-4069-b1b6-5c1aa9d0a48d</defaultFileType>
    <modDate class="sql-timestamp">2014-03-21 14:11:18.793413</modDate>
  </com.dotmarketing.portlets.folders.model.Folder>
  <com.dotmarketing.portlets.folders.model.Folder>
    <iDate class="sql-timestamp">2012-03-19 21:01:12.575</iDate>
    <type>folder</type>
    <owner>dotcms.org.1</owner>
    <inode>d63efd36-17ff-4898-87e9-1dc2fbf89119</inode>
    <identifier>16a69010-73f3-4295-aa9a-a9112c149e57</identifier>
    <name>market-research</name>
    <sortOrder>3</sortOrder>
    <showOnMenu>true</showOnMenu>
    <hostId>d234cfc0-926e-49d1-a7a8-d7033ffe793f</hostId>
    <title>Market Research</title>
    <filesMasks></filesMasks>
    <defaultFileType>33888b6f-7a8e-4069-b1b6-5c1aa9d0a48d</defaultFileType>
    <modDate class="sql-timestamp">2014-03-21 14:11:18.793413</modDate>
  </com.dotmarketing.portlets.folders.model.Folder>
  <com.dotmarketing.portlets.folders.model.Folder>
    <iDate class="sql-timestamp">2012-03-19 20:58:57.946</iDate>
    <type>folder</type>
    <owner>dotcms.org.1</owner>
    <inode>dae0e3d0-180d-4d76-97a5-3777f112bf1a</inode>
    <identifier>23eeed75-3aa7-42fc-9293-9bc5111511a3</identifier>
    <name>wealth-management</name>
    <sortOrder>1</sortOrder>
    <showOnMenu>true</showOnMenu>
    <hostId>d234cfc0-926e-49d1-a7a8-d7033ffe793f</hostId>
    <title>Wealth Management</title>
    <filesMasks></filesMasks>
    <defaultFileType>33888b6f-7a8e-4069-b1b6-5c1aa9d0a48d</defaultFileType>
    <modDate class="sql-timestamp">2014-03-21 14:11:18.793413</modDate>
  </com.dotmarketing.portlets.folders.model.Folder>
  <com.dotmarketing.portlets.folders.model.Folder>
    <iDate class="sql-timestamp">2012-03-08 18:58:10.136</iDate>
    <type>folder</type>
    <inode>981dd4d7-e7d2-43d6-bd78-432b7950c6cc</inode>
    <identifier>dafe37f4-f616-4485-8737-69bd6711878a</identifier>
    <name>market-research</name>
    <sortOrder>2</sortOrder>
    <showOnMenu>true</showOnMenu>
    <hostId>48190c8c-42c4-46af-8d1a-0cd5db894797</hostId>
    <title>Market Research</title>
    <filesMasks></filesMasks>
    <defaultFileType>33888b6f-7a8e-4069-b1b6-5c1aa9d0a48d</defaultFileType>
    <modDate class="sql-timestamp">2014-03-21 14:11:18.793413</modDate>
  </com.dotmarketing.portlets.folders.model.Folder>
  <com.dotmarketing.portlets.folders.model.Folder>
    <iDate class="sql-timestamp">2012-03-08 18:54:53.46</iDate>
    <type>folder</type>
    <inode>964af063-8807-4084-8e5c-5cb160585bf4</inode>
    <identifier>132083eb-7a3d-43cc-a53e-884bddab9634</identifier>
    <name>private-banking</name>
    <sortOrder>1</sortOrder>
    <showOnMenu>true</showOnMenu>
    <hostId>48190c8c-42c4-46af-8d1a-0cd5db894797</hostId>
    <title>Private Banking</title>
    <filesMasks></filesMasks>
    <defaultFileType>33888b6f-7a8e-4069-b1b6-5c1aa9d0a48d</defaultFileType>
    <modDate class="sql-timestamp">2014-03-21 14:11:18.793413</modDate>
  </com.dotmarketing.portlets.folders.model.Folder>
  <com.dotmarketing.portlets.folders.model.Folder>
    <iDate class="sql-timestamp">2012-03-07 00:23:28.661</iDate>
    <type>folder</type>
    <owner>dotcms.org.1</owner>
    <inode>9125d787-00cd-4717-bbea-84a6660ece62</inode>
    <identifier>be731dec-372c-41b1-b8ec-894ec939d29a</identifier>
    <name>spring</name>
    <sortOrder>0</sortOrder>
    <showOnMenu>false</showOnMenu>
    <hostId>48190c8c-42c4-46af-8d1a-0cd5db894797</hostId>
    <title>spring</title>
    <filesMasks></filesMasks>
    <defaultFileType>33888b6f-7a8e-4069-b1b6-5c1aa9d0a48d</defaultFileType>
    <modDate class="sql-timestamp">2014-03-21 14:11:18.793413</modDate>
  </com.dotmarketing.portlets.folders.model.Folder>
  <com.dotmarketing.portlets.folders.model.Folder>
    <iDate class="sql-timestamp">2012-03-06 21:45:59.919</iDate>
    <type>folder</type>
    <owner>dotcms.org.1</owner>
    <inode>47663ed5-b009-4ee5-9390-ef6dce783f16</inode>
    <identifier>638274ff-d1c9-4e0f-996e-657d88201f85</identifier>
    <name>createaccount</name>
    <sortOrder>0</sortOrder>
    <showOnMenu>false</showOnMenu>
    <hostId>48190c8c-42c4-46af-8d1a-0cd5db894797</hostId>
    <title>createAccount</title>
    <filesMasks></filesMasks>
    <defaultFileType>33888b6f-7a8e-4069-b1b6-5c1aa9d0a48d</defaultFileType>
    <modDate class="sql-timestamp">2014-03-21 14:11:18.793413</modDate>
  </com.dotmarketing.portlets.folders.model.Folder>
  <com.dotmarketing.portlets.folders.model.Folder>
    <iDate class="sql-timestamp">2012-03-02 23:06:32.326</iDate>
    <type>folder</type>
    <owner>dotcms.org.1</owner>
    <inode>e3d95194-9209-426a-80d0-7b27bb608237</inode>
    <identifier>3988a0ab-ecae-4583-ba82-0bd8371d9be2</identifier>
    <name>ajax</name>
    <sortOrder>0</sortOrder>
    <showOnMenu>false</showOnMenu>
    <hostId>48190c8c-42c4-46af-8d1a-0cd5db894797</hostId>
    <title>ajax</title>
    <filesMasks></filesMasks>
    <defaultFileType>33888b6f-7a8e-4069-b1b6-5c1aa9d0a48d</defaultFileType>
    <modDate class="sql-timestamp">2014-03-21 14:11:18.793413</modDate>
  </com.dotmarketing.portlets.folders.model.Folder>
  <com.dotmarketing.portlets.folders.model.Folder>
    <iDate class="sql-timestamp">2012-03-02 20:46:30.47</iDate>
    <type>folder</type>
    <inode>c8e28fe2-1b00-41d6-b26c-5cadbf756699</inode>
    <identifier>34d7d7ae-f62f-4ad8-85fd-2d390300eb4f</identifier>
    <name>wealth-management</name>
    <sortOrder>3</sortOrder>
    <showOnMenu>true</showOnMenu>
    <hostId>48190c8c-42c4-46af-8d1a-0cd5db894797</hostId>
    <title>Wealth Management</title>
    <filesMasks></filesMasks>
    <defaultFileType>33888b6f-7a8e-4069-b1b6-5c1aa9d0a48d</defaultFileType>
    <modDate class="sql-timestamp">2014-03-21 14:11:18.793413</modDate>
  </com.dotmarketing.portlets.folders.model.Folder>
  <com.dotmarketing.portlets.folders.model.Folder>
    <iDate class="sql-timestamp">2012-03-01 20:46:58.354</iDate>
    <type>folder</type>
    <owner>dotcms.org.1</owner>
    <inode>3f0846a6-3260-473c-9f71-3cce1cbdd9a1</inode>
    <identifier>c37cb06e-d022-4ac0-a9de-d100b4993224</identifier>
    <name>myaccount</name>
    <sortOrder>0</sortOrder>
    <showOnMenu>false</showOnMenu>
    <hostId>48190c8c-42c4-46af-8d1a-0cd5db894797</hostId>
    <title>My Account</title>
    <filesMasks></filesMasks>
    <defaultFileType>33888b6f-7a8e-4069-b1b6-5c1aa9d0a48d</defaultFileType>
    <modDate class="sql-timestamp">2014-03-21 14:11:18.793413</modDate>
  </com.dotmarketing.portlets.folders.model.Folder>
  <com.dotmarketing.portlets.folders.model.Folder>
    <iDate class="sql-timestamp">2012-03-01 18:50:04.292</iDate>
    <type>folder</type>
    <owner>dotcms.org.1</owner>
    <inode>303676ba-8bca-45a2-a3e7-04e1b4ce92f2</inode>
    <identifier>2abe28a0-0bd3-47c4-aed0-b4db62625bb0</identifier>
    <name>login</name>
    <sortOrder>0</sortOrder>
    <showOnMenu>false</showOnMenu>
    <hostId>48190c8c-42c4-46af-8d1a-0cd5db894797</hostId>
    <title>Login</title>
    <filesMasks></filesMasks>
    <defaultFileType>33888b6f-7a8e-4069-b1b6-5c1aa9d0a48d</defaultFileType>
    <modDate class="sql-timestamp">2014-03-21 14:11:18.793413</modDate>
  </com.dotmarketing.portlets.folders.model.Folder>
  <com.dotmarketing.portlets.folders.model.Folder>
    <iDate class="sql-timestamp">2012-03-01 18:49:48.711</iDate>
    <type>folder</type>
    <owner>dotcms.org.1</owner>
    <inode>83bb5752-4264-43c4-84c8-28176603431a</inode>
    <identifier>81f17c44-d2e2-49fb-a24e-a65ca8c6d9de</identifier>
    <name>application</name>
    <sortOrder>0</sortOrder>
    <showOnMenu>false</showOnMenu>
    <hostId>48190c8c-42c4-46af-8d1a-0cd5db894797</hostId>
    <title>Application</title>
    <filesMasks></filesMasks>
    <defaultFileType>33888b6f-7a8e-4069-b1b6-5c1aa9d0a48d</defaultFileType>
    <modDate class="sql-timestamp">2014-03-21 14:11:18.793413</modDate>
  </com.dotmarketing.portlets.folders.model.Folder>
  <com.dotmarketing.portlets.folders.model.Folder>
    <iDate class="sql-timestamp">2012-01-31 21:53:54.658</iDate>
    <type>folder</type>
    <owner>dotcms.org.1</owner>
    <inode>63bd2687-09c9-4cc2-a7a2-a7be10cbd014</inode>
    <identifier>59addb52-a96d-448c-b189-aa3b64a086e4</identifier>
    <name>news</name>
    <sortOrder>0</sortOrder>
    <showOnMenu>false</showOnMenu>
    <hostId>d234cfc0-926e-49d1-a7a8-d7033ffe793f</hostId>
    <title>news</title>
    <filesMasks></filesMasks>
    <defaultFileType>33888b6f-7a8e-4069-b1b6-5c1aa9d0a48d</defaultFileType>
    <modDate class="sql-timestamp">2014-03-21 14:11:18.793413</modDate>
  </com.dotmarketing.portlets.folders.model.Folder>
  <com.dotmarketing.portlets.folders.model.Folder>
    <iDate class="sql-timestamp">2012-01-26 23:04:47.136</iDate>
    <type>folder</type>
    <owner>dotcms.org.1</owner>
    <inode>338a1c58-e6b9-424f-9bb6-b192248a8e8f</inode>
    <identifier>190b5963-42c5-48fa-926a-3b9a02eb549a</identifier>
    <name>icons</name>
    <sortOrder>0</sortOrder>
    <showOnMenu>false</showOnMenu>
    <hostId>d234cfc0-926e-49d1-a7a8-d7033ffe793f</hostId>
    <title>icons</title>
    <filesMasks></filesMasks>
    <defaultFileType>33888b6f-7a8e-4069-b1b6-5c1aa9d0a48d</defaultFileType>
    <modDate class="sql-timestamp">2014-03-21 14:11:18.793413</modDate>
  </com.dotmarketing.portlets.folders.model.Folder>
  <com.dotmarketing.portlets.folders.model.Folder>
    <iDate class="sql-timestamp">2012-01-19 20:50:15.168</iDate>
    <type>folder</type>
    <owner>dotcms.org.1</owner>
    <inode>f1d52038-f355-4742-96c0-fde9c129a1e6</inode>
    <identifier>430feb1b-e0b7-4b91-92ef-83e729e755f3</identifier>
    <name>our-team</name>
    <sortOrder>5</sortOrder>
    <showOnMenu>true</showOnMenu>
    <hostId>d234cfc0-926e-49d1-a7a8-d7033ffe793f</hostId>
    <title>Our Team</title>
    <filesMasks></filesMasks>
    <defaultFileType>33888b6f-7a8e-4069-b1b6-5c1aa9d0a48d</defaultFileType>
    <modDate class="sql-timestamp">2014-03-21 14:11:18.793413</modDate>
  </com.dotmarketing.portlets.folders.model.Folder>
  <com.dotmarketing.portlets.folders.model.Folder>
    <iDate class="sql-timestamp">2012-01-19 20:49:25.859</iDate>
    <type>folder</type>
    <owner>dotcms.org.1</owner>
    <inode>bc70884b-fb73-4710-a647-d4ed83962d4d</inode>
    <identifier>d4a69377-0c18-499b-88a3-3b172c41eb76</identifier>
    <name>resources</name>
    <sortOrder>4</sortOrder>
    <showOnMenu>true</showOnMenu>
    <hostId>d234cfc0-926e-49d1-a7a8-d7033ffe793f</hostId>
    <title>Investor Resources</title>
    <filesMasks></filesMasks>
    <defaultFileType>33888b6f-7a8e-4069-b1b6-5c1aa9d0a48d</defaultFileType>
    <modDate class="sql-timestamp">2014-03-21 14:11:18.793413</modDate>
  </com.dotmarketing.portlets.folders.model.Folder>
  <com.dotmarketing.portlets.folders.model.Folder>
    <iDate class="sql-timestamp">2012-01-19 20:48:38.288</iDate>
    <type>folder</type>
    <owner>dotcms.org.1</owner>
    <inode>4a3a4810-83cb-48d6-987c-b69ff50f0265</inode>
    <identifier>1d00dc58-f3ad-4641-82e1-5ce80048d722</identifier>
    <name>services</name>
    <sortOrder>3</sortOrder>
    <showOnMenu>true</showOnMenu>
    <hostId>d234cfc0-926e-49d1-a7a8-d7033ffe793f</hostId>
    <title>Financial Services</title>
    <filesMasks></filesMasks>
    <defaultFileType>33888b6f-7a8e-4069-b1b6-5c1aa9d0a48d</defaultFileType>
    <modDate class="sql-timestamp">2014-03-21 14:11:18.793413</modDate>
  </com.dotmarketing.portlets.folders.model.Folder>
  <com.dotmarketing.portlets.folders.model.Folder>
    <iDate class="sql-timestamp">2012-01-19 20:47:56.488</iDate>
    <type>folder</type>
    <owner>dotcms.org.1</owner>
    <inode>1aa7d359-d85b-4c83-bfd7-88a4b68fc101</inode>
    <identifier>151457af-30a8-4e61-a70b-50aadf968c22</identifier>
    <name>products</name>
    <sortOrder>2</sortOrder>
    <showOnMenu>true</showOnMenu>
    <hostId>d234cfc0-926e-49d1-a7a8-d7033ffe793f</hostId>
    <title>Investable Products</title>
    <filesMasks></filesMasks>
    <defaultFileType>33888b6f-7a8e-4069-b1b6-5c1aa9d0a48d</defaultFileType>
    <modDate class="sql-timestamp">2014-03-21 14:11:18.793413</modDate>
  </com.dotmarketing.portlets.folders.model.Folder>
  <com.dotmarketing.portlets.folders.model.Folder>
    <iDate class="sql-timestamp">2012-01-19 20:40:46.363</iDate>
    <type>folder</type>
    <owner>dotcms.org.1</owner>
    <inode>f97080a6-3ec2-4410-9987-bf5db89d998d</inode>
    <identifier>8813eb6d-3daf-40ec-85d8-cf0f417aa0a8</identifier>
    <name>about-us</name>
    <sortOrder>1</sortOrder>
    <showOnMenu>true</showOnMenu>
    <hostId>d234cfc0-926e-49d1-a7a8-d7033ffe793f</hostId>
    <title>About Quest Financial</title>
    <filesMasks></filesMasks>
    <defaultFileType>33888b6f-7a8e-4069-b1b6-5c1aa9d0a48d</defaultFileType>
    <modDate class="sql-timestamp">2014-03-21 14:11:18.793413</modDate>
  </com.dotmarketing.portlets.folders.model.Folder>
  <com.dotmarketing.portlets.folders.model.Folder>
    <iDate class="sql-timestamp">2012-01-19 16:09:39.312</iDate>
    <type>folder</type>
    <owner>dotcms.org.1</owner>
    <inode>e9bbbd6b-5349-486e-808b-aad1ce543aae</inode>
    <identifier>6dd35123-0894-4db8-a3b7-11abe2d8d6d0</identifier>
    <name>images</name>
    <sortOrder>0</sortOrder>
    <showOnMenu>false</showOnMenu>
    <hostId>d234cfc0-926e-49d1-a7a8-d7033ffe793f</hostId>
    <title>images</title>
    <filesMasks></filesMasks>
    <defaultFileType>33888b6f-7a8e-4069-b1b6-5c1aa9d0a48d</defaultFileType>
    <modDate class="sql-timestamp">2014-03-21 14:11:18.793413</modDate>
  </com.dotmarketing.portlets.folders.model.Folder>
  <com.dotmarketing.portlets.folders.model.Folder>
    <iDate class="sql-timestamp">2012-01-19 16:09:15.394</iDate>
    <type>folder</type>
    <owner>dotcms.org.1</owner>
    <inode>568d6cd1-7fec-4310-9d25-a4fe0acef7a0</inode>
    <identifier>06c21800-51ec-44d5-abc8-6a594ea945c4</identifier>
    <name>home</name>
    <sortOrder>0</sortOrder>
    <showOnMenu>false</showOnMenu>
    <hostId>d234cfc0-926e-49d1-a7a8-d7033ffe793f</hostId>
    <title>home</title>
    <filesMasks></filesMasks>
    <defaultFileType>33888b6f-7a8e-4069-b1b6-5c1aa9d0a48d</defaultFileType>
    <modDate class="sql-timestamp">2014-03-21 14:11:18.793413</modDate>
  </com.dotmarketing.portlets.folders.model.Folder>
  <com.dotmarketing.portlets.folders.model.Folder>
    <iDate class="sql-timestamp">2011-12-16 19:27:32.572</iDate>
    <type>folder</type>
    <inode>8a00a924-1183-43d5-9251-7a873c04ab37</inode>
    <identifier>5d65a89d-870d-431e-848f-067ad7c08585</identifier>
    <name>videos</name>
    <sortOrder>0</sortOrder>
    <showOnMenu>false</showOnMenu>
    <hostId>48190c8c-42c4-46af-8d1a-0cd5db894797</hostId>
    <title>Videos</title>
    <filesMasks>*.mov, *.mp4, *.ogg, *.ogv, *.webm</filesMasks>
    <defaultFileType>d8262b9f-84ea-46f9-88c4-0c8959271d67</defaultFileType>
    <modDate class="sql-timestamp">2014-03-21 14:11:18.793413</modDate>
  </com.dotmarketing.portlets.folders.model.Folder>
  <com.dotmarketing.portlets.folders.model.Folder>
    <iDate class="sql-timestamp">2011-08-25 19:01:52.907</iDate>
    <type>folder</type>
    <owner>dotcms.org.1</owner>
    <inode>fa455fb5-b961-4d0c-9e63-e79a8ba8622a</inode>
    <identifier>3d765e9c-5267-4c5c-839c-4120cffe58f5</identifier>
    <name>blogs</name>
    <sortOrder>0</sortOrder>
    <showOnMenu>false</showOnMenu>
    <hostId>48190c8c-42c4-46af-8d1a-0cd5db894797</hostId>
    <title>blogs</title>
    <filesMasks></filesMasks>
    <defaultFileType>33888b6f-7a8e-4069-b1b6-5c1aa9d0a48d</defaultFileType>
    <modDate class="sql-timestamp">2014-03-21 14:11:18.793413</modDate>
  </com.dotmarketing.portlets.folders.model.Folder>
  <com.dotmarketing.portlets.folders.model.Folder>
    <iDate class="sql-timestamp">2011-07-05 16:12:29.91</iDate>
    <type>folder</type>
    <inode>e4266fcb-f47c-457b-a992-9f5462541df8</inode>
    <identifier>7d6186b0-92a2-4ef3-be4d-58b70fb7fb89</identifier>
    <name>news-events</name>
    <sortOrder>4</sortOrder>
    <showOnMenu>true</showOnMenu>
    <hostId>48190c8c-42c4-46af-8d1a-0cd5db894797</hostId>
    <title>News &amp; Events</title>
    <filesMasks></filesMasks>
    <defaultFileType>33888b6f-7a8e-4069-b1b6-5c1aa9d0a48d</defaultFileType>
    <modDate class="sql-timestamp">2014-03-21 14:11:18.793413</modDate>
  </com.dotmarketing.portlets.folders.model.Folder>
  <com.dotmarketing.portlets.folders.model.Folder>
    <iDate class="sql-timestamp">2011-06-28 17:15:40.788</iDate>
    <type>folder</type>
    <inode>9c5e78a9-62ce-48e0-99ce-6817b0f5c2f3</inode>
    <identifier>f2626d92-4c45-41aa-b749-769aff8f2d99</identifier>
    <name>contact-us</name>
    <sortOrder>0</sortOrder>
    <showOnMenu>false</showOnMenu>
    <hostId>48190c8c-42c4-46af-8d1a-0cd5db894797</hostId>
    <title>Contact Us</title>
    <filesMasks></filesMasks>
    <defaultFileType>33888b6f-7a8e-4069-b1b6-5c1aa9d0a48d</defaultFileType>
    <modDate class="sql-timestamp">2014-03-21 14:11:18.793413</modDate>
  </com.dotmarketing.portlets.folders.model.Folder>
  <com.dotmarketing.portlets.folders.model.Folder>
    <iDate class="sql-timestamp">2011-06-28 17:15:06.169</iDate>
    <type>folder</type>
    <owner>dotcms.org.1</owner>
    <inode>ce49e1e7-4d0f-4af2-a87c-5e9c5562278c</inode>
    <identifier>84927f50-2cff-42e0-be37-777e619f477e</identifier>
    <name>our-team</name>
    <sortOrder>4</sortOrder>
    <showOnMenu>true</showOnMenu>
    <hostId>48190c8c-42c4-46af-8d1a-0cd5db894797</hostId>
    <title>Our Team</title>
    <filesMasks></filesMasks>
    <defaultFileType>33888b6f-7a8e-4069-b1b6-5c1aa9d0a48d</defaultFileType>
    <modDate class="sql-timestamp">2014-03-21 14:11:18.793413</modDate>
  </com.dotmarketing.portlets.folders.model.Folder>
  <com.dotmarketing.portlets.folders.model.Folder>
    <iDate class="sql-timestamp">2011-06-28 17:14:38.767</iDate>
    <type>folder</type>
    <inode>b37bed19-b1fd-497d-be5e-f8cc33c3fb8d</inode>
    <identifier>6486802b-902f-49f2-84f0-3d6b04e9b66c</identifier>
    <name>resources</name>
    <sortOrder>3</sortOrder>
    <showOnMenu>true</showOnMenu>
    <hostId>48190c8c-42c4-46af-8d1a-0cd5db894797</hostId>
    <title>Resources</title>
    <filesMasks></filesMasks>
    <defaultFileType>d8262b9f-84ea-46f9-88c4-0c8959271d67</defaultFileType>
    <modDate class="sql-timestamp">2014-03-21 14:11:18.793413</modDate>
  </com.dotmarketing.portlets.folders.model.Folder>
  <com.dotmarketing.portlets.folders.model.Folder>
    <iDate class="sql-timestamp">2011-06-28 17:14:11.867</iDate>
    <type>folder</type>
    <owner>dotcms.org.1</owner>
    <inode>ca1e91b2-6d8c-47fd-a410-462da6fa7ecf</inode>
    <identifier>a16fa53e-7b34-458f-ab15-6ec814533515</identifier>
    <name>services</name>
    <sortOrder>2</sortOrder>
    <showOnMenu>true</showOnMenu>
    <hostId>48190c8c-42c4-46af-8d1a-0cd5db894797</hostId>
    <title>Services</title>
    <filesMasks></filesMasks>
    <defaultFileType>33888b6f-7a8e-4069-b1b6-5c1aa9d0a48d</defaultFileType>
    <modDate class="sql-timestamp">2014-03-21 14:11:18.793413</modDate>
  </com.dotmarketing.portlets.folders.model.Folder>
  <com.dotmarketing.portlets.folders.model.Folder>
    <iDate class="sql-timestamp">2011-06-28 16:15:50.436</iDate>
    <type>folder</type>
    <owner>dotcms.org.1</owner>
    <inode>966b155a-eb6f-4be6-9047-4f41f2c8efbb</inode>
    <identifier>b8473948-b953-40ca-b31a-2dad39ecfab6</identifier>
    <name>products</name>
    <sortOrder>1</sortOrder>
    <showOnMenu>true</showOnMenu>
    <hostId>48190c8c-42c4-46af-8d1a-0cd5db894797</hostId>
    <title>Products</title>
    <filesMasks></filesMasks>
    <defaultFileType>33888b6f-7a8e-4069-b1b6-5c1aa9d0a48d</defaultFileType>
    <modDate class="sql-timestamp">2014-03-21 14:11:18.793413</modDate>
  </com.dotmarketing.portlets.folders.model.Folder>
  <com.dotmarketing.portlets.folders.model.Folder>
    <iDate class="sql-timestamp">2011-06-28 16:15:26.846</iDate>
    <type>folder</type>
    <inode>1049e7fe-1553-4731-bdf9-ba069f1dc08b</inode>
    <identifier>5381b311-a97c-4f04-ae7f-db0005183f3e</identifier>
    <name>about-us</name>
    <sortOrder>0</sortOrder>
    <showOnMenu>true</showOnMenu>
    <hostId>48190c8c-42c4-46af-8d1a-0cd5db894797</hostId>
    <title>About Us</title>
    <filesMasks></filesMasks>
    <defaultFileType>33888b6f-7a8e-4069-b1b6-5c1aa9d0a48d</defaultFileType>
    <modDate class="sql-timestamp">2014-03-21 14:11:18.793413</modDate>
  </com.dotmarketing.portlets.folders.model.Folder>
  <com.dotmarketing.portlets.folders.model.Folder>
    <iDate class="sql-timestamp">2010-02-09 20:22:28.0</iDate>
    <type>folder</type>
    <inode>a1ea5a05-2460-4544-ae6a-f25f37a11db1</inode>
    <identifier>303c6685-2405-4ebd-9043-b2cc26cce624</identifier>
    <name>home</name>
    <sortOrder>0</sortOrder>
    <showOnMenu>false</showOnMenu>
    <hostId>48190c8c-42c4-46af-8d1a-0cd5db894797</hostId>
    <title>Home</title>
    <filesMasks></filesMasks>
    <defaultFileType>33888b6f-7a8e-4069-b1b6-5c1aa9d0a48d</defaultFileType>
    <modDate class="sql-timestamp">2014-03-21 14:11:18.793413</modDate>
  </com.dotmarketing.portlets.folders.model.Folder>
  <com.dotmarketing.portlets.folders.model.Folder>
    <iDate class="sql-timestamp">2009-10-08 20:27:18.0</iDate>
    <type>folder</type>
    <inode>SYSTEM_FOLDER</inode>
    <identifier>bc9a1d37-dd2d-4d49-a29d-0c9be740bfaf</identifier>
    <name>system folder</name>
    <sortOrder>0</sortOrder>
    <showOnMenu>false</showOnMenu>
    <hostId>SYSTEM_HOST</hostId>
    <title>System folder</title>
    <filesMasks></filesMasks>
    <defaultFileType>33888b6f-7a8e-4069-b1b6-5c1aa9d0a48d</defaultFileType>
    <modDate class="sql-timestamp">2014-03-21 14:11:18.793413</modDate>
  </com.dotmarketing.portlets.folders.model.Folder>
</list>