<list>
  <com.dotmarketing.portlets.containers.model.ContainerVersionInfo>
    <identifier>18b44489-f942-40ed-90d9-f20dbdfe689e</identifier>
    <liveInode>c5f16dbc-4cd1-46b3-aece-a754f37dca55</liveInode>
    <workingInode>c5f16dbc-4cd1-46b3-aece-a754f37dca55</workingInode>
    <lockedOn class="sql-timestamp">2012-06-27 10:12:47.849</lockedOn>
    <deleted>false</deleted>
    <versionTs class="sql-timestamp">2012-06-27 10:12:47.851</versionTs>
  </com.dotmarketing.portlets.containers.model.ContainerVersionInfo>
  <com.dotmarketing.portlets.containers.model.ContainerVersionInfo>
    <identifier>214d7269-242b-4cf5-a3d7-59052d81e540</identifier>
    <liveInode>208f0265-1a00-4c6a-bf2d-17e4a128c468</liveInode>
    <workingInode>208f0265-1a00-4c6a-bf2d-17e4a128c468</workingInode>
    <lockedOn class="sql-timestamp">2012-03-02 00:00:00.0</lockedOn>
    <deleted>false</deleted>
    <versionTs class="sql-timestamp">2012-05-04 13:38:27.842488</versionTs>
  </com.dotmarketing.portlets.containers.model.ContainerVersionInfo>
  <com.dotmarketing.portlets.containers.model.ContainerVersionInfo>
    <identifier>3f0255e8-b45d-46ea-8bb7-eb6597db4c1e</identifier>
    <liveInode>7ce7ceb5-2de1-49db-8623-a6d7615b98d7</liveInode>
    <workingInode>7ce7ceb5-2de1-49db-8623-a6d7615b98d7</workingInode>
    <lockedOn class="sql-timestamp">2012-03-01 00:00:00.0</lockedOn>
    <deleted>false</deleted>
    <versionTs class="sql-timestamp">2012-05-04 13:38:27.842488</versionTs>
  </com.dotmarketing.portlets.containers.model.ContainerVersionInfo>
  <com.dotmarketing.portlets.containers.model.ContainerVersionInfo>
    <identifier>55aca12f-0d1c-4733-aae3-28b96cf36895</identifier>
    <liveInode>acccf8de-ff53-425f-b687-57904b770a64</liveInode>
    <workingInode>acccf8de-ff53-425f-b687-57904b770a64</workingInode>
    <lockedOn class="sql-timestamp">2012-03-27 00:00:00.0</lockedOn>
    <deleted>false</deleted>
    <versionTs class="sql-timestamp">2012-05-04 13:38:27.842488</versionTs>
  </com.dotmarketing.portlets.containers.model.ContainerVersionInfo>
  <com.dotmarketing.portlets.containers.model.ContainerVersionInfo>
    <identifier>56bd55ea-b04b-480d-9e37-5d6f9217dcc3</identifier>
    <liveInode>99f668a6-0dd7-4288-94cf-7ac9bf0f287d</liveInode>
    <workingInode>99f668a6-0dd7-4288-94cf-7ac9bf0f287d</workingInode>
    <lockedOn class="sql-timestamp">2012-06-22 14:53:27.293</lockedOn>
    <deleted>false</deleted>
    <versionTs class="sql-timestamp">2012-06-22 14:53:27.294</versionTs>
  </com.dotmarketing.portlets.containers.model.ContainerVersionInfo>
  <com.dotmarketing.portlets.containers.model.ContainerVersionInfo>
    <identifier>5d40ab00-33c0-429f-9d97-9608236cf22f</identifier>
    <liveInode>e8323f6d-2293-4850-9f6b-79376679be64</liveInode>
    <workingInode>e8323f6d-2293-4850-9f6b-79376679be64</workingInode>
    <lockedOn class="sql-timestamp">2012-07-09 17:09:14.896</lockedOn>
    <deleted>false</deleted>
    <versionTs class="sql-timestamp">2012-07-09 17:09:14.897</versionTs>
  </com.dotmarketing.portlets.containers.model.ContainerVersionInfo>
  <com.dotmarketing.portlets.containers.model.ContainerVersionInfo>
    <identifier>5eb11b21-6b13-4fb8-a823-1de20bba56c0</identifier>
    <liveInode>e72b39e8-c30d-4bd6-a0f9-7d3480b38782</liveInode>
    <workingInode>e72b39e8-c30d-4bd6-a0f9-7d3480b38782</workingInode>
    <lockedOn class="sql-timestamp">2012-03-12 00:00:00.0</lockedOn>
    <deleted>false</deleted>
    <versionTs class="sql-timestamp">2012-05-04 13:38:27.842488</versionTs>
  </com.dotmarketing.portlets.containers.model.ContainerVersionInfo>
  <com.dotmarketing.portlets.containers.model.ContainerVersionInfo>
    <identifier>685132f6-12a6-45d0-a4e4-99f14ebce429</identifier>
    <liveInode>cdb40b63-4222-4d19-b2e8-6fa9168e1334</liveInode>
    <workingInode>cdb40b63-4222-4d19-b2e8-6fa9168e1334</workingInode>
    <lockedOn class="sql-timestamp">2012-06-27 10:11:37.996</lockedOn>
    <deleted>false</deleted>
    <versionTs class="sql-timestamp">2012-06-27 10:11:37.998</versionTs>
  </com.dotmarketing.portlets.containers.model.ContainerVersionInfo>
  <com.dotmarketing.portlets.containers.model.ContainerVersionInfo>
    <identifier>6a12bbda-0ae2-4121-a98b-ad8069eaff3a</identifier>
    <liveInode>549b3d10-7fd2-4e5e-b034-d20691ef0023</liveInode>
    <workingInode>549b3d10-7fd2-4e5e-b034-d20691ef0023</workingInode>
    <lockedOn class="sql-timestamp">2012-04-27 00:00:00.0</lockedOn>
    <deleted>false</deleted>
    <versionTs class="sql-timestamp">2012-05-04 13:38:27.842488</versionTs>
  </com.dotmarketing.portlets.containers.model.ContainerVersionInfo>
  <com.dotmarketing.portlets.containers.model.ContainerVersionInfo>
    <identifier>8f17696b-4e25-46b6-94b1-66c849a28bbe</identifier>
    <liveInode>c66e0e9c-2f28-460e-bb56-28b164137ef3</liveInode>
    <workingInode>c66e0e9c-2f28-460e-bb56-28b164137ef3</workingInode>
    <lockedOn class="sql-timestamp">2012-01-27 00:00:00.0</lockedOn>
    <deleted>false</deleted>
    <versionTs class="sql-timestamp">2012-05-04 13:38:27.842488</versionTs>
  </com.dotmarketing.portlets.containers.model.ContainerVersionInfo>
  <com.dotmarketing.portlets.containers.model.ContainerVersionInfo>
    <identifier>a6e9652b-8183-4c09-b775-26196b09a300</identifier>
    <liveInode>ae67637a-e2dd-4bfe-8347-c2036ca35526</liveInode>
    <workingInode>ae67637a-e2dd-4bfe-8347-c2036ca35526</workingInode>
    <lockedOn class="sql-timestamp">2012-01-27 00:00:00.0</lockedOn>
    <deleted>false</deleted>
    <versionTs class="sql-timestamp">2012-05-04 13:38:27.842488</versionTs>
  </com.dotmarketing.portlets.containers.model.ContainerVersionInfo>
  <com.dotmarketing.portlets.containers.model.ContainerVersionInfo>
    <identifier>ab7d4317-68da-45ea-addc-9a57c69b8a24</identifier>
    <liveInode>56bed26b-f4a5-4bce-8fcb-fd88377cd1e6</liveInode>
    <workingInode>56bed26b-f4a5-4bce-8fcb-fd88377cd1e6</workingInode>
    <lockedOn class="sql-timestamp">2012-04-04 00:00:00.0</lockedOn>
    <deleted>false</deleted>
    <versionTs class="sql-timestamp">2012-05-04 13:38:27.842488</versionTs>
  </com.dotmarketing.portlets.containers.model.ContainerVersionInfo>
  <com.dotmarketing.portlets.containers.model.ContainerVersionInfo>
    <identifier>afc45ad4-ee91-43a8-9562-3f9f7060e362</identifier>
    <liveInode>b4482c66-4540-4fe2-9c94-a56e2d57b8c9</liveInode>
    <workingInode>b4482c66-4540-4fe2-9c94-a56e2d57b8c9</workingInode>
    <lockedOn class="sql-timestamp">2012-07-03 13:52:30.347</lockedOn>
    <deleted>false</deleted>
    <versionTs class="sql-timestamp">2012-07-03 13:52:30.348</versionTs>
  </com.dotmarketing.portlets.containers.model.ContainerVersionInfo>
  <com.dotmarketing.portlets.containers.model.ContainerVersionInfo>
    <identifier>c7776bbb-d38a-43a1-af3b-6cfa36ba9747</identifier>
    <liveInode>d010f44f-8396-4541-986d-2cd236406049</liveInode>
    <workingInode>d010f44f-8396-4541-986d-2cd236406049</workingInode>
    <lockedOn class="sql-timestamp">2012-06-25 14:55:42.229</lockedOn>
    <deleted>false</deleted>
    <versionTs class="sql-timestamp">2012-06-25 14:55:42.232</versionTs>
  </com.dotmarketing.portlets.containers.model.ContainerVersionInfo>
  <com.dotmarketing.portlets.containers.model.ContainerVersionInfo>
    <identifier>f1ba7688-453c-4c0d-a214-e5ac802b8034</identifier>
    <liveInode>90198d54-2b54-4bae-bf02-615c1203900b</liveInode>
    <workingInode>90198d54-2b54-4bae-bf02-615c1203900b</workingInode>
    <lockedOn class="sql-timestamp">2012-01-31 00:00:00.0</lockedOn>
    <deleted>false</deleted>
    <versionTs class="sql-timestamp">2012-05-04 13:38:27.842488</versionTs>
  </com.dotmarketing.portlets.containers.model.ContainerVersionInfo>
</list>