<list>
  <com.dotmarketing.portlets.links.model.Link>
    <iDate class="sql-timestamp">2012-02-03 13:05:13.325</iDate>
    <type>links</type>
    <owner></owner>
    <inode>35f0fcd2-f8de-4df6-ab1b-78d9246404f2</inode>
    <identifier>40018c9e-8a34-4178-91d4-eeb9d93aa94a</identifier>
    <title>Upcoming Events</title>
    <friendlyName>Upcoming Events</friendlyName>
    <modDate class="sql-timestamp">2012-02-03 13:05:13.379</modDate>
    <modUser>dotcms.org.1</modUser>
    <sortOrder>4</sortOrder>
    <showOnMenu>true</showOnMenu>
    <parent></parent>
    <protocal>http://</protocal>
    <url>demo.dotcms.com/events/index.html</url>
    <target></target>
    <internalLinkIdentifier>a9aaca31-e460-45f3-a150-2c709796362d</internalLinkIdentifier>
    <linkType>INTERNAL</linkType>
    <linkCode></linkCode>
  </com.dotmarketing.portlets.links.model.Link>
  <com.dotmarketing.portlets.links.model.Link>
    <iDate class="sql-timestamp">2011-11-15 09:43:42.199</iDate>
    <type>links</type>
    <owner>dotcms.org.1</owner>
    <inode>70e22459-4712-4d33-977f-13d6f84b1a81</inode>
    <identifier>dfbc38c1-3304-4c87-bfea-da8112a36074</identifier>
    <title>News &amp; Headlines</title>
    <friendlyName>News &amp;amp; Headlines</friendlyName>
    <modDate class="sql-timestamp">2012-02-03 13:03:31.009</modDate>
    <modUser>dotcms.org.1</modUser>
    <sortOrder>3</sortOrder>
    <showOnMenu>true</showOnMenu>
    <parent></parent>
    <protocal>http://</protocal>
    <url>demo.dotcms.com/news/index.html</url>
    <target></target>
    <internalLinkIdentifier>dc9d1fcc-a499-44d8-a7f2-397f3da360b6</internalLinkIdentifier>
    <linkType>INTERNAL</linkType>
    <linkCode></linkCode>
  </com.dotmarketing.portlets.links.model.Link>
  <com.dotmarketing.portlets.links.model.Link>
    <iDate class="sql-timestamp">2011-12-16 14:37:21.532</iDate>
    <type>links</type>
    <owner></owner>
    <inode>42401fdc-90bd-4354-9db6-3ed7148c8a3c</inode>
    <identifier>14343a01-11c1-4d98-a2a1-2fc8cfcd92ea</identifier>
    <title>Insight Blog</title>
    <friendlyName>Team Blog</friendlyName>
    <modDate class="sql-timestamp">2011-12-16 14:37:21.577</modDate>
    <modUser>dotcms.org.1</modUser>
    <sortOrder>4</sortOrder>
    <showOnMenu>true</showOnMenu>
    <parent></parent>
    <protocal>http://</protocal>
    <url>demo.dotcms.com/blogs/index.html</url>
    <target></target>
    <internalLinkIdentifier>9c5f42da-31b1-4935-9df6-153f5de1bdf2</internalLinkIdentifier>
    <linkType>INTERNAL</linkType>
    <linkCode></linkCode>
  </com.dotmarketing.portlets.links.model.Link>
  <com.dotmarketing.portlets.links.model.Link>
    <iDate class="sql-timestamp">2012-01-20 11:51:34.882</iDate>
    <type>links</type>
    <owner></owner>
    <inode>3e9956a6-5350-448e-8c05-21319e49b2f7</inode>
    <identifier>622820fe-1b31-4498-b0f2-b7af238a8c8d</identifier>
    <title>Follow us on Twitter</title>
    <friendlyName>Follow us on Twitter</friendlyName>
    <modDate class="sql-timestamp">2012-01-20 16:19:00.361</modDate>
    <modUser>dotcms.org.1</modUser>
    <sortOrder>4</sortOrder>
    <showOnMenu>true</showOnMenu>
    <parent></parent>
    <protocal>http://</protocal>
    <url>twitter.com/dotCMS</url>
    <target>_blank</target>
    <internalLinkIdentifier></internalLinkIdentifier>
    <linkType>EXTERNAL</linkType>
    <linkCode></linkCode>
  </com.dotmarketing.portlets.links.model.Link>
</list>