<list>
  <com.dotmarketing.portlets.dashboard.model.DashboardSummaryVisits>
    <id>1</id>
    <summaryPeriod>
      <id>1</id>
      <fullDate class="sql-timestamp">2010-12-15 00:00:00.0</fullDate>
      <day>15</day>
      <dayName>Wednesday</dayName>
      <week>3</week>
      <month>12</month>
      <monthName>December</monthName>
      <year>2010</year>
    </summaryPeriod>
    <hostId>48190c8c-42c4-46af-8d1a-0cd5db894797</hostId>
    <visitTime class="sql-timestamp">2010-12-15 11:00:00.0</visitTime>
    <visits>2</visits>
  </com.dotmarketing.portlets.dashboard.model.DashboardSummaryVisits>
  <com.dotmarketing.portlets.dashboard.model.DashboardSummaryVisits>
    <id>2</id>
    <summaryPeriod>
      <id>2</id>
      <fullDate class="sql-timestamp">2010-12-16 00:00:00.0</fullDate>
      <day>16</day>
      <dayName>Thusday</dayName>
      <week>3</week>
      <month>12</month>
      <monthName>December</monthName>
      <year>2010</year>
    </summaryPeriod>
    <hostId>48190c8c-42c4-46af-8d1a-0cd5db894797</hostId>
    <visitTime class="sql-timestamp">2010-12-16 08:00:00.0</visitTime>
    <visits>1</visits>
  </com.dotmarketing.portlets.dashboard.model.DashboardSummaryVisits>
  <com.dotmarketing.portlets.dashboard.model.DashboardSummaryVisits>
    <id>3</id>
    <summaryPeriod reference="../../com.dotmarketing.portlets.dashboard.model.DashboardSummaryVisits[2]/summaryPeriod"/>
    <hostId>48190c8c-42c4-46af-8d1a-0cd5db894797</hostId>
    <visitTime class="sql-timestamp">2010-12-16 10:00:00.0</visitTime>
    <visits>1</visits>
  </com.dotmarketing.portlets.dashboard.model.DashboardSummaryVisits>
  <com.dotmarketing.portlets.dashboard.model.DashboardSummaryVisits>
    <id>4</id>
    <summaryPeriod reference="../../com.dotmarketing.portlets.dashboard.model.DashboardSummaryVisits[2]/summaryPeriod"/>
    <hostId>48190c8c-42c4-46af-8d1a-0cd5db894797</hostId>
    <visitTime class="sql-timestamp">2010-12-16 17:00:00.0</visitTime>
    <visits>1</visits>
  </com.dotmarketing.portlets.dashboard.model.DashboardSummaryVisits>
  <com.dotmarketing.portlets.dashboard.model.DashboardSummaryVisits>
    <id>5</id>
    <summaryPeriod>
      <id>3</id>
      <fullDate class="sql-timestamp">2010-12-17 00:00:00.0</fullDate>
      <day>17</day>
      <dayName>Friday</dayName>
      <week>3</week>
      <month>12</month>
      <monthName>December</monthName>
      <year>2010</year>
    </summaryPeriod>
    <hostId>48190c8c-42c4-46af-8d1a-0cd5db894797</hostId>
    <visitTime class="sql-timestamp">2010-12-17 08:00:00.0</visitTime>
    <visits>1</visits>
  </com.dotmarketing.portlets.dashboard.model.DashboardSummaryVisits>
  <com.dotmarketing.portlets.dashboard.model.DashboardSummaryVisits>
    <id>6</id>
    <summaryPeriod>
      <id>4</id>
      <fullDate class="sql-timestamp">2010-12-18 00:00:00.0</fullDate>
      <day>18</day>
      <dayName>Saturday</dayName>
      <week>3</week>
      <month>12</month>
      <monthName>December</monthName>
      <year>2010</year>
    </summaryPeriod>
    <hostId>48190c8c-42c4-46af-8d1a-0cd5db894797</hostId>
    <visitTime class="sql-timestamp">2010-12-18 09:00:00.0</visitTime>
    <visits>1</visits>
  </com.dotmarketing.portlets.dashboard.model.DashboardSummaryVisits>
  <com.dotmarketing.portlets.dashboard.model.DashboardSummaryVisits>
    <id>7</id>
    <summaryPeriod>
      <id>5</id>
      <fullDate class="sql-timestamp">2010-12-21 00:00:00.0</fullDate>
      <day>21</day>
      <dayName>Tuesday</dayName>
      <week>4</week>
      <month>12</month>
      <monthName>December</monthName>
      <year>2010</year>
    </summaryPeriod>
    <hostId>48190c8c-42c4-46af-8d1a-0cd5db894797</hostId>
    <visitTime class="sql-timestamp">2010-12-21 13:00:00.0</visitTime>
    <visits>2</visits>
  </com.dotmarketing.portlets.dashboard.model.DashboardSummaryVisits>
  <com.dotmarketing.portlets.dashboard.model.DashboardSummaryVisits>
    <id>8</id>
    <summaryPeriod reference="../../com.dotmarketing.portlets.dashboard.model.DashboardSummaryVisits[7]/summaryPeriod"/>
    <hostId>48190c8c-42c4-46af-8d1a-0cd5db894797</hostId>
    <visitTime class="sql-timestamp">2010-12-21 17:00:00.0</visitTime>
    <visits>1</visits>
  </com.dotmarketing.portlets.dashboard.model.DashboardSummaryVisits>
  <com.dotmarketing.portlets.dashboard.model.DashboardSummaryVisits>
    <id>9</id>
    <summaryPeriod>
      <id>6</id>
      <fullDate class="sql-timestamp">2010-12-28 00:00:00.0</fullDate>
      <day>28</day>
      <dayName>Tuesday</dayName>
      <week>5</week>
      <month>12</month>
      <monthName>December</monthName>
      <year>2010</year>
    </summaryPeriod>
    <hostId>48190c8c-42c4-46af-8d1a-0cd5db894797</hostId>
    <visitTime class="sql-timestamp">2010-12-28 11:00:00.0</visitTime>
    <visits>2</visits>
  </com.dotmarketing.portlets.dashboard.model.DashboardSummaryVisits>
</list>