<list>
  <com.dotmarketing.beans.TemplateContainers>
    <id>030d37ee-f96e-4dde-877f-bef72798c04d</id>
    <templateId>32d79748-2172-47f9-a407-8395f41c9d5e</templateId>
    <containerId>f1ba7688-453c-4c0d-a214-e5ac802b8034</containerId>
  </com.dotmarketing.beans.TemplateContainers>
  <com.dotmarketing.beans.TemplateContainers>
    <id>070594a8-1d24-4f5e-9ac8-2897a1adb79c</id>
    <templateId>206ab018-77e2-47dd-ab3c-e8dc6feceab3</templateId>
    <containerId>56bd55ea-b04b-480d-9e37-5d6f9217dcc3</containerId>
  </com.dotmarketing.beans.TemplateContainers>
  <com.dotmarketing.beans.TemplateContainers>
    <id>08ee3f74-5df5-45ba-878e-bba73965160a</id>
    <templateId>8660b482-1ef6-4d00-9459-3996e703ba19</templateId>
    <containerId>5eb11b21-6b13-4fb8-a823-1de20bba56c0</containerId>
  </com.dotmarketing.beans.TemplateContainers>
  <com.dotmarketing.beans.TemplateContainers>
    <id>1ad2d3b2-0329-48c4-9e96-fbb6216a43aa</id>
    <templateId>8380507e-9491-4e53-9a66-28b2754ac9e9</templateId>
    <containerId>56bd55ea-b04b-480d-9e37-5d6f9217dcc3</containerId>
  </com.dotmarketing.beans.TemplateContainers>
  <com.dotmarketing.beans.TemplateContainers>
    <id>2380c94a-d9aa-4b58-9faa-6e1e747ce5b4</id>
    <templateId>7623ea3e-c0e6-46d8-8db6-9070f7bfc342</templateId>
    <containerId>56bd55ea-b04b-480d-9e37-5d6f9217dcc3</containerId>
  </com.dotmarketing.beans.TemplateContainers>
  <com.dotmarketing.beans.TemplateContainers>
    <id>24253702-906d-4245-989f-9f7ea2f5f8ef</id>
    <templateId>8380507e-9491-4e53-9a66-28b2754ac9e9</templateId>
    <containerId>6a12bbda-0ae2-4121-a98b-ad8069eaff3a</containerId>
  </com.dotmarketing.beans.TemplateContainers>
  <com.dotmarketing.beans.TemplateContainers>
    <id>2f6dc9aa-1538-4791-91be-89536730fa59</id>
    <templateId>8660b482-1ef6-4d00-9459-3996e703ba19</templateId>
    <containerId>56bd55ea-b04b-480d-9e37-5d6f9217dcc3</containerId>
  </com.dotmarketing.beans.TemplateContainers>
  <com.dotmarketing.beans.TemplateContainers>
    <id>3127889b-ec5d-4d0a-b7c7-cab2324b69d1</id>
    <templateId>a0ead91b-fd4c-4182-abc8-a6d173a07ab4</templateId>
    <containerId>56bd55ea-b04b-480d-9e37-5d6f9217dcc3</containerId>
  </com.dotmarketing.beans.TemplateContainers>
  <com.dotmarketing.beans.TemplateContainers>
    <id>3d50e4b3-c474-48ae-9078-dad9e2a57c1e</id>
    <templateId>959821e3-83d4-4de6-826d-7395a6ce6f97</templateId>
    <containerId>56bd55ea-b04b-480d-9e37-5d6f9217dcc3</containerId>
  </com.dotmarketing.beans.TemplateContainers>
  <com.dotmarketing.beans.TemplateContainers>
    <id>3db02335-00cf-4728-a66e-12fb7c9d101a</id>
    <templateId>003d08f4-e0c9-4bc7-9949-b686301338ba</templateId>
    <containerId>56bd55ea-b04b-480d-9e37-5d6f9217dcc3</containerId>
  </com.dotmarketing.beans.TemplateContainers>
  <com.dotmarketing.beans.TemplateContainers>
    <id>3dda31da-01da-4774-bec1-6be816b3895c</id>
    <templateId>a0ead91b-fd4c-4182-abc8-a6d173a07ab4</templateId>
    <containerId>afc45ad4-ee91-43a8-9562-3f9f7060e362</containerId>
  </com.dotmarketing.beans.TemplateContainers>
  <com.dotmarketing.beans.TemplateContainers>
    <id>4705ac7f-d087-4d89-8dac-601d69a3baed</id>
    <templateId>d30a0347-7473-49ab-b67d-cc7a972f4d59</templateId>
    <containerId>b590d738-8bf9-42b0-a8dd-5787a4e20962</containerId>
  </com.dotmarketing.beans.TemplateContainers>
  <com.dotmarketing.beans.TemplateContainers>
    <id>47f8948e-9e12-46e6-a85a-6cb85fd7fd34</id>
    <templateId>32d79748-2172-47f9-a407-8395f41c9d5e</templateId>
    <containerId>5eb11b21-6b13-4fb8-a823-1de20bba56c0</containerId>
  </com.dotmarketing.beans.TemplateContainers>
  <com.dotmarketing.beans.TemplateContainers>
    <id>4b4ba77c-7ffd-4e3c-90ff-ed52106db0f9</id>
    <templateId>206ab018-77e2-47dd-ab3c-e8dc6feceab3</templateId>
    <containerId>18b44489-f942-40ed-90d9-f20dbdfe689e</containerId>
  </com.dotmarketing.beans.TemplateContainers>
  <com.dotmarketing.beans.TemplateContainers>
    <id>50aee6e0-d50f-4477-9167-d3cd69e9b48e</id>
    <templateId>003d08f4-e0c9-4bc7-9949-b686301338ba</templateId>
    <containerId>afc45ad4-ee91-43a8-9562-3f9f7060e362</containerId>
  </com.dotmarketing.beans.TemplateContainers>
  <com.dotmarketing.beans.TemplateContainers>
    <id>545b682f-aa31-4a92-9acc-cc8627c3a5ca</id>
    <templateId>ade7c405-fb68-437b-bb38-b0b04502861e</templateId>
    <containerId>56bd55ea-b04b-480d-9e37-5d6f9217dcc3</containerId>
  </com.dotmarketing.beans.TemplateContainers>
  <com.dotmarketing.beans.TemplateContainers>
    <id>56f86903-5d0c-4d79-9dcd-273e17cb92ad</id>
    <templateId>8380507e-9491-4e53-9a66-28b2754ac9e9</templateId>
    <containerId>a6e9652b-8183-4c09-b775-26196b09a300</containerId>
  </com.dotmarketing.beans.TemplateContainers>
  <com.dotmarketing.beans.TemplateContainers>
    <id>5f9aea36-2f86-419f-93c5-620499215165</id>
    <templateId>9396ac6a-d32c-4539-966e-c776e7562cfb</templateId>
    <containerId>56bd55ea-b04b-480d-9e37-5d6f9217dcc3</containerId>
  </com.dotmarketing.beans.TemplateContainers>
  <com.dotmarketing.beans.TemplateContainers>
    <id>6071368f-6a16-4fa0-b872-44d924f9504c</id>
    <templateId>003d08f4-e0c9-4bc7-9949-b686301338ba</templateId>
    <containerId>18b44489-f942-40ed-90d9-f20dbdfe689e</containerId>
  </com.dotmarketing.beans.TemplateContainers>
  <com.dotmarketing.beans.TemplateContainers>
    <id>64d1b0e0-0537-4ee3-9645-fb75eae9b8d5</id>
    <templateId>0a1cf815-ac9a-4619-9100-19631b739776</templateId>
    <containerId>55aca12f-0d1c-4733-aae3-28b96cf36895</containerId>
  </com.dotmarketing.beans.TemplateContainers>
  <com.dotmarketing.beans.TemplateContainers>
    <id>6645458a-a433-4dc7-bb98-54c8e8d8b256</id>
    <templateId>32d79748-2172-47f9-a407-8395f41c9d5e</templateId>
    <containerId>3f0255e8-b45d-46ea-8bb7-eb6597db4c1e</containerId>
  </com.dotmarketing.beans.TemplateContainers>
  <com.dotmarketing.beans.TemplateContainers>
    <id>7049f30b-0c8f-42f1-976a-dc6d68943560</id>
    <templateId>8380507e-9491-4e53-9a66-28b2754ac9e9</templateId>
    <containerId>f1ba7688-453c-4c0d-a214-e5ac802b8034</containerId>
  </com.dotmarketing.beans.TemplateContainers>
  <com.dotmarketing.beans.TemplateContainers>
    <id>75a8e413-6119-4a85-a764-21609c18b7f7</id>
    <templateId>9341b41d-e4d8-4ac3-bcca-5ac241db4f5d</templateId>
    <containerId>c7776bbb-d38a-43a1-af3b-6cfa36ba9747</containerId>
  </com.dotmarketing.beans.TemplateContainers>
  <com.dotmarketing.beans.TemplateContainers>
    <id>75d29e12-4cf6-4c60-9add-d5f4624acac6</id>
    <templateId>ade7c405-fb68-437b-bb38-b0b04502861e</templateId>
    <containerId>5eb11b21-6b13-4fb8-a823-1de20bba56c0</containerId>
  </com.dotmarketing.beans.TemplateContainers>
  <com.dotmarketing.beans.TemplateContainers>
    <id>805271b9-a9dd-4ca6-9d20-5664df6d3268</id>
    <templateId>a0ead91b-fd4c-4182-abc8-a6d173a07ab4</templateId>
    <containerId>18b44489-f942-40ed-90d9-f20dbdfe689e</containerId>
  </com.dotmarketing.beans.TemplateContainers>
  <com.dotmarketing.beans.TemplateContainers>
    <id>82bb069b-a6c6-4fbb-ae98-84ac667a3cac</id>
    <templateId>993d1322-b209-4720-b4c7-a0f816c49df8</templateId>
    <containerId>5d40ab00-33c0-429f-9d97-9608236cf22f</containerId>
  </com.dotmarketing.beans.TemplateContainers>
  <com.dotmarketing.beans.TemplateContainers>
    <id>85cfbf9f-f802-4f46-9aeb-7181a6886a36</id>
    <templateId>206ab018-77e2-47dd-ab3c-e8dc6feceab3</templateId>
    <containerId>5eb11b21-6b13-4fb8-a823-1de20bba56c0</containerId>
  </com.dotmarketing.beans.TemplateContainers>
  <com.dotmarketing.beans.TemplateContainers>
    <id>8b6b108b-db2a-4a73-82e2-fc1440beb8d3</id>
    <templateId>0a1cf815-ac9a-4619-9100-19631b739776</templateId>
    <containerId>5d40ab00-33c0-429f-9d97-9608236cf22f</containerId>
  </com.dotmarketing.beans.TemplateContainers>
  <com.dotmarketing.beans.TemplateContainers>
    <id>97782e1d-4f89-412a-9104-b1fee4e377fe</id>
    <templateId>a9026cb3-f34e-4052-95b3-5dc087172677</templateId>
    <containerId>5eb11b21-6b13-4fb8-a823-1de20bba56c0</containerId>
  </com.dotmarketing.beans.TemplateContainers>
  <com.dotmarketing.beans.TemplateContainers>
    <id>9a0cc7da-fb78-4269-a4d2-2bbebd19bf1b</id>
    <templateId>206ab018-77e2-47dd-ab3c-e8dc6feceab3</templateId>
    <containerId>afc45ad4-ee91-43a8-9562-3f9f7060e362</containerId>
  </com.dotmarketing.beans.TemplateContainers>
  <com.dotmarketing.beans.TemplateContainers>
    <id>9b32f814-3d23-4afb-b364-b336798b0173</id>
    <templateId>ade7c405-fb68-437b-bb38-b0b04502861e</templateId>
    <containerId>a6e9652b-8183-4c09-b775-26196b09a300</containerId>
  </com.dotmarketing.beans.TemplateContainers>
  <com.dotmarketing.beans.TemplateContainers>
    <id>9d85ab55-1c1c-47a4-9fa4-5bf699e88b51</id>
    <templateId>9396ac6a-d32c-4539-966e-c776e7562cfb</templateId>
    <containerId>5eb11b21-6b13-4fb8-a823-1de20bba56c0</containerId>
  </com.dotmarketing.beans.TemplateContainers>
  <com.dotmarketing.beans.TemplateContainers>
    <id>a3a33be8-519a-4e62-907c-c334ff97342e</id>
    <templateId>a9026cb3-f34e-4052-95b3-5dc087172677</templateId>
    <containerId>b590d738-8bf9-42b0-a8dd-5787a4e20962</containerId>
  </com.dotmarketing.beans.TemplateContainers>
  <com.dotmarketing.beans.TemplateContainers>
    <id>a7b973b3-bec6-46be-9c9a-1f5ddbcac096</id>
    <templateId>d30a0347-7473-49ab-b67d-cc7a972f4d59</templateId>
    <containerId>56bd55ea-b04b-480d-9e37-5d6f9217dcc3</containerId>
  </com.dotmarketing.beans.TemplateContainers>
  <com.dotmarketing.beans.TemplateContainers>
    <id>abd85147-88ff-4ee3-aa4b-8ae14ad8d108</id>
    <templateId>a9026cb3-f34e-4052-95b3-5dc087172677</templateId>
    <containerId>56bd55ea-b04b-480d-9e37-5d6f9217dcc3</containerId>
  </com.dotmarketing.beans.TemplateContainers>
  <com.dotmarketing.beans.TemplateContainers>
    <id>b2f6fe0c-be2d-442e-ae56-5309e6c79f74</id>
    <templateId>ade7c405-fb68-437b-bb38-b0b04502861e</templateId>
    <containerId>8f17696b-4e25-46b6-94b1-66c849a28bbe</containerId>
  </com.dotmarketing.beans.TemplateContainers>
  <com.dotmarketing.beans.TemplateContainers>
    <id>b761391c-ae53-413a-b928-b9848574c55e</id>
    <templateId>206ab018-77e2-47dd-ab3c-e8dc6feceab3</templateId>
    <containerId>685132f6-12a6-45d0-a4e4-99f14ebce429</containerId>
  </com.dotmarketing.beans.TemplateContainers>
  <com.dotmarketing.beans.TemplateContainers>
    <id>b99390b8-bd9c-4eed-9a08-bf1b3a0313af</id>
    <templateId>0f2d2e2d-ecdd-4b6a-9692-1f511b81af5e</templateId>
    <containerId>c7776bbb-d38a-43a1-af3b-6cfa36ba9747</containerId>
  </com.dotmarketing.beans.TemplateContainers>
  <com.dotmarketing.beans.TemplateContainers>
    <id>c0b27a95-5d4a-4666-b99e-5e1888f698e0</id>
    <templateId>8380507e-9491-4e53-9a66-28b2754ac9e9</templateId>
    <containerId>8f17696b-4e25-46b6-94b1-66c849a28bbe</containerId>
  </com.dotmarketing.beans.TemplateContainers>
  <com.dotmarketing.beans.TemplateContainers>
    <id>c5350e89-5267-40e4-8c02-1df36d844875</id>
    <templateId>a9026cb3-f34e-4052-95b3-5dc087172677</templateId>
    <containerId>f1ba7688-453c-4c0d-a214-e5ac802b8034</containerId>
  </com.dotmarketing.beans.TemplateContainers>
  <com.dotmarketing.beans.TemplateContainers>
    <id>c823231d-ce63-4e72-a111-7319aae7049c</id>
    <templateId>9341b41d-e4d8-4ac3-bcca-5ac241db4f5d</templateId>
    <containerId>5d40ab00-33c0-429f-9d97-9608236cf22f</containerId>
  </com.dotmarketing.beans.TemplateContainers>
  <com.dotmarketing.beans.TemplateContainers>
    <id>c93e3ce5-97d8-4611-893e-a686c6829b8f</id>
    <templateId>32d79748-2172-47f9-a407-8395f41c9d5e</templateId>
    <containerId>ab7d4317-68da-45ea-addc-9a57c69b8a24</containerId>
  </com.dotmarketing.beans.TemplateContainers>
  <com.dotmarketing.beans.TemplateContainers>
    <id>ca18c3a3-5e5b-4700-a210-46afd7e9f17c</id>
    <templateId>a0ead91b-fd4c-4182-abc8-a6d173a07ab4</templateId>
    <containerId>5eb11b21-6b13-4fb8-a823-1de20bba56c0</containerId>
  </com.dotmarketing.beans.TemplateContainers>
  <com.dotmarketing.beans.TemplateContainers>
    <id>cbfc5131-208b-457d-b7b2-924cec382921</id>
    <templateId>003d08f4-e0c9-4bc7-9949-b686301338ba</templateId>
    <containerId>685132f6-12a6-45d0-a4e4-99f14ebce429</containerId>
  </com.dotmarketing.beans.TemplateContainers>
  <com.dotmarketing.beans.TemplateContainers>
    <id>d42c89bc-491e-4350-bb0f-3990c60ec50d</id>
    <templateId>993d1322-b209-4720-b4c7-a0f816c49df8</templateId>
    <containerId>c7776bbb-d38a-43a1-af3b-6cfa36ba9747</containerId>
  </com.dotmarketing.beans.TemplateContainers>
  <com.dotmarketing.beans.TemplateContainers>
    <id>d784af12-81d6-4794-a061-dee9eb8afd13</id>
    <templateId>0f2d2e2d-ecdd-4b6a-9692-1f511b81af5e</templateId>
    <containerId>5d40ab00-33c0-429f-9d97-9608236cf22f</containerId>
  </com.dotmarketing.beans.TemplateContainers>
  <com.dotmarketing.beans.TemplateContainers>
    <id>dbdbbbef-b597-4197-a5d7-0522bef76941</id>
    <templateId>32d79748-2172-47f9-a407-8395f41c9d5e</templateId>
    <containerId>56bd55ea-b04b-480d-9e37-5d6f9217dcc3</containerId>
  </com.dotmarketing.beans.TemplateContainers>
  <com.dotmarketing.beans.TemplateContainers>
    <id>dc9727dd-e7fd-403e-96d5-ab72fefca6f9</id>
    <templateId>32d79748-2172-47f9-a407-8395f41c9d5e</templateId>
    <containerId>a6e9652b-8183-4c09-b775-26196b09a300</containerId>
  </com.dotmarketing.beans.TemplateContainers>
  <com.dotmarketing.beans.TemplateContainers>
    <id>df732670-c8cd-4184-b077-aa9228494015</id>
    <templateId>32d79748-2172-47f9-a407-8395f41c9d5e</templateId>
    <containerId>6a12bbda-0ae2-4121-a98b-ad8069eaff3a</containerId>
  </com.dotmarketing.beans.TemplateContainers>
  <com.dotmarketing.beans.TemplateContainers>
    <id>e06079bc-6d8d-4744-b611-ced1722270e8</id>
    <templateId>3622f559-7ea7-4b7a-96ce-1313f3b1a2f5</templateId>
    <containerId>214d7269-242b-4cf5-a3d7-59052d81e540</containerId>
  </com.dotmarketing.beans.TemplateContainers>
  <com.dotmarketing.beans.TemplateContainers>
    <id>e226760f-8e8f-4e53-a377-06df9f1a69a2</id>
    <templateId>0a1cf815-ac9a-4619-9100-19631b739776</templateId>
    <containerId>c7776bbb-d38a-43a1-af3b-6cfa36ba9747</containerId>
  </com.dotmarketing.beans.TemplateContainers>
  <com.dotmarketing.beans.TemplateContainers>
    <id>e3da4be8-0bc8-4c69-8ece-08ecae9ae17f</id>
    <templateId>fdb3f906-e9c4-46c4-b7e4-148201271d04</templateId>
    <containerId>56bd55ea-b04b-480d-9e37-5d6f9217dcc3</containerId>
  </com.dotmarketing.beans.TemplateContainers>
  <com.dotmarketing.beans.TemplateContainers>
    <id>e72116df-ffcb-4b31-adeb-5abc29bd6556</id>
    <templateId>8380507e-9491-4e53-9a66-28b2754ac9e9</templateId>
    <containerId>ab7d4317-68da-45ea-addc-9a57c69b8a24</containerId>
  </com.dotmarketing.beans.TemplateContainers>
  <com.dotmarketing.beans.TemplateContainers>
    <id>f1b2fd8d-e919-47a7-bd84-5c67347f8c3f</id>
    <templateId>206ab018-77e2-47dd-ab3c-e8dc6feceab3</templateId>
    <containerId>f1ba7688-453c-4c0d-a214-e5ac802b8034</containerId>
  </com.dotmarketing.beans.TemplateContainers>
  <com.dotmarketing.beans.TemplateContainers>
    <id>f22e313e-b4a9-4031-bc7b-9ddccc60e65d</id>
    <templateId>3622f559-7ea7-4b7a-96ce-1313f3b1a2f5</templateId>
    <containerId>56bd55ea-b04b-480d-9e37-5d6f9217dcc3</containerId>
  </com.dotmarketing.beans.TemplateContainers>
  <com.dotmarketing.beans.TemplateContainers>
    <id>f7dffd4f-307a-49de-99cb-91a6f1a8cabd</id>
    <templateId>d30a0347-7473-49ab-b67d-cc7a972f4d59</templateId>
    <containerId>5eb11b21-6b13-4fb8-a823-1de20bba56c0</containerId>
  </com.dotmarketing.beans.TemplateContainers>
  <com.dotmarketing.beans.TemplateContainers>
    <id>fbca460a-b8cd-4712-9937-e4b41efed300</id>
    <templateId>a0ead91b-fd4c-4182-abc8-a6d173a07ab4</templateId>
    <containerId>685132f6-12a6-45d0-a4e4-99f14ebce429</containerId>
  </com.dotmarketing.beans.TemplateContainers>
</list>