<list>
  <com.dotmarketing.beans.TemplateContainers>
    <id>03d80909-d923-4bb9-954e-b54251f72d72</id>
    <templateId>8660b482-1ef6-4d00-9459-3996e703ba19</templateId>
    <containerId>5eb11b21-6b13-4fb8-a823-1de20bba56c0</containerId>
  </com.dotmarketing.beans.TemplateContainers>
  <com.dotmarketing.beans.TemplateContainers>
    <id>0adc7f62-cbde-43f7-aaff-02c559bc48af</id>
    <templateId>5deb631f-69c0-4ee2-a7e4-e1dfb5e497ef</templateId>
    <containerId>56bd55ea-b04b-480d-9e37-5d6f9217dcc3</containerId>
  </com.dotmarketing.beans.TemplateContainers>
  <com.dotmarketing.beans.TemplateContainers>
    <id>0d98a19c-e9f3-49b6-a30a-a92cfce9b262</id>
    <templateId>50b64032-20cd-4169-8063-b023e53f572a</templateId>
    <containerId>214d7269-242b-4cf5-a3d7-59052d81e540</containerId>
  </com.dotmarketing.beans.TemplateContainers>
  <com.dotmarketing.beans.TemplateContainers>
    <id>10ee6640-4096-412b-b69a-4179d6ca1fee</id>
    <templateId>206ab018-77e2-47dd-ab3c-e8dc6feceab3</templateId>
    <containerId>f1ba7688-453c-4c0d-a214-e5ac802b8034</containerId>
  </com.dotmarketing.beans.TemplateContainers>
  <com.dotmarketing.beans.TemplateContainers>
    <id>14808718-a61b-402b-9fd5-d25f50c9bc65</id>
    <templateId>8380507e-9491-4e53-9a66-28b2754ac9e9</templateId>
    <containerId>a6e9652b-8183-4c09-b775-26196b09a300</containerId>
  </com.dotmarketing.beans.TemplateContainers>
  <com.dotmarketing.beans.TemplateContainers>
    <id>14e908b0-5ae4-490b-bb60-c22fbb7cf5f0</id>
    <templateId>f7bc93f9-6527-4c42-a120-bb19124c6e4f</templateId>
    <containerId>5eb11b21-6b13-4fb8-a823-1de20bba56c0</containerId>
  </com.dotmarketing.beans.TemplateContainers>
  <com.dotmarketing.beans.TemplateContainers>
    <id>17ca231f-9b91-4a3f-b7e2-7adcf88b043c</id>
    <templateId>460b0d3b-9b90-4b8a-a041-1f01b7edbbbc</templateId>
    <containerId>18b44489-f942-40ed-90d9-f20dbdfe689e</containerId>
  </com.dotmarketing.beans.TemplateContainers>
  <com.dotmarketing.beans.TemplateContainers>
    <id>18032812-d1b1-4c2e-8115-ee0956e99e29</id>
    <templateId>d30a0347-7473-49ab-b67d-cc7a972f4d59</templateId>
    <containerId>56bd55ea-b04b-480d-9e37-5d6f9217dcc3</containerId>
  </com.dotmarketing.beans.TemplateContainers>
  <com.dotmarketing.beans.TemplateContainers>
    <id>22d85d87-45e4-4329-a2bb-2307a1922ee4</id>
    <templateId>f7bc93f9-6527-4c42-a120-bb19124c6e4f</templateId>
    <containerId>685132f6-12a6-45d0-a4e4-99f14ebce429</containerId>
  </com.dotmarketing.beans.TemplateContainers>
  <com.dotmarketing.beans.TemplateContainers>
    <id>254dd938-ba43-44d6-b6cf-e415b05582a5</id>
    <templateId>4cb76166-6763-44ca-ab22-e9eb50885430</templateId>
    <containerId>18b44489-f942-40ed-90d9-f20dbdfe689e</containerId>
  </com.dotmarketing.beans.TemplateContainers>
  <com.dotmarketing.beans.TemplateContainers>
    <id>28ee9c01-be9a-49b3-90e2-5d7dabc449a1</id>
    <templateId>3141ca88-71f9-4e1d-9721-849dce6362ed</templateId>
    <containerId>afc45ad4-ee91-43a8-9562-3f9f7060e362</containerId>
  </com.dotmarketing.beans.TemplateContainers>
  <com.dotmarketing.beans.TemplateContainers>
    <id>2c7fee64-74f4-412d-88be-4975b5964a0e</id>
    <templateId>3622f559-7ea7-4b7a-96ce-1313f3b1a2f5</templateId>
    <containerId>214d7269-242b-4cf5-a3d7-59052d81e540</containerId>
  </com.dotmarketing.beans.TemplateContainers>
  <com.dotmarketing.beans.TemplateContainers>
    <id>2dac7490-a8af-438c-82b3-901f611d18ae</id>
    <templateId>003d08f4-e0c9-4bc7-9949-b686301338ba</templateId>
    <containerId>afc45ad4-ee91-43a8-9562-3f9f7060e362</containerId>
  </com.dotmarketing.beans.TemplateContainers>
  <com.dotmarketing.beans.TemplateContainers>
    <id>3e854b97-f778-4da5-8b0c-c7148a5cc831</id>
    <templateId>32d79748-2172-47f9-a407-8395f41c9d5e</templateId>
    <containerId>a6e9652b-8183-4c09-b775-26196b09a300</containerId>
  </com.dotmarketing.beans.TemplateContainers>
  <com.dotmarketing.beans.TemplateContainers>
    <id>3e932fae-a94c-4133-ac9b-a0790a629074</id>
    <templateId>fc07eac0-c1a5-4835-bd6b-981315b2e8a2</templateId>
    <containerId>56bd55ea-b04b-480d-9e37-5d6f9217dcc3</containerId>
  </com.dotmarketing.beans.TemplateContainers>
  <com.dotmarketing.beans.TemplateContainers>
    <id>3f55db0f-bb9e-4bdd-9fc8-43e750298fea</id>
    <templateId>f7bc93f9-6527-4c42-a120-bb19124c6e4f</templateId>
    <containerId>afc45ad4-ee91-43a8-9562-3f9f7060e362</containerId>
  </com.dotmarketing.beans.TemplateContainers>
  <com.dotmarketing.beans.TemplateContainers>
    <id>4094154f-d339-45ad-9ddd-e377a3495ca1</id>
    <templateId>d17ce22f-2ff4-43c6-b37c-f36429d93b8d</templateId>
    <containerId>a6e9652b-8183-4c09-b775-26196b09a300</containerId>
  </com.dotmarketing.beans.TemplateContainers>
  <com.dotmarketing.beans.TemplateContainers>
    <id>428d3676-d59c-4f82-8046-9d78337c638f</id>
    <templateId>32d79748-2172-47f9-a407-8395f41c9d5e</templateId>
    <containerId>56bd55ea-b04b-480d-9e37-5d6f9217dcc3</containerId>
  </com.dotmarketing.beans.TemplateContainers>
  <com.dotmarketing.beans.TemplateContainers>
    <id>43abe753-f941-4145-b9ba-3c03abe4ae6d</id>
    <templateId>a0ead91b-fd4c-4182-abc8-a6d173a07ab4</templateId>
    <containerId>afc45ad4-ee91-43a8-9562-3f9f7060e362</containerId>
  </com.dotmarketing.beans.TemplateContainers>
  <com.dotmarketing.beans.TemplateContainers>
    <id>43ec47d2-1991-4c50-86b3-beccee5f2be3</id>
    <templateId>fc07eac0-c1a5-4835-bd6b-981315b2e8a2</templateId>
    <containerId>5eb11b21-6b13-4fb8-a823-1de20bba56c0</containerId>
  </com.dotmarketing.beans.TemplateContainers>
  <com.dotmarketing.beans.TemplateContainers>
    <id>45759c2c-16bf-40c5-ab4e-82ec75b1b4e2</id>
    <templateId>d17ce22f-2ff4-43c6-b37c-f36429d93b8d</templateId>
    <containerId>f1ba7688-453c-4c0d-a214-e5ac802b8034</containerId>
  </com.dotmarketing.beans.TemplateContainers>
  <com.dotmarketing.beans.TemplateContainers>
    <id>45e8c531-4b37-4d16-a423-c40638ab9dc1</id>
    <templateId>50b64032-20cd-4169-8063-b023e53f572a</templateId>
    <containerId>18b44489-f942-40ed-90d9-f20dbdfe689e</containerId>
  </com.dotmarketing.beans.TemplateContainers>
  <com.dotmarketing.beans.TemplateContainers>
    <id>46442554-87e1-4e0f-a931-056b29b3905f</id>
    <templateId>003d08f4-e0c9-4bc7-9949-b686301338ba</templateId>
    <containerId>685132f6-12a6-45d0-a4e4-99f14ebce429</containerId>
  </com.dotmarketing.beans.TemplateContainers>
  <com.dotmarketing.beans.TemplateContainers>
    <id>48f7baaf-c6c3-4d34-ad66-31e055406ac3</id>
    <templateId>206ab018-77e2-47dd-ab3c-e8dc6feceab3</templateId>
    <containerId>56bd55ea-b04b-480d-9e37-5d6f9217dcc3</containerId>
  </com.dotmarketing.beans.TemplateContainers>
  <com.dotmarketing.beans.TemplateContainers>
    <id>4920778d-b1e0-4e3a-ae1f-0458f1ac187d</id>
    <templateId>fdb3f906-e9c4-46c4-b7e4-148201271d04</templateId>
    <containerId>56bd55ea-b04b-480d-9e37-5d6f9217dcc3</containerId>
  </com.dotmarketing.beans.TemplateContainers>
  <com.dotmarketing.beans.TemplateContainers>
    <id>4c2c06d2-9b64-43d8-8864-30c880b706f4</id>
    <templateId>9396ac6a-d32c-4539-966e-c776e7562cfb</templateId>
    <containerId>56bd55ea-b04b-480d-9e37-5d6f9217dcc3</containerId>
  </com.dotmarketing.beans.TemplateContainers>
  <com.dotmarketing.beans.TemplateContainers>
    <id>4de8ca51-0188-4a51-bc83-f23f5a8159e8</id>
    <templateId>f7bc93f9-6527-4c42-a120-bb19124c6e4f</templateId>
    <containerId>b590d738-8bf9-42b0-a8dd-5787a4e20962</containerId>
  </com.dotmarketing.beans.TemplateContainers>
  <com.dotmarketing.beans.TemplateContainers>
    <id>501137a5-7cd7-405b-a1eb-fa3b6a5830ff</id>
    <templateId>9396ac6a-d32c-4539-966e-c776e7562cfb</templateId>
    <containerId>5eb11b21-6b13-4fb8-a823-1de20bba56c0</containerId>
  </com.dotmarketing.beans.TemplateContainers>
  <com.dotmarketing.beans.TemplateContainers>
    <id>52aad0ab-3a74-4655-83c0-6c848e3c933e</id>
    <templateId>d17ce22f-2ff4-43c6-b37c-f36429d93b8d</templateId>
    <containerId>8f17696b-4e25-46b6-94b1-66c849a28bbe</containerId>
  </com.dotmarketing.beans.TemplateContainers>
  <com.dotmarketing.beans.TemplateContainers>
    <id>5311ca03-8bb0-4c5e-b565-c5630cefaae9</id>
    <templateId>460b0d3b-9b90-4b8a-a041-1f01b7edbbbc</templateId>
    <containerId>56bd55ea-b04b-480d-9e37-5d6f9217dcc3</containerId>
  </com.dotmarketing.beans.TemplateContainers>
  <com.dotmarketing.beans.TemplateContainers>
    <id>56d8bf6f-0e74-434a-a1ca-6e61ff4960c3</id>
    <templateId>206ab018-77e2-47dd-ab3c-e8dc6feceab3</templateId>
    <containerId>685132f6-12a6-45d0-a4e4-99f14ebce429</containerId>
  </com.dotmarketing.beans.TemplateContainers>
  <com.dotmarketing.beans.TemplateContainers>
    <id>5da04f84-66cb-4c62-96f6-49b21d6a8b14</id>
    <templateId>a0ead91b-fd4c-4182-abc8-a6d173a07ab4</templateId>
    <containerId>685132f6-12a6-45d0-a4e4-99f14ebce429</containerId>
  </com.dotmarketing.beans.TemplateContainers>
  <com.dotmarketing.beans.TemplateContainers>
    <id>5e88d4ba-7875-4d93-b3bb-a5cb9f7b38e8</id>
    <templateId>8380507e-9491-4e53-9a66-28b2754ac9e9</templateId>
    <containerId>6a12bbda-0ae2-4121-a98b-ad8069eaff3a</containerId>
  </com.dotmarketing.beans.TemplateContainers>
  <com.dotmarketing.beans.TemplateContainers>
    <id>5ea8b6c5-acf8-4b8c-849b-4fe0313101c8</id>
    <templateId>d30a0347-7473-49ab-b67d-cc7a972f4d59</templateId>
    <containerId>b590d738-8bf9-42b0-a8dd-5787a4e20962</containerId>
  </com.dotmarketing.beans.TemplateContainers>
  <com.dotmarketing.beans.TemplateContainers>
    <id>5fea162e-ebc4-419b-bfb3-c1f8ccab3d05</id>
    <templateId>50b64032-20cd-4169-8063-b023e53f572a</templateId>
    <containerId>685132f6-12a6-45d0-a4e4-99f14ebce429</containerId>
  </com.dotmarketing.beans.TemplateContainers>
  <com.dotmarketing.beans.TemplateContainers>
    <id>6190a6fc-69f6-4be9-874c-4a0a98ffd42b</id>
    <templateId>fc07eac0-c1a5-4835-bd6b-981315b2e8a2</templateId>
    <containerId>18b44489-f942-40ed-90d9-f20dbdfe689e</containerId>
  </com.dotmarketing.beans.TemplateContainers>
  <com.dotmarketing.beans.TemplateContainers>
    <id>6249c784-233b-40c6-9214-43b20de2cfb8</id>
    <templateId>8380507e-9491-4e53-9a66-28b2754ac9e9</templateId>
    <containerId>ab7d4317-68da-45ea-addc-9a57c69b8a24</containerId>
  </com.dotmarketing.beans.TemplateContainers>
  <com.dotmarketing.beans.TemplateContainers>
    <id>64d1b0e0-0537-4ee3-9645-fb75eae9b8d5</id>
    <templateId>0a1cf815-ac9a-4619-9100-19631b739776</templateId>
    <containerId>55aca12f-0d1c-4733-aae3-28b96cf36895</containerId>
  </com.dotmarketing.beans.TemplateContainers>
  <com.dotmarketing.beans.TemplateContainers>
    <id>6532e3f3-4aa4-4ecf-b1dc-dd7c6cddc8ff</id>
    <templateId>f7bc93f9-6527-4c42-a120-bb19124c6e4f</templateId>
    <containerId>56bd55ea-b04b-480d-9e37-5d6f9217dcc3</containerId>
  </com.dotmarketing.beans.TemplateContainers>
  <com.dotmarketing.beans.TemplateContainers>
    <id>68f2869b-8007-4a0c-a573-49f2a3ff2b95</id>
    <templateId>a0ead91b-fd4c-4182-abc8-a6d173a07ab4</templateId>
    <containerId>56bd55ea-b04b-480d-9e37-5d6f9217dcc3</containerId>
  </com.dotmarketing.beans.TemplateContainers>
  <com.dotmarketing.beans.TemplateContainers>
    <id>70ff0f05-6b91-46c8-84e3-5910cc9888e5</id>
    <templateId>3141ca88-71f9-4e1d-9721-849dce6362ed</templateId>
    <containerId>685132f6-12a6-45d0-a4e4-99f14ebce429</containerId>
  </com.dotmarketing.beans.TemplateContainers>
  <com.dotmarketing.beans.TemplateContainers>
    <id>7351df5a-64d1-4f3f-bcb7-c747e994a945</id>
    <templateId>3622f559-7ea7-4b7a-96ce-1313f3b1a2f5</templateId>
    <containerId>56bd55ea-b04b-480d-9e37-5d6f9217dcc3</containerId>
  </com.dotmarketing.beans.TemplateContainers>
  <com.dotmarketing.beans.TemplateContainers>
    <id>756db24c-a85e-4988-adfd-3f9d853d481b</id>
    <templateId>3141ca88-71f9-4e1d-9721-849dce6362ed</templateId>
    <containerId>8f17696b-4e25-46b6-94b1-66c849a28bbe</containerId>
  </com.dotmarketing.beans.TemplateContainers>
  <com.dotmarketing.beans.TemplateContainers>
    <id>75a8e413-6119-4a85-a764-21609c18b7f7</id>
    <templateId>9341b41d-e4d8-4ac3-bcca-5ac241db4f5d</templateId>
    <containerId>c7776bbb-d38a-43a1-af3b-6cfa36ba9747</containerId>
  </com.dotmarketing.beans.TemplateContainers>
  <com.dotmarketing.beans.TemplateContainers>
    <id>7c5c5213-2f0e-47eb-a30a-045d4713074e</id>
    <templateId>5deb631f-69c0-4ee2-a7e4-e1dfb5e497ef</templateId>
    <containerId>ab7d4317-68da-45ea-addc-9a57c69b8a24</containerId>
  </com.dotmarketing.beans.TemplateContainers>
  <com.dotmarketing.beans.TemplateContainers>
    <id>7f4ec607-efd8-4384-b19d-a7c9ab3c8187</id>
    <templateId>32d79748-2172-47f9-a407-8395f41c9d5e</templateId>
    <containerId>6a12bbda-0ae2-4121-a98b-ad8069eaff3a</containerId>
  </com.dotmarketing.beans.TemplateContainers>
  <com.dotmarketing.beans.TemplateContainers>
    <id>82888561-16d3-4dbd-b8fd-b84b68e4964f</id>
    <templateId>32d79748-2172-47f9-a407-8395f41c9d5e</templateId>
    <containerId>5eb11b21-6b13-4fb8-a823-1de20bba56c0</containerId>
  </com.dotmarketing.beans.TemplateContainers>
  <com.dotmarketing.beans.TemplateContainers>
    <id>82bb069b-a6c6-4fbb-ae98-84ac667a3cac</id>
    <templateId>993d1322-b209-4720-b4c7-a0f816c49df8</templateId>
    <containerId>5d40ab00-33c0-429f-9d97-9608236cf22f</containerId>
  </com.dotmarketing.beans.TemplateContainers>
  <com.dotmarketing.beans.TemplateContainers>
    <id>85411cd5-33b9-4880-b0c8-2d541c782000</id>
    <templateId>460b0d3b-9b90-4b8a-a041-1f01b7edbbbc</templateId>
    <containerId>afc45ad4-ee91-43a8-9562-3f9f7060e362</containerId>
  </com.dotmarketing.beans.TemplateContainers>
  <com.dotmarketing.beans.TemplateContainers>
    <id>8b6b108b-db2a-4a73-82e2-fc1440beb8d3</id>
    <templateId>0a1cf815-ac9a-4619-9100-19631b739776</templateId>
    <containerId>5d40ab00-33c0-429f-9d97-9608236cf22f</containerId>
  </com.dotmarketing.beans.TemplateContainers>
  <com.dotmarketing.beans.TemplateContainers>
    <id>8e3841e8-6f66-4b0c-9a35-65fd61906a41</id>
    <templateId>a9026cb3-f34e-4052-95b3-5dc087172677</templateId>
    <containerId>b590d738-8bf9-42b0-a8dd-5787a4e20962</containerId>
  </com.dotmarketing.beans.TemplateContainers>
  <com.dotmarketing.beans.TemplateContainers>
    <id>90ad935c-29b3-4d16-96c4-435a82f87627</id>
    <templateId>ade7c405-fb68-437b-bb38-b0b04502861e</templateId>
    <containerId>56bd55ea-b04b-480d-9e37-5d6f9217dcc3</containerId>
  </com.dotmarketing.beans.TemplateContainers>
  <com.dotmarketing.beans.TemplateContainers>
    <id>941cf451-ff75-4e56-80bb-ec1ea3ff5be9</id>
    <templateId>a9026cb3-f34e-4052-95b3-5dc087172677</templateId>
    <containerId>56bd55ea-b04b-480d-9e37-5d6f9217dcc3</containerId>
  </com.dotmarketing.beans.TemplateContainers>
  <com.dotmarketing.beans.TemplateContainers>
    <id>94ae7bc4-b7f9-4258-ac90-25bfc473706c</id>
    <templateId>50b64032-20cd-4169-8063-b023e53f572a</templateId>
    <containerId>afc45ad4-ee91-43a8-9562-3f9f7060e362</containerId>
  </com.dotmarketing.beans.TemplateContainers>
  <com.dotmarketing.beans.TemplateContainers>
    <id>95bd7edf-c2ef-448a-9a8c-d107b98a02c9</id>
    <templateId>8660b482-1ef6-4d00-9459-3996e703ba19</templateId>
    <containerId>56bd55ea-b04b-480d-9e37-5d6f9217dcc3</containerId>
  </com.dotmarketing.beans.TemplateContainers>
  <com.dotmarketing.beans.TemplateContainers>
    <id>9933fae3-8d07-41cb-abde-d98f53be3c03</id>
    <templateId>003d08f4-e0c9-4bc7-9949-b686301338ba</templateId>
    <containerId>18b44489-f942-40ed-90d9-f20dbdfe689e</containerId>
  </com.dotmarketing.beans.TemplateContainers>
  <com.dotmarketing.beans.TemplateContainers>
    <id>9a8d8430-3e01-4bf0-afcc-4bab9a0fb4b7</id>
    <templateId>50b64032-20cd-4169-8063-b023e53f572a</templateId>
    <containerId>56bd55ea-b04b-480d-9e37-5d6f9217dcc3</containerId>
  </com.dotmarketing.beans.TemplateContainers>
  <com.dotmarketing.beans.TemplateContainers>
    <id>9a9da3df-4c61-4da2-92a5-13259ae12268</id>
    <templateId>460b0d3b-9b90-4b8a-a041-1f01b7edbbbc</templateId>
    <containerId>5eb11b21-6b13-4fb8-a823-1de20bba56c0</containerId>
  </com.dotmarketing.beans.TemplateContainers>
  <com.dotmarketing.beans.TemplateContainers>
    <id>9b53240f-5e58-4231-b4da-d6490c8c7faa</id>
    <templateId>8380507e-9491-4e53-9a66-28b2754ac9e9</templateId>
    <containerId>8f17696b-4e25-46b6-94b1-66c849a28bbe</containerId>
  </com.dotmarketing.beans.TemplateContainers>
  <com.dotmarketing.beans.TemplateContainers>
    <id>a489a1ea-df43-4af4-abe7-4737e03d4a49</id>
    <templateId>ade7c405-fb68-437b-bb38-b0b04502861e</templateId>
    <containerId>8f17696b-4e25-46b6-94b1-66c849a28bbe</containerId>
  </com.dotmarketing.beans.TemplateContainers>
  <com.dotmarketing.beans.TemplateContainers>
    <id>a5598cf5-4ecc-4d84-b466-6bae3d63f985</id>
    <templateId>a0ead91b-fd4c-4182-abc8-a6d173a07ab4</templateId>
    <containerId>5eb11b21-6b13-4fb8-a823-1de20bba56c0</containerId>
  </com.dotmarketing.beans.TemplateContainers>
  <com.dotmarketing.beans.TemplateContainers>
    <id>a9697d21-9966-4138-9b84-070b47d42534</id>
    <templateId>8380507e-9491-4e53-9a66-28b2754ac9e9</templateId>
    <containerId>56bd55ea-b04b-480d-9e37-5d6f9217dcc3</containerId>
  </com.dotmarketing.beans.TemplateContainers>
  <com.dotmarketing.beans.TemplateContainers>
    <id>ab48ccf0-237d-469e-ae0b-5e27e4dd60b5</id>
    <templateId>206ab018-77e2-47dd-ab3c-e8dc6feceab3</templateId>
    <containerId>afc45ad4-ee91-43a8-9562-3f9f7060e362</containerId>
  </com.dotmarketing.beans.TemplateContainers>
  <com.dotmarketing.beans.TemplateContainers>
    <id>ac7b8573-e8d6-4fc5-b976-f7f7362bdbe5</id>
    <templateId>3141ca88-71f9-4e1d-9721-849dce6362ed</templateId>
    <containerId>18b44489-f942-40ed-90d9-f20dbdfe689e</containerId>
  </com.dotmarketing.beans.TemplateContainers>
  <com.dotmarketing.beans.TemplateContainers>
    <id>acbdf483-46c6-45d3-b029-e33c09bfc90c</id>
    <templateId>4cb76166-6763-44ca-ab22-e9eb50885430</templateId>
    <containerId>afc45ad4-ee91-43a8-9562-3f9f7060e362</containerId>
  </com.dotmarketing.beans.TemplateContainers>
  <com.dotmarketing.beans.TemplateContainers>
    <id>b0ed40df-0286-4e71-b62f-1f4f9d598420</id>
    <templateId>4cb76166-6763-44ca-ab22-e9eb50885430</templateId>
    <containerId>56bd55ea-b04b-480d-9e37-5d6f9217dcc3</containerId>
  </com.dotmarketing.beans.TemplateContainers>
  <com.dotmarketing.beans.TemplateContainers>
    <id>b33ba197-871e-4f8d-abd6-dd25129ed9f7</id>
    <templateId>5deb631f-69c0-4ee2-a7e4-e1dfb5e497ef</templateId>
    <containerId>8f17696b-4e25-46b6-94b1-66c849a28bbe</containerId>
  </com.dotmarketing.beans.TemplateContainers>
  <com.dotmarketing.beans.TemplateContainers>
    <id>b4938c5f-a504-4fd5-a7c9-1eb8c2bda02f</id>
    <templateId>7623ea3e-c0e6-46d8-8db6-9070f7bfc342</templateId>
    <containerId>56bd55ea-b04b-480d-9e37-5d6f9217dcc3</containerId>
  </com.dotmarketing.beans.TemplateContainers>
  <com.dotmarketing.beans.TemplateContainers>
    <id>b5652279-e294-411e-be6b-7ef7dc262a88</id>
    <templateId>f7bc93f9-6527-4c42-a120-bb19124c6e4f</templateId>
    <containerId>18b44489-f942-40ed-90d9-f20dbdfe689e</containerId>
  </com.dotmarketing.beans.TemplateContainers>
  <com.dotmarketing.beans.TemplateContainers>
    <id>b7145a3d-3acc-4b55-ba54-65ed633737a6</id>
    <templateId>fc07eac0-c1a5-4835-bd6b-981315b2e8a2</templateId>
    <containerId>6a12bbda-0ae2-4121-a98b-ad8069eaff3a</containerId>
  </com.dotmarketing.beans.TemplateContainers>
  <com.dotmarketing.beans.TemplateContainers>
    <id>b76f75e1-073a-43a2-908b-5432f9bb2c7e</id>
    <templateId>a0ead91b-fd4c-4182-abc8-a6d173a07ab4</templateId>
    <containerId>18b44489-f942-40ed-90d9-f20dbdfe689e</containerId>
  </com.dotmarketing.beans.TemplateContainers>
  <com.dotmarketing.beans.TemplateContainers>
    <id>b7f98438-590c-410e-9503-d9118cb6b221</id>
    <templateId>fc07eac0-c1a5-4835-bd6b-981315b2e8a2</templateId>
    <containerId>f1ba7688-453c-4c0d-a214-e5ac802b8034</containerId>
  </com.dotmarketing.beans.TemplateContainers>
  <com.dotmarketing.beans.TemplateContainers>
    <id>b8155162-ee6e-4521-94d0-4dcaf4cf1340</id>
    <templateId>5deb631f-69c0-4ee2-a7e4-e1dfb5e497ef</templateId>
    <containerId>f1ba7688-453c-4c0d-a214-e5ac802b8034</containerId>
  </com.dotmarketing.beans.TemplateContainers>
  <com.dotmarketing.beans.TemplateContainers>
    <id>b99390b8-bd9c-4eed-9a08-bf1b3a0313af</id>
    <templateId>0f2d2e2d-ecdd-4b6a-9692-1f511b81af5e</templateId>
    <containerId>c7776bbb-d38a-43a1-af3b-6cfa36ba9747</containerId>
  </com.dotmarketing.beans.TemplateContainers>
  <com.dotmarketing.beans.TemplateContainers>
    <id>bdf26329-8d1b-430f-a208-f10b9218911b</id>
    <templateId>206ab018-77e2-47dd-ab3c-e8dc6feceab3</templateId>
    <containerId>5eb11b21-6b13-4fb8-a823-1de20bba56c0</containerId>
  </com.dotmarketing.beans.TemplateContainers>
  <com.dotmarketing.beans.TemplateContainers>
    <id>bf14ce03-b7e9-4cf4-b670-872cc88562ed</id>
    <templateId>ade7c405-fb68-437b-bb38-b0b04502861e</templateId>
    <containerId>a6e9652b-8183-4c09-b775-26196b09a300</containerId>
  </com.dotmarketing.beans.TemplateContainers>
  <com.dotmarketing.beans.TemplateContainers>
    <id>bf3b3da1-fcac-4718-babf-4eb3f68c3ba5</id>
    <templateId>5deb631f-69c0-4ee2-a7e4-e1dfb5e497ef</templateId>
    <containerId>a6e9652b-8183-4c09-b775-26196b09a300</containerId>
  </com.dotmarketing.beans.TemplateContainers>
  <com.dotmarketing.beans.TemplateContainers>
    <id>c0068075-abc7-4174-bb4b-53285a90b209</id>
    <templateId>fc07eac0-c1a5-4835-bd6b-981315b2e8a2</templateId>
    <containerId>a6e9652b-8183-4c09-b775-26196b09a300</containerId>
  </com.dotmarketing.beans.TemplateContainers>
  <com.dotmarketing.beans.TemplateContainers>
    <id>c261e7f9-3da5-4029-8f89-f504bb8e5b8f</id>
    <templateId>fc07eac0-c1a5-4835-bd6b-981315b2e8a2</templateId>
    <containerId>3f0255e8-b45d-46ea-8bb7-eb6597db4c1e</containerId>
  </com.dotmarketing.beans.TemplateContainers>
  <com.dotmarketing.beans.TemplateContainers>
    <id>c3700aad-b24c-48e0-80bf-68e9a2398afc</id>
    <templateId>460b0d3b-9b90-4b8a-a041-1f01b7edbbbc</templateId>
    <containerId>685132f6-12a6-45d0-a4e4-99f14ebce429</containerId>
  </com.dotmarketing.beans.TemplateContainers>
  <com.dotmarketing.beans.TemplateContainers>
    <id>c706d05b-8664-4810-aaee-e9d8edcaa988</id>
    <templateId>8380507e-9491-4e53-9a66-28b2754ac9e9</templateId>
    <containerId>f1ba7688-453c-4c0d-a214-e5ac802b8034</containerId>
  </com.dotmarketing.beans.TemplateContainers>
  <com.dotmarketing.beans.TemplateContainers>
    <id>c823231d-ce63-4e72-a111-7319aae7049c</id>
    <templateId>9341b41d-e4d8-4ac3-bcca-5ac241db4f5d</templateId>
    <containerId>5d40ab00-33c0-429f-9d97-9608236cf22f</containerId>
  </com.dotmarketing.beans.TemplateContainers>
  <com.dotmarketing.beans.TemplateContainers>
    <id>ca3b60c9-65a1-4641-b8cf-fbb23b5f8061</id>
    <templateId>3141ca88-71f9-4e1d-9721-849dce6362ed</templateId>
    <containerId>5eb11b21-6b13-4fb8-a823-1de20bba56c0</containerId>
  </com.dotmarketing.beans.TemplateContainers>
  <com.dotmarketing.beans.TemplateContainers>
    <id>cddde22e-6954-4c3f-9c75-730efbfab9b4</id>
    <templateId>003d08f4-e0c9-4bc7-9949-b686301338ba</templateId>
    <containerId>56bd55ea-b04b-480d-9e37-5d6f9217dcc3</containerId>
  </com.dotmarketing.beans.TemplateContainers>
  <com.dotmarketing.beans.TemplateContainers>
    <id>d42c89bc-491e-4350-bb0f-3990c60ec50d</id>
    <templateId>993d1322-b209-4720-b4c7-a0f816c49df8</templateId>
    <containerId>c7776bbb-d38a-43a1-af3b-6cfa36ba9747</containerId>
  </com.dotmarketing.beans.TemplateContainers>
  <com.dotmarketing.beans.TemplateContainers>
    <id>d64e9296-51fc-40bd-8ce9-a6fa7a121b3a</id>
    <templateId>959821e3-83d4-4de6-826d-7395a6ce6f97</templateId>
    <containerId>56bd55ea-b04b-480d-9e37-5d6f9217dcc3</containerId>
  </com.dotmarketing.beans.TemplateContainers>
  <com.dotmarketing.beans.TemplateContainers>
    <id>d784af12-81d6-4794-a061-dee9eb8afd13</id>
    <templateId>0f2d2e2d-ecdd-4b6a-9692-1f511b81af5e</templateId>
    <containerId>5d40ab00-33c0-429f-9d97-9608236cf22f</containerId>
  </com.dotmarketing.beans.TemplateContainers>
  <com.dotmarketing.beans.TemplateContainers>
    <id>dc55d3d3-5ef8-41f0-a2a0-e0de59cc7c3e</id>
    <templateId>32d79748-2172-47f9-a407-8395f41c9d5e</templateId>
    <containerId>f1ba7688-453c-4c0d-a214-e5ac802b8034</containerId>
  </com.dotmarketing.beans.TemplateContainers>
  <com.dotmarketing.beans.TemplateContainers>
    <id>ddb054ca-c66c-4acf-a27b-d6853d28e0ab</id>
    <templateId>fc07eac0-c1a5-4835-bd6b-981315b2e8a2</templateId>
    <containerId>685132f6-12a6-45d0-a4e4-99f14ebce429</containerId>
  </com.dotmarketing.beans.TemplateContainers>
  <com.dotmarketing.beans.TemplateContainers>
    <id>e226760f-8e8f-4e53-a377-06df9f1a69a2</id>
    <templateId>0a1cf815-ac9a-4619-9100-19631b739776</templateId>
    <containerId>c7776bbb-d38a-43a1-af3b-6cfa36ba9747</containerId>
  </com.dotmarketing.beans.TemplateContainers>
  <com.dotmarketing.beans.TemplateContainers>
    <id>e3747ce0-62cc-4407-92e5-49615fc7d522</id>
    <templateId>4cb76166-6763-44ca-ab22-e9eb50885430</templateId>
    <containerId>685132f6-12a6-45d0-a4e4-99f14ebce429</containerId>
  </com.dotmarketing.beans.TemplateContainers>
  <com.dotmarketing.beans.TemplateContainers>
    <id>e3c37896-a4a3-4678-b941-d4e65556887b</id>
    <templateId>32d79748-2172-47f9-a407-8395f41c9d5e</templateId>
    <containerId>3f0255e8-b45d-46ea-8bb7-eb6597db4c1e</containerId>
  </com.dotmarketing.beans.TemplateContainers>
  <com.dotmarketing.beans.TemplateContainers>
    <id>e924963e-f207-4960-9857-b617a9bac9dc</id>
    <templateId>3141ca88-71f9-4e1d-9721-849dce6362ed</templateId>
    <containerId>56bd55ea-b04b-480d-9e37-5d6f9217dcc3</containerId>
  </com.dotmarketing.beans.TemplateContainers>
  <com.dotmarketing.beans.TemplateContainers>
    <id>ea134521-f0d9-41b5-99e2-073e9ad3b7d4</id>
    <templateId>206ab018-77e2-47dd-ab3c-e8dc6feceab3</templateId>
    <containerId>18b44489-f942-40ed-90d9-f20dbdfe689e</containerId>
  </com.dotmarketing.beans.TemplateContainers>
  <com.dotmarketing.beans.TemplateContainers>
    <id>ed020a7b-3882-4aba-a11e-efc64f0cc739</id>
    <templateId>d17ce22f-2ff4-43c6-b37c-f36429d93b8d</templateId>
    <containerId>6a12bbda-0ae2-4121-a98b-ad8069eaff3a</containerId>
  </com.dotmarketing.beans.TemplateContainers>
  <com.dotmarketing.beans.TemplateContainers>
    <id>f5e06f66-0a3e-410a-8aeb-d69bf988e792</id>
    <templateId>32d79748-2172-47f9-a407-8395f41c9d5e</templateId>
    <containerId>ab7d4317-68da-45ea-addc-9a57c69b8a24</containerId>
  </com.dotmarketing.beans.TemplateContainers>
  <com.dotmarketing.beans.TemplateContainers>
    <id>f8b93677-25f5-49c8-a003-b6718ae8f2d1</id>
    <templateId>ade7c405-fb68-437b-bb38-b0b04502861e</templateId>
    <containerId>5eb11b21-6b13-4fb8-a823-1de20bba56c0</containerId>
  </com.dotmarketing.beans.TemplateContainers>
  <com.dotmarketing.beans.TemplateContainers>
    <id>fa1ebddc-1180-4e85-a17f-afca61d1e25c</id>
    <templateId>fc07eac0-c1a5-4835-bd6b-981315b2e8a2</templateId>
    <containerId>afc45ad4-ee91-43a8-9562-3f9f7060e362</containerId>
  </com.dotmarketing.beans.TemplateContainers>
  <com.dotmarketing.beans.TemplateContainers>
    <id>fbb89543-16a7-4858-ab08-82ab3bd7c00d</id>
    <templateId>d30a0347-7473-49ab-b67d-cc7a972f4d59</templateId>
    <containerId>5eb11b21-6b13-4fb8-a823-1de20bba56c0</containerId>
  </com.dotmarketing.beans.TemplateContainers>
  <com.dotmarketing.beans.TemplateContainers>
    <id>fd808034-86d0-4e49-8c2e-e1d696899db6</id>
    <templateId>fc07eac0-c1a5-4835-bd6b-981315b2e8a2</templateId>
    <containerId>ab7d4317-68da-45ea-addc-9a57c69b8a24</containerId>
  </com.dotmarketing.beans.TemplateContainers>
</list>