<list>
  <com.dotmarketing.portlets.structure.model.Structure>
    <iDate class="sql-timestamp">2013-03-05 15:58:07.635</iDate>
    <type>structure</type>
    <owner></owner>
    <inode>f6259cc9-5d78-453e-8167-efd7b72b2e96</inode>
    <identifier></identifier>
    <name>Event</name>
    <description>Calendar and events</description>
    <defaultStructure>false</defaultStructure>
    <pagedetail>8aff34ed-d163-4311-9712-9b74e51e0044</pagedetail>
    <structureType>1</structureType>
    <fixed>true</fixed>
    <system>false</system>
    <velocityVarName>calendarEvent</velocityVarName>
    <urlMapPattern>/news-events/events/{urlTitle}</urlMapPattern>
    <host>SYSTEM_HOST</host>
    <folder>SYSTEM_FOLDER</folder>
  </com.dotmarketing.portlets.structure.model.Structure>
  <com.dotmarketing.portlets.structure.model.Structure>
    <iDate class="sql-timestamp">2013-01-15 21:18:28.232</iDate>
    <type>structure</type>
    <owner>dotcms.org.1</owner>
    <inode>28039964-5615-4ccf-bb96-ded62adbcc6a</inode>
    <identifier></identifier>
    <name>News</name>
    <description>News article</description>
    <defaultStructure>false</defaultStructure>
    <pagedetail>7621ce00-9b72-476d-b201-3b195f92a66f</pagedetail>
    <structureType>1</structureType>
    <fixed>false</fixed>
    <system>false</system>
    <velocityVarName>News</velocityVarName>
    <urlMapPattern>/news/{urlTitle}</urlMapPattern>
    <host>48190c8c-42c4-46af-8d1a-0cd5db894797</host>
    <folder>SYSTEM_FOLDER</folder>
    <publishDateVar>sysPublishDate</publishDateVar>
    <expireDateVar>expire</expireDateVar>
  </com.dotmarketing.portlets.structure.model.Structure>
  <com.dotmarketing.portlets.structure.model.Structure>
    <iDate class="sql-timestamp">2012-12-05 21:21:58.74</iDate>
    <type>structure</type>
    <owner>dotcms.org.1</owner>
    <inode>4c441ada-944a-43af-a653-9bb4f3f0cb2b</inode>
    <identifier></identifier>
    <name>Banner</name>
    <description>Hero image used on homepage and landing pages</description>
    <defaultStructure>false</defaultStructure>
    <pagedetail></pagedetail>
    <structureType>1</structureType>
    <fixed>false</fixed>
    <system>false</system>
    <velocityVarName>Banner</velocityVarName>
    <host>48190c8c-42c4-46af-8d1a-0cd5db894797</host>
    <folder>SYSTEM_FOLDER</folder>
  </com.dotmarketing.portlets.structure.model.Structure>
  <com.dotmarketing.portlets.structure.model.Structure>
    <iDate class="sql-timestamp">2012-12-04 18:10:22.442</iDate>
    <type>structure</type>
    <owner></owner>
    <inode>855a2d72-f2f3-4169-8b04-ac5157c4380c</inode>
    <identifier></identifier>
    <name>Host</name>
    <description>System hosts information</description>
    <defaultStructure>false</defaultStructure>
    <pagedetail></pagedetail>
    <structureType>1</structureType>
    <fixed>true</fixed>
    <system>true</system>
    <velocityVarName>Host</velocityVarName>
    <host>SYSTEM_HOST</host>
    <folder>SYSTEM_FOLDER</folder>
  </com.dotmarketing.portlets.structure.model.Structure>
  <com.dotmarketing.portlets.structure.model.Structure>
    <iDate class="sql-timestamp">2012-11-14 19:17:49.237</iDate>
    <type>structure</type>
    <owner>dotcms.org.1</owner>
    <inode>cb1f21c7-7d98-4ea3-903f-c5de10e41700</inode>
    <identifier></identifier>
    <name>Contact Us</name>
    <description>General contact form</description>
    <defaultStructure>false</defaultStructure>
    <pagedetail></pagedetail>
    <structureType>3</structureType>
    <fixed>false</fixed>
    <system>true</system>
    <velocityVarName>ContactUs</velocityVarName>
    <host>48190c8c-42c4-46af-8d1a-0cd5db894797</host>
    <folder>SYSTEM_FOLDER</folder>
  </com.dotmarketing.portlets.structure.model.Structure>
  <com.dotmarketing.portlets.structure.model.Structure>
    <iDate class="sql-timestamp">2012-11-09 19:40:33.843</iDate>
    <type>structure</type>
    <owner>dotcms.org.1</owner>
    <inode>0a2c0fca-cdbb-4a22-bcd5-10995685160e</inode>
    <identifier></identifier>
    <name>Wiki</name>
    <description>Wiki Entry</description>
    <defaultStructure>false</defaultStructure>
    <pagedetail></pagedetail>
    <structureType>1</structureType>
    <fixed>false</fixed>
    <system>false</system>
    <velocityVarName>Wiki</velocityVarName>
    <host>48190c8c-42c4-46af-8d1a-0cd5db894797</host>
    <folder>SYSTEM_FOLDER</folder>
  </com.dotmarketing.portlets.structure.model.Structure>
  <com.dotmarketing.portlets.structure.model.Structure>
    <iDate class="sql-timestamp">2012-08-29 18:19:37.752</iDate>
    <type>structure</type>
    <owner>dotcms.org.1</owner>
    <inode>84154069-d367-4edd-b121-2d813ef6715d</inode>
    <identifier></identifier>
    <name>Test</name>
    <description></description>
    <defaultStructure>false</defaultStructure>
    <pagedetail></pagedetail>
    <structureType>3</structureType>
    <fixed>false</fixed>
    <system>true</system>
    <velocityVarName>Test</velocityVarName>
    <host>48190c8c-42c4-46af-8d1a-0cd5db894797</host>
    <folder>SYSTEM_FOLDER</folder>
  </com.dotmarketing.portlets.structure.model.Structure>
  <com.dotmarketing.portlets.structure.model.Structure>
    <iDate class="sql-timestamp">2012-08-01 18:35:46.823</iDate>
    <type>structure</type>
    <owner>dotcms.org.1</owner>
    <inode>393acd6c-a496-4221-a761-fcef2fd8de33</inode>
    <identifier></identifier>
    <name>YouTube</name>
    <description>Drop a video on a page. (YouTube)</description>
    <defaultStructure>false</defaultStructure>
    <pagedetail></pagedetail>
    <structureType>2</structureType>
    <fixed>false</fixed>
    <system>false</system>
    <velocityVarName>Youtube</velocityVarName>
    <host>48190c8c-42c4-46af-8d1a-0cd5db894797</host>
    <folder>SYSTEM_FOLDER</folder>
  </com.dotmarketing.portlets.structure.model.Structure>
  <com.dotmarketing.portlets.structure.model.Structure>
    <iDate class="sql-timestamp">2012-07-05 19:26:56.706</iDate>
    <type>structure</type>
    <owner>dotcms.org.1</owner>
    <inode>d8262b9f-84ea-46f9-88c4-0c8959271d67</inode>
    <identifier></identifier>
    <name>Document</name>
    <description>Quest Financial Documents and Reports</description>
    <defaultStructure>false</defaultStructure>
    <pagedetail></pagedetail>
    <structureType>4</structureType>
    <fixed>false</fixed>
    <system>false</system>
    <velocityVarName>Document</velocityVarName>
    <host>48190c8c-42c4-46af-8d1a-0cd5db894797</host>
    <folder>SYSTEM_FOLDER</folder>
  </com.dotmarketing.portlets.structure.model.Structure>
  <com.dotmarketing.portlets.structure.model.Structure>
    <iDate class="sql-timestamp">2012-06-25 20:13:43.149</iDate>
    <type>structure</type>
    <owner>dotcms.org.1</owner>
    <inode>9ea36ae1-7775-48ae-99fe-f4ebca03a3de</inode>
    <identifier></identifier>
    <name>Products</name>
    <description>Quest Funds and Investment Products</description>
    <defaultStructure>false</defaultStructure>
    <pagedetail>4b64a746-9df0-4e32-bae2-1cb9b7e6dea7</pagedetail>
    <structureType>1</structureType>
    <fixed>false</fixed>
    <system>false</system>
    <velocityVarName>Products</velocityVarName>
    <urlMapPattern>/products/{urlTitle}</urlMapPattern>
    <host>48190c8c-42c4-46af-8d1a-0cd5db894797</host>
    <folder>SYSTEM_FOLDER</folder>
  </com.dotmarketing.portlets.structure.model.Structure>
  <com.dotmarketing.portlets.structure.model.Structure>
    <iDate class="sql-timestamp">2012-06-11 21:28:49.722</iDate>
    <type>structure</type>
    <owner>dotcms.org.1</owner>
    <inode>2182e848-0240-4931-b63d-824962b66007</inode>
    <identifier></identifier>
    <name>Media</name>
    <description>Audio, videos and images</description>
    <defaultStructure>false</defaultStructure>
    <pagedetail></pagedetail>
    <structureType>1</structureType>
    <fixed>false</fixed>
    <system>false</system>
    <velocityVarName>Media</velocityVarName>
    <host>48190c8c-42c4-46af-8d1a-0cd5db894797</host>
    <folder>SYSTEM_FOLDER</folder>
  </com.dotmarketing.portlets.structure.model.Structure>
  <com.dotmarketing.portlets.structure.model.Structure>
    <iDate class="sql-timestamp">2012-05-04 18:10:11.18</iDate>
    <type>structure</type>
    <owner>dotcms.org.1</owner>
    <inode>d2a77f80-2628-4819-bfe9-e9916eb6ba70</inode>
    <identifier></identifier>
    <name>Location</name>
    <description>Office locations</description>
    <defaultStructure>false</defaultStructure>
    <pagedetail>fdeb07ff-6fc3-4237-91d9-728109bc621d</pagedetail>
    <structureType>1</structureType>
    <fixed>false</fixed>
    <system>false</system>
    <velocityVarName>Location</velocityVarName>
    <urlMapPattern>/locations/{urlTitle}</urlMapPattern>
    <host>48190c8c-42c4-46af-8d1a-0cd5db894797</host>
    <folder>SYSTEM_FOLDER</folder>
  </com.dotmarketing.portlets.structure.model.Structure>
  <com.dotmarketing.portlets.structure.model.Structure>
    <iDate class="sql-timestamp">2012-05-04 18:09:42.61</iDate>
    <type>structure</type>
    <owner>dotcms.org.1</owner>
    <inode>799f176a-d32e-4844-a07c-1b5fcd107578</inode>
    <identifier></identifier>
    <name>Blog</name>
    <description></description>
    <defaultStructure>false</defaultStructure>
    <pagedetail>8f9892b8-de32-439a-b496-5c6620ac317a</pagedetail>
    <structureType>1</structureType>
    <fixed>false</fixed>
    <system>false</system>
    <velocityVarName>Blog</velocityVarName>
    <urlMapPattern>/blog/{urlTitle}</urlMapPattern>
    <host>48190c8c-42c4-46af-8d1a-0cd5db894797</host>
    <folder>SYSTEM_FOLDER</folder>
  </com.dotmarketing.portlets.structure.model.Structure>
  <com.dotmarketing.portlets.structure.model.Structure>
    <iDate class="sql-timestamp">2012-03-27 14:57:50.57</iDate>
    <type>structure</type>
    <owner>dotcms.org.1</owner>
    <inode>ddf29c1e-babd-40a8-bfed-920fc9b8c77f</inode>
    <identifier></identifier>
    <name>Employee</name>
    <description>Employee or staff member</description>
    <defaultStructure>false</defaultStructure>
    <pagedetail></pagedetail>
    <structureType>1</structureType>
    <fixed>false</fixed>
    <system>false</system>
    <velocityVarName>Employee</velocityVarName>
    <host>48190c8c-42c4-46af-8d1a-0cd5db894797</host>
    <folder>SYSTEM_FOLDER</folder>
  </com.dotmarketing.portlets.structure.model.Structure>
  <com.dotmarketing.portlets.structure.model.Structure>
    <iDate class="sql-timestamp">2012-03-20 18:11:27.629</iDate>
    <type>structure</type>
    <owner>dotcms.org.1</owner>
    <inode>e65543eb-6b81-42e0-a59b-1bb9fd7bfce4</inode>
    <identifier></identifier>
    <name>Video</name>
    <description></description>
    <defaultStructure>false</defaultStructure>
    <pagedetail></pagedetail>
    <structureType>4</structureType>
    <fixed>false</fixed>
    <system>false</system>
    <velocityVarName>Video</velocityVarName>
    <host>48190c8c-42c4-46af-8d1a-0cd5db894797</host>
    <folder>SYSTEM_FOLDER</folder>
  </com.dotmarketing.portlets.structure.model.Structure>
  <com.dotmarketing.portlets.structure.model.Structure>
    <iDate class="sql-timestamp">2012-03-07 22:16:57.872</iDate>
    <type>structure</type>
    <owner>dotcms.org.1</owner>
    <inode>c312aea3-1c27-46dc-963e-9d978fad314c</inode>
    <identifier></identifier>
    <name>Image Gallery</name>
    <description>Diplay image and meta information in a particular folder</description>
    <defaultStructure>false</defaultStructure>
    <pagedetail></pagedetail>
    <structureType>2</structureType>
    <fixed>false</fixed>
    <system>false</system>
    <velocityVarName>ImageGallery</velocityVarName>
    <host>23836f6d-6a92-446f-b147-29e4724eedd8</host>
    <folder>SYSTEM_FOLDER</folder>
  </com.dotmarketing.portlets.structure.model.Structure>
  <com.dotmarketing.portlets.structure.model.Structure>
    <iDate class="sql-timestamp">2012-03-02 21:20:03.666</iDate>
    <type>structure</type>
    <inode>2a3e91e4-fbbf-4876-8c5b-2233c1739b05</inode>
    <identifier></identifier>
    <name>Content (Generic)</name>
    <description>Generic web page content</description>
    <defaultStructure>true</defaultStructure>
    <pagedetail></pagedetail>
    <structureType>1</structureType>
    <fixed>false</fixed>
    <system>false</system>
    <velocityVarName>webPageContent</velocityVarName>
    <host>SYSTEM_HOST</host>
    <folder>SYSTEM_FOLDER</folder>
  </com.dotmarketing.portlets.structure.model.Structure>
  <com.dotmarketing.portlets.structure.model.Structure>
    <iDate class="sql-timestamp">2012-03-02 16:49:50.731</iDate>
    <type>structure</type>
    <owner>dotcms.org.1</owner>
    <inode>4d701fe3-fcc3-4fca-a854-66802644dc72</inode>
    <identifier></identifier>
    <name>Multimedia</name>
    <description>Video and Multimedia</description>
    <defaultStructure>false</defaultStructure>
    <pagedetail></pagedetail>
    <structureType>2</structureType>
    <fixed>false</fixed>
    <system>false</system>
    <velocityVarName>VideoListing</velocityVarName>
    <host>48190c8c-42c4-46af-8d1a-0cd5db894797</host>
    <folder>SYSTEM_FOLDER</folder>
  </com.dotmarketing.portlets.structure.model.Structure>
  <com.dotmarketing.portlets.structure.model.Structure>
    <iDate class="sql-timestamp">2012-02-29 21:58:18.348</iDate>
    <type>structure</type>
    <owner>dotcms.org.1</owner>
    <inode>8da956da-1e96-4c52-9ffa-7c12c8ef17e4</inode>
    <identifier></identifier>
    <name>Twitter</name>
    <description>Pulls feed from Twitter</description>
    <defaultStructure>false</defaultStructure>
    <pagedetail></pagedetail>
    <structureType>2</structureType>
    <fixed>false</fixed>
    <system>false</system>
    <velocityVarName>Twitter</velocityVarName>
    <host>48190c8c-42c4-46af-8d1a-0cd5db894797</host>
    <folder>SYSTEM_FOLDER</folder>
  </com.dotmarketing.portlets.structure.model.Structure>
  <com.dotmarketing.portlets.structure.model.Structure>
    <iDate class="sql-timestamp">2012-02-29 21:56:49.522</iDate>
    <type>structure</type>
    <owner>dotcms.org.1</owner>
    <inode>1d1da030-9e0c-4839-ac1b-e1ad663b445d</inode>
    <identifier></identifier>
    <name>Google Map</name>
    <description>Creates a Google Map</description>
    <defaultStructure>false</defaultStructure>
    <pagedetail></pagedetail>
    <structureType>2</structureType>
    <fixed>false</fixed>
    <system>false</system>
    <velocityVarName>GoogleMap</velocityVarName>
    <host>48190c8c-42c4-46af-8d1a-0cd5db894797</host>
    <folder>SYSTEM_FOLDER</folder>
  </com.dotmarketing.portlets.structure.model.Structure>
  <com.dotmarketing.portlets.structure.model.Structure>
    <iDate class="sql-timestamp">2012-02-29 21:55:52.803</iDate>
    <type>structure</type>
    <owner>dotcms.org.1</owner>
    <inode>662c4a37-369d-47f1-979f-31fba12fcebf</inode>
    <identifier></identifier>
    <name>Flickr</name>
    <description>Creates a photo gallery from a Flickr feed</description>
    <defaultStructure>false</defaultStructure>
    <pagedetail></pagedetail>
    <structureType>2</structureType>
    <fixed>false</fixed>
    <system>false</system>
    <velocityVarName>SocialNetworking</velocityVarName>
    <host>48190c8c-42c4-46af-8d1a-0cd5db894797</host>
    <folder>SYSTEM_FOLDER</folder>
  </com.dotmarketing.portlets.structure.model.Structure>
  <com.dotmarketing.portlets.structure.model.Structure>
    <iDate class="sql-timestamp">2012-02-14 18:51:50.379</iDate>
    <type>structure</type>
    <owner>dotcms.org.1</owner>
    <inode>99cc45ab-cac3-41fa-ac7e-7dc0ecde14c0</inode>
    <identifier></identifier>
    <name>Mobile</name>
    <description>Widgets for the mobile site</description>
    <defaultStructure>false</defaultStructure>
    <pagedetail></pagedetail>
    <structureType>2</structureType>
    <fixed>false</fixed>
    <system>false</system>
    <velocityVarName>Mobile</velocityVarName>
    <host>d234cfc0-926e-49d1-a7a8-d7033ffe793f</host>
    <folder>SYSTEM_FOLDER</folder>
  </com.dotmarketing.portlets.structure.model.Structure>
  <com.dotmarketing.portlets.structure.model.Structure>
    <iDate class="sql-timestamp">2012-02-02 00:52:35.399</iDate>
    <type>structure</type>
    <owner>dotcms.org.1</owner>
    <inode>090e889f-caa4-453f-8ad5-213152bc6c06</inode>
    <identifier></identifier>
    <name>News Listing</name>
    <description>News listings and feeds</description>
    <defaultStructure>false</defaultStructure>
    <pagedetail></pagedetail>
    <structureType>2</structureType>
    <fixed>false</fixed>
    <system>false</system>
    <velocityVarName>NewsWidgets</velocityVarName>
    <host>48190c8c-42c4-46af-8d1a-0cd5db894797</host>
    <folder>SYSTEM_FOLDER</folder>
  </com.dotmarketing.portlets.structure.model.Structure>
  <com.dotmarketing.portlets.structure.model.Structure>
    <iDate class="sql-timestamp">2011-12-15 22:19:14.982</iDate>
    <type>structure</type>
    <owner>system</owner>
    <inode>33888b6f-7a8e-4069-b1b6-5c1aa9d0a48d</inode>
    <identifier></identifier>
    <name>File Asset</name>
    <description>Default structure for all uploaded files</description>
    <defaultStructure>false</defaultStructure>
    <structureType>4</structureType>
    <fixed>true</fixed>
    <system>false</system>
    <velocityVarName>FileAsset</velocityVarName>
    <host>SYSTEM_HOST</host>
    <folder>SYSTEM_FOLDER</folder>
  </com.dotmarketing.portlets.structure.model.Structure>
  <com.dotmarketing.portlets.structure.model.Structure>
    <iDate class="sql-timestamp">2011-07-18 21:24:19.472</iDate>
    <type>structure</type>
    <owner>system</owner>
    <inode>4d21b6d8-1711-4ae6-9419-89e2b1ae5a06</inode>
    <identifier></identifier>
    <name>Forms</name>
    <description>Forms</description>
    <defaultStructure>false</defaultStructure>
    <structureType>2</structureType>
    <fixed>false</fixed>
    <system>true</system>
    <velocityVarName>forms</velocityVarName>
    <host>SYSTEM_HOST</host>
    <folder>SYSTEM_FOLDER</folder>
  </com.dotmarketing.portlets.structure.model.Structure>
  <com.dotmarketing.portlets.structure.model.Structure>
    <iDate class="sql-timestamp">2011-07-05 14:27:50.854</iDate>
    <type>structure</type>
    <owner></owner>
    <inode>a007def2-896d-4fd1-843b-d3abb5305f3f</inode>
    <identifier></identifier>
    <name>Comments</name>
    <description>Comments structure for all content</description>
    <defaultStructure>false</defaultStructure>
    <structureType>1</structureType>
    <fixed>true</fixed>
    <system>false</system>
    <velocityVarName>Comments</velocityVarName>
    <host>SYSTEM_HOST</host>
    <folder>SYSTEM_FOLDER</folder>
  </com.dotmarketing.portlets.structure.model.Structure>
  <com.dotmarketing.portlets.structure.model.Structure>
    <iDate class="sql-timestamp">2011-06-27 15:51:57.776</iDate>
    <type>structure</type>
    <owner>dotcms.org.1</owner>
    <inode>091b5c2b-d3fa-4502-853c-06c167ad867d</inode>
    <identifier></identifier>
    <name>Promotion</name>
    <description>Promotions and advertisements</description>
    <defaultStructure>false</defaultStructure>
    <pagedetail></pagedetail>
    <structureType>1</structureType>
    <fixed>false</fixed>
    <system>false</system>
    <velocityVarName>Promotion</velocityVarName>
    <host>48190c8c-42c4-46af-8d1a-0cd5db894797</host>
    <folder>SYSTEM_FOLDER</folder>
  </com.dotmarketing.portlets.structure.model.Structure>
  <com.dotmarketing.portlets.structure.model.Structure>
    <iDate class="sql-timestamp">2011-06-27 14:30:36.393</iDate>
    <type>structure</type>
    <owner>dotcms.org.1</owner>
    <inode>9d8cba31-0072-4c38-96db-8b619f2b57ab</inode>
    <identifier></identifier>
    <name>Simple Widget</name>
    <description>Use this as your default velocity container</description>
    <defaultStructure>false</defaultStructure>
    <pagedetail></pagedetail>
    <structureType>2</structureType>
    <fixed>false</fixed>
    <system>false</system>
    <velocityVarName>SimpleWidget</velocityVarName>
    <host>SYSTEM_HOST</host>
    <folder>SYSTEM_FOLDER</folder>
  </com.dotmarketing.portlets.structure.model.Structure>
</list>