<list>
  <com.dotmarketing.portlets.templates.model.Template>
    <iDate class="sql-timestamp">2010-04-27 12:08:46.895</iDate>
    <type>template</type>
    <owner></owner>
    <inode>03712a5a-4f69-47d7-abe1-70eae50efe4e</inode>
    <identifier>e5d877d7-978b-45f5-b746-a55f41dd45c2</identifier>
    <title>dotCMS Starter - Body Page (1 Column del)</title>
    <friendlyName>One column template NO Side menu</friendlyName>
    <modDate class="sql-timestamp">2010-04-27 12:08:57.489</modDate>
    <modUser>dotcms.org.1</modUser>
    <sortOrder>0</sortOrder>
    <showOnMenu>false</showOnMenu>
    <body>&lt;!DOCTYPE HTML PUBLIC &quot;-//W3C//DTD HTML 4.01//EN&quot; &quot;http://www.w3.org/TR/html4/strict.dtd&quot;&gt;&#xd;
&lt;html&gt;&#xd;
&lt;head&gt;&#xd;
  ## Container: Starter - Document Header&#xd;
  ## This is autogenerated code that cannot be changed&#xd;
  #parseContainer(&apos;8da9f8a0-a555-42d8-804e-6ee0a7909a59&apos;)&#xd;
&lt;/head&gt;&#xd;
&#xd;
&lt;body class=&quot;$!{host.theme}&quot;&gt;&#xd;
&#xd;
&lt;div id=&quot;$!{host.pageWidth}&quot;&gt;&#xd;
&#xd;
  &lt;!-- START HEADER --&gt;    &#xd;
    &lt;div id=&quot;hd&quot;&gt;&#xd;
      ## Container: Starter - Page Header (hd)&#xd;
      ## This is autogenerated code that cannot be changed&#xd;
      #parseContainer(&apos;a44595f1-6f89-4e21-9431-adf20efd614a&apos;)&#xd;
    &lt;/div&gt;&#xd;
  &#xd;
    &lt;div class=&quot;pagetitle ui-accordion-header ui-helper-reset ui-state-default ui-corner-all&quot;&gt;&#xd;
      &lt;div class=&quot;crumbTrail&quot;&gt;&#xd;
        #crumbTrail()&#xd;
      &lt;div class=&quot;clear&quot;&gt;&lt;/div&gt;&#xd;
      &lt;/div&gt;&#xd;
    &lt;/div&gt;&#xd;
  &lt;!-- END HEADER --&gt;&#xd;
&#xd;
  &lt;!-- START BODY --&gt;&#xd;
  &lt;div id=&quot;bd&quot; class=&quot;bodyPage&quot;&gt;&#xd;
    &lt;div class=&quot;yui-b&quot;&gt;      &#xd;
      &lt;div class=&quot;bodyContent ui-widget-content ui-corner-all&quot;&gt;&#xd;
        ## Container: Starter - Body Container 1&#xd;
        ## This is autogenerated code that cannot be changed&#xd;
        #parseContainer(&apos;102a883e-b471-4ccb-8445-41d0a6e25cd3&apos;)&#xd;
      &lt;/div&gt;&#xd;
    &lt;/div&gt;&#xd;
  &lt;/div&gt;&#xd;
  &lt;!-- END BODY --&gt;&#xd;
&#xd;
  &lt;!-- START Footer --&gt;&#xd;
  &lt;div id=&quot;ft&quot; class=&quot;rounded&quot; style=&quot;padding:15px 20px;&quot;&gt;&#xd;
    ## Container: Starter - Page Footer (ft)&#xd;
    ## This is autogenerated code that cannot be changed&#xd;
    #parseContainer(&apos;7c9fa139-4699-41b9-8e86-5a6d411806c5&apos;)&#xd;
  &lt;/div&gt;&#xd;
  &lt;!-- END Footer --&gt;&#xd;
&#xd;
&lt;/div&gt;&#xd;
&#xd;
&lt;/body&gt;&#xd;
&lt;/html&gt;&#xd;
</body>
    <image></image>
    <drawed>false</drawed>
  </com.dotmarketing.portlets.templates.model.Template>
  <com.dotmarketing.portlets.templates.model.Template>
    <iDate class="sql-timestamp">2012-09-06 09:01:25.214</iDate>
    <type>template</type>
    <owner></owner>
    <inode>528ffa73-0447-46d7-832b-1a64e76be523</inode>
    <identifier>50b64032-20cd-4169-8063-b023e53f572a</identifier>
    <title>Video page (1 Column, video header)</title>
    <friendlyName>1 Column (Video page)</friendlyName>
    <modDate class="sql-timestamp">2012-09-06 09:01:25.282</modDate>
    <modUser>dotcms.org.1</modUser>
    <sortOrder>0</sortOrder>
    <showOnMenu>false</showOnMenu>
    <body>&lt;!DOCTYPE html&gt;&#xd;
&lt;html lang=&quot;en&quot;&gt;&#xd;
&#xd;
&lt;head&gt;&#xd;
  ## Container: Header&#xd;
  ## This is autogenerated code that cannot be changed&#xd;
  #parseContainer(&apos;afc45ad4-ee91-43a8-9562-3f9f7060e362&apos;)&#xd;
&lt;/head&gt;&#xd;
&#xd;
&lt;body&gt;&#xd;
   &#xd;
  &lt;!--==============================header=================================--&gt;&#xd;
  &lt;header class=&quot;header-bg&quot;&gt;&#xd;
    &lt;div class=&quot;container&quot;&gt;&#xd;
        ## Container: Top Nav&#xd;
        ## This is autogenerated code that cannot be changed&#xd;
        #parseContainer(&apos;685132f6-12a6-45d0-a4e4-99f14ebce429&apos;)&#xd;
    &lt;/div&gt;&#xd;
  &lt;/header&gt;&#xd;
 &#xd;
&#xd;
  &lt;!--==============================content================================--&gt;&#xd;
  &lt;div class=&quot;bg&quot;&gt;&#xd;
    &lt;div class=&quot;container&quot;&gt;&#xd;
      &lt;div class=&quot;row&quot;&gt;&#xd;
        ## Container: Featured Video&#xd;
        ## This is autogenerated code that cannot be changed&#xd;
        #parseContainer(&apos;214d7269-242b-4cf5-a3d7-59052d81e540&apos;)&#xd;
      &lt;/div&gt;&#xd;
      &lt;div class=&quot;row&quot;&gt;&#xd;
        ## Container: Default 1 (Web Page Content)&#xd;
        ## This is autogenerated code that cannot be changed&#xd;
        #parseContainer(&apos;56bd55ea-b04b-480d-9e37-5d6f9217dcc3&apos;)&#xd;
      &lt;/div&gt;&#xd;
    &lt;/div&gt;&#xd;
  &lt;/div&gt;&#xd;
&#xd;
               &#xd;
  ## Container: Footer&#xd;
  ## This is autogenerated code that cannot be changed&#xd;
  #parseContainer(&apos;18b44489-f942-40ed-90d9-f20dbdfe689e&apos;)&#xd;
&#xd;
&lt;/body&gt;&#xd;
&lt;/html&gt;</body>
    <image>cb905063-e55b-4f57-ba2f-abca263ebb19</image>
    <drawed>false</drawed>
  </com.dotmarketing.portlets.templates.model.Template>
  <com.dotmarketing.portlets.templates.model.Template>
    <iDate class="sql-timestamp">2012-09-14 08:26:08.622</iDate>
    <type>template</type>
    <owner></owner>
    <inode>b320cc4d-ec82-4b49-b511-4a03001d56c2</inode>
    <identifier>0a1cf815-ac9a-4619-9100-19631b739776</identifier>
    <title>Mobile Site Homepage</title>
    <friendlyName>Mobile site homepage template uses Jquery mobile</friendlyName>
    <modDate class="sql-timestamp">2012-09-14 08:26:08.772</modDate>
    <modUser>dotcms.org.1</modUser>
    <sortOrder>0</sortOrder>
    <showOnMenu>false</showOnMenu>
    <body>#set($mobileSite = &quot;true&quot;)&#xd;
&lt;!DOCTYPE html&gt;&#xd;
&lt;html&gt;&#xd;
&lt;head&gt;&#xd;
  &lt;meta charset=&quot;utf-8&quot;&gt;&#xd;
  &lt;meta name=&quot;viewport&quot; content=&quot;width=device-width, initial-scale=1&quot;&gt;&#xd;
  &lt;title&gt;Quest Financial&lt;/title&gt;&#xd;
  &#xd;
  &lt;link rel=&quot;stylesheet&quot; href=&quot;/css/jquery.mobile-1.0.min.css&quot; /&gt;&#xd;
  &lt;link rel=&quot;stylesheet&quot; href=&quot;/css/jquery-mobile-fluid960.min.css&quot; /&gt;&#xd;
  &lt;link rel=&quot;stylesheet&quot; href=&quot;/css/style-mobile.css&quot; /&gt;&#xd;
  &lt;link rel=&quot;stylesheet&quot; href=&quot;/css/photoswipe.css&quot; /&gt;&#xd;
  &#xd;
  &lt;script type=&quot;text/javascript&quot; src=&quot;/js/klass.min.js&quot;&gt;&lt;/script&gt;&#xd;
  &lt;script src=&quot;/js/jquery-1.7.1.min.js&quot;&gt;&lt;/script&gt;&#xd;
  &lt;script src=&quot;/js/jquery.mobile-1.1.0.min.js&quot;&gt;&lt;/script&gt;&#xd;
  &lt;script src=&quot;/js/coin-slider.min.js&quot;&gt;&lt;/script&gt;&#xd;
  &lt;script src=&quot;/js/code.photoswipe.jquery-3.0.5.min.js&quot;&gt;&lt;/script&gt;&#xd;
  &lt;script type=&quot;text/javascript&quot; src=&quot;http://maps.google.com/maps/api/js?sensor=true&quot;&gt;&lt;/script&gt;&#xd;
  &#xd;
  &lt;script&gt;&#xd;
    $(document).ready(function() {&#xd;
      $(&apos;.toggleMe&apos;).click(function() {&#xd;
        $(&apos;#menuContent&apos;).fadeToggle(&apos;fast&apos;, &apos;linear&apos;);&#xd;
        $(&apos;#menuScreen&apos;).fadeToggle(&apos;fast&apos;, &apos;linear&apos;);&#xd;
        $(&apos;.menu-toggle&apos;).toggleClass(&apos;menu-on&apos;);&#xd;
      });&#xd;
      &#xd;
      $(&apos;a[rel=&quot;external&quot;]&apos;).addClass(&apos;blue-bg&apos;);&#xd;
      &#xd;
      #dotParse(&apos;//shared/vtl/widgets/mobile/mobile-banner.vtl&apos;)&#xd;
    });&#xd;
      &#xd;
    &#xd;
    (function(window, $, PhotoSwipe){&#xd;
      &#xd;
      $(document).ready(function(){&#xd;
        &#xd;
        $(&apos;div.gallery-page&apos;)&#xd;
          .live(&apos;pageshow&apos;, function(e){&#xd;
            &#xd;
            var &#xd;
              currentPage = $(e.target),&#xd;
              options = {},&#xd;
              photoSwipeInstance = $(&quot;ul.gallery a&quot;, e.target).photoSwipe(options,  currentPage.attr(&apos;id&apos;));&#xd;
              &#xd;
            return true;&#xd;
            &#xd;
          })&#xd;
          &#xd;
          .live(&apos;pagehide&apos;, function(e){&#xd;
            &#xd;
            var &#xd;
              currentPage = $(e.target),&#xd;
              photoSwipeInstance = PhotoSwipe.getInstance(currentPage.attr(&apos;id&apos;));&#xd;
&#xd;
            if (typeof photoSwipeInstance != &quot;undefined&quot; &amp;&amp; photoSwipeInstance != null) {&#xd;
              PhotoSwipe.detatch(photoSwipeInstance);&#xd;
            }&#xd;
            &#xd;
            return true;&#xd;
            &#xd;
          });&#xd;
        &#xd;
      });&#xd;
    &#xd;
    }(window, window.jQuery, window.Code.PhotoSwipe));&#xd;
    &#xd;
  &lt;/script&gt;&#xd;
&lt;/head&gt;&#xd;
&#xd;
&#xd;
&lt;body&gt;&#xd;
  &#xd;
  &lt;div id=&quot;menuScreen&quot; class=&quot;toggleMe&quot;&gt;&lt;/div&gt;&#xd;
  &#xd;
  &lt;div class=&quot;toolbar&quot;&gt;&#xd;
    &lt;h1 class=&quot;logo left&quot;&gt;&lt;a href=&quot;#home&quot; data-transition=&quot;slide&quot; data-direction=&quot;reverse&quot;&gt;Quest Financial&lt;/a&gt;&lt;/h1&gt;&#xd;
    &lt;a class=&quot;menu-toggle right toggleMe&quot; target=&quot;_blank&quot; rel=&quot;external&quot;&gt;Menu&lt;/a&gt;&#xd;
    &lt;div class=&quot;menu&quot;&gt;&#xd;
      &lt;div id=&quot;menuContent&quot;&gt;&#xd;
        #set($navigationSourceCode = &apos;//shared/vtl/macros/nav-jquerymobile.vtl&apos;)&#xd;
        #set ($styleClass = &quot;class=&apos;toggleMe&apos; data-transition=&apos;slide&apos;&quot;)&#xd;
        #navigation(1,1)&#xd;
        &lt;a class=&quot;menu-close toggleMe&quot; target=&quot;_blank&quot; rel=&quot;external&quot;&gt;Close&lt;/a&gt;&#xd;
      &lt;/div&gt;&#xd;
    &lt;/div&gt;&#xd;
  &lt;/div&gt;&#xd;
  &#xd;
    &#xd;
  &lt;div data-role=&quot;page&quot; data-url=&quot;home&quot; id=&quot;mobile_index&quot; class=&quot;ui-page ui-body-c ui-page-active&quot; style=&quot;min-height: 320px;&quot;&gt;&#xd;
    &#xd;
&#xd;
    &lt;div data-role=&quot;content&quot;&gt;&#xd;
&#xd;
      &lt;div id=&quot;coin-slider&quot;&gt;&lt;/div&gt;&#xd;
&#xd;
      &lt;!-- start landing page --&gt;&#xd;
      ## Container: Mobile - Promotions&#xd;
      ## This is autogenerated code that cannot be changed&#xd;
      #parseContainer(&apos;55aca12f-0d1c-4733-aae3-28b96cf36895&apos;)&#xd;
&#xd;
      ## Container: Mobile Defualt&#xd;
      ## This is autogenerated code that cannot be changed&#xd;
      #parseContainer(&apos;c7776bbb-d38a-43a1-af3b-6cfa36ba9747&apos;)&#xd;
      &lt;!-- end landing page --&gt;&#xd;
      &#xd;
    &lt;/div&gt;&#xd;
      &#xd;
    ## Container: Mobile Footer&#xd;
    ## This is autogenerated code that cannot be changed&#xd;
    #parseContainer(&apos;5d40ab00-33c0-429f-9d97-9608236cf22f&apos;)&#xd;
    &#xd;
  &lt;/div&gt;&#xd;
    &#xd;
&lt;/body&gt;&#xd;
&lt;/html&gt;</body>
    <image></image>
    <drawed>false</drawed>
  </com.dotmarketing.portlets.templates.model.Template>
  <com.dotmarketing.portlets.templates.model.Template>
    <iDate class="sql-timestamp">2012-07-10 15:30:59.361</iDate>
    <type>template</type>
    <owner></owner>
    <inode>aea3431c-4ea2-409d-916e-62dd75fa3457</inode>
    <identifier>0f2d2e2d-ecdd-4b6a-9692-1f511b81af5e</identifier>
    <title>Mobile Site Detail Page (w/ Back Button)</title>
    <friendlyName>Default body detail page for Mobile site with back button</friendlyName>
    <modDate class="sql-timestamp">2012-07-10 15:30:59.399</modDate>
    <modUser>dotcms.org.1</modUser>
    <sortOrder>0</sortOrder>
    <showOnMenu>false</showOnMenu>
    <body>&lt;div data-role=&quot;page&quot; data-title=&quot;$friendlyName&quot; id=&quot;${friendlyName.replaceAll(&apos; &apos;, &apos;&apos;)}&quot;&gt;&#xd;
  &#xd;
  &lt;!-- start content --&gt;&#xd;
  &lt;div data-role=&quot;content&quot; class=&quot;detail&quot;&gt;&#xd;
    &lt;div class=&quot;detail-head&quot;&gt;&#xd;
      &lt;a href=&quot;#&quot; data-rel=&quot;back&quot; data-direction=&quot;reverse&quot; class=&quot;back-btn&quot;&gt;&lt;span&gt;&lt;/span&gt;Back&lt;/a&gt;&#xd;
    &lt;/div&gt;&#xd;
    &lt;div style=&quot;padding:10px;margin:5px 0 20px 0;&quot;&gt;&#xd;
      ## Container: Mobile Defualt&#xd;
      ## This is autogenerated code that cannot be changed&#xd;
      #parseContainer(&apos;c7776bbb-d38a-43a1-af3b-6cfa36ba9747&apos;)&#xd;
    &lt;/div&gt;&#xd;
  &lt;/div&gt;&#xd;
  &lt;!-- end content --&gt;&#xd;
  &#xd;
  ## Container: Mobile Footer&#xd;
  ## This is autogenerated code that cannot be changed&#xd;
  #parseContainer(&apos;5d40ab00-33c0-429f-9d97-9608236cf22f&apos;)&#xd;
&#xd;
&lt;/div&gt;&#xd;
</body>
    <image></image>
    <drawed>false</drawed>
  </com.dotmarketing.portlets.templates.model.Template>
  <com.dotmarketing.portlets.templates.model.Template>
    <iDate class="sql-timestamp">2012-07-10 16:07:53.526</iDate>
    <type>template</type>
    <owner></owner>
    <inode>87391882-4537-4c63-bf88-28c3d20da518</inode>
    <identifier>9341b41d-e4d8-4ac3-bcca-5ac241db4f5d</identifier>
    <title>Mobile Site Body Page</title>
    <friendlyName>Default body page for Mobile site</friendlyName>
    <modDate class="sql-timestamp">2012-07-10 16:07:53.581</modDate>
    <modUser>dotcms.org.1</modUser>
    <sortOrder>0</sortOrder>
    <showOnMenu>false</showOnMenu>
    <body>&lt;div data-role=&quot;page&quot; data-title=&quot;$friendlyName&quot; id=&quot;${friendlyName.replaceAll(&apos; &apos;, &apos;&apos;)}&quot;&gt;&#xd;
  &#xd;
  &lt;div data-role=&quot;content&quot; class=&quot;detail&quot;&gt;&#xd;
      &lt;h2 class=&quot;titleBar&quot;&gt;$!{friendlyName}&lt;/h2&gt;&#xd;
      &lt;div style=&quot;padding:10px;margin:5px 0 20px 0;&quot;&gt;&#xd;
        ## Container: Mobile Defualt&#xd;
        ## This is autogenerated code that cannot be changed&#xd;
        #parseContainer(&apos;c7776bbb-d38a-43a1-af3b-6cfa36ba9747&apos;)&#xd;
      &lt;/div&gt;&#xd;
  &lt;/div&gt;&#xd;
  &#xd;
  ## Container: Mobile Footer&#xd;
  ## This is autogenerated code that cannot be changed&#xd;
  #parseContainer(&apos;5d40ab00-33c0-429f-9d97-9608236cf22f&apos;)&#xd;
&#xd;
&lt;/div&gt;</body>
    <image></image>
    <drawed>false</drawed>
  </com.dotmarketing.portlets.templates.model.Template>
  <com.dotmarketing.portlets.templates.model.Template>
    <iDate class="sql-timestamp">2012-07-10 15:40:01.865</iDate>
    <type>template</type>
    <owner></owner>
    <inode>bace6d28-840a-4aae-acd5-5490624d1adb</inode>
    <identifier>993d1322-b209-4720-b4c7-a0f816c49df8</identifier>
    <title>Mobile Photo Gallery</title>
    <friendlyName>Mobile Photo Gallery</friendlyName>
    <modDate class="sql-timestamp">2012-07-10 15:40:01.996</modDate>
    <modUser>dotcms.org.1</modUser>
    <sortOrder>0</sortOrder>
    <showOnMenu>false</showOnMenu>
    <body>&lt;div data-role=&quot;page&quot; data-title=&quot;$friendlyName&quot; id=&quot;Gallery1&quot; class=&quot;gallery-page&quot;&gt;&#xd;
  &#xd;
  &lt;!-- start content --&gt;&#xd;
  &lt;div data-role=&quot;content&quot; class=&quot;detail&quot;&gt;&#xd;
    &lt;div class=&quot;detail-head&quot;&gt;&#xd;
      &lt;a href=&quot;#&quot; data-rel=&quot;back&quot; data-direction=&quot;reverse&quot; class=&quot;back-btn&quot;&gt;&lt;span&gt;&lt;/span&gt;Back&lt;/a&gt;&#xd;
    &lt;/div&gt;&#xd;
    &lt;div style=&quot;padding:10px;margin:5px 0 20px 0;&quot;&gt;&#xd;
      ## Container: Mobile Defualt&#xd;
      ## This is autogenerated code that cannot be changed&#xd;
      #parseContainer(&apos;c7776bbb-d38a-43a1-af3b-6cfa36ba9747&apos;)&#xd;
    &lt;/div&gt;&#xd;
  &lt;/div&gt;&#xd;
  &lt;!-- end content --&gt;&#xd;
  &#xd;
  ## Container: Mobile Footer&#xd;
  ## This is autogenerated code that cannot be changed&#xd;
  #parseContainer(&apos;5d40ab00-33c0-429f-9d97-9608236cf22f&apos;)&#xd;
&#xd;
&lt;/div&gt;&#xd;
&#xd;
</body>
    <image></image>
    <drawed>false</drawed>
  </com.dotmarketing.portlets.templates.model.Template>
  <com.dotmarketing.portlets.templates.model.Template>
    <iDate class="sql-timestamp">2012-01-19 12:24:30.413</iDate>
    <type>template</type>
    <owner></owner>
    <inode>fd383682-6e49-4c80-ae6d-610ea0575180</inode>
    <identifier>783e9096-0473-4db5-bdca-d7ee7ceba13f</identifier>
    <title>Mobile - Homepage</title>
    <friendlyName>Mobile - Homepage</friendlyName>
    <modDate class="sql-timestamp">2012-01-19 14:51:27.474</modDate>
    <modUser>dotcms.org.1</modUser>
    <sortOrder>0</sortOrder>
    <showOnMenu>false</showOnMenu>
    <body>&lt;!DOCTYPE html&gt;&#xd;
&lt;html&gt;&#xd;
&lt;head&gt;&#xd;
  &lt;meta charset=&quot;utf-8&quot;&gt;&#xd;
  &lt;meta type=&quot;text/javascript&quot; /&gt;&#xd;
  &lt;meta name=&quot;viewport&quot; content=&quot;width=device-width, initial-scale=1, maximum-scale=1, user-scalable=0&quot;&gt;&#xd;
  &lt;title&gt;Quest Financial&lt;/title&gt;&#xd;
&#xd;
  &lt;link rel=&quot;stylesheet&quot; href=&quot;/css/jquery.mobile-1.0.min.css&quot; /&gt;&#xd;
  &lt;link rel=&quot;stylesheet&quot; href=&quot;/css/jquery-mobile-fluid960.min.css&quot; /&gt;&#xd;
  &lt;link rel=&quot;stylesheet&quot; href=&quot;/css/style-mobile.css&quot; /&gt;&#xd;
  &#xd;
  &lt;script src=&quot;/js/jquery-1.7.min.js&quot;&gt;&lt;/script&gt;&#xd;
  &lt;script src=&quot;/js/jquery.mobile-1.0.min.js&quot;&gt;&lt;/script&gt;&#xd;
  &lt;script src=&quot;/js/coin-slider.min.js&quot;&gt;&lt;/script&gt;&#xd;
  &#xd;
  &lt;script&gt;&#xd;
    $(document).ready(function() {&#xd;
      $(&apos;.toggleMe&apos;).click(function() {&#xd;
        $(&apos;#menuContent&apos;).fadeToggle(&apos;fast&apos;, &apos;linear&apos;);&#xd;
        $(&apos;#menuScreen&apos;).fadeToggle(&apos;fast&apos;, &apos;linear&apos;);&#xd;
        $(&apos;.menu-toggle&apos;).toggleClass(&apos;menu-on&apos;);&#xd;
      });&#xd;
      &#xd;
      $(&apos;#coin-slider&apos;).swipeleft(function(){&#xd;
        alert(&quot;right&quot;);&#xd;
      });&#xd;
      $(&apos;#coin-slider&apos;).swiperight(function(){&#xd;
        alert(&quot;right&quot;);&#xd;
      });&#xd;
      &#xd;
      var x = $(window).width();&#xd;
      var y = Math.round(x*0.4);&#xd;
      &#xd;
      document.getElementById(&quot;coin-slider&quot;).innerHTML=&#xd;
      &quot;&lt;a href=\&quot;#\&quot;&gt;&quot; + &#xd;
      &quot;&lt;img src=\&quot;http://starter.dotcms.com:8080/contentAsset/resize-image/c6648b39-899e-4912-b44b-407c3b216a50/image?h=&quot; + y + &quot;\&quot; alt=\&quot;What&apos;s Your Strategy?\&quot; /&gt;&quot; +&#xd;
      &quot;&lt;span&gt;&lt;b&gt;What&apos;s Your Strategy?&lt;/b&gt;&lt;br/&gt;Aute irure dolor reprder invoptate velit dolore inugiat oficia molit anim laborum excepteur sint inocecat cupidatan. roident sunt culpa quofficia. deseruntollit anim.&lt;/span&gt;&quot; +&#xd;
      &quot;&lt;/a&gt;&quot; +&#xd;
      &#xd;
      &quot;&lt;a href=\&quot;#\&quot;&gt;&quot; + &#xd;
      &quot;&lt;img src=\&quot;http://starter.dotcms.com:8080/contentAsset/resize-image/e5c58514-44fb-43e7-b9ed-45f9e2e2fe3c/image?h=&quot; + y + &quot;\&quot; alt=\&quot;What&apos;s Your Strategy?\&quot; /&gt;&quot; +&#xd;
      &quot;&lt;span&gt;&lt;b&gt;What&apos;s Your Strategy?&lt;/b&gt;&lt;br/&gt;Aute irure dolor reprder invoptate velit dolore inugiat oficia molit anim laborum excepteur sint inocecat cupidatan. roident sunt culpa quofficia. deseruntollit anim.&lt;/span&gt;&quot; +&#xd;
      &quot;&lt;/a&gt;&quot; +&#xd;
      &#xd;
      &quot;&lt;a href=\&quot;#\&quot;&gt;&quot; + &#xd;
      &quot;&lt;img src=\&quot;http://starter.dotcms.com:8080/contentAsset/resize-image/0bb7a4ae-0af7-4274-9e13-a34bda5a0235/image?h=&quot; + y + &quot;\&quot; alt=\&quot;What&apos;s Your Strategy?\&quot; /&gt;&quot; +&#xd;
      &quot;&lt;span&gt;&lt;b&gt;What&apos;s Your Strategy?&lt;/b&gt;&lt;br/&gt;Aute irure dolor reprder invoptate velit dolore inugiat oficia molit anim laborum excepteur sint inocecat cupidatan. roident sunt culpa quofficia. deseruntollit anim.&lt;/span&gt;&quot; +&#xd;
      &quot;&lt;/a&gt;&quot;&#xd;
&#xd;
      $(&apos;#coin-slider&apos;).coinslider({ &#xd;
        navigation: true, &#xd;
        delay: 5000, &#xd;
        effect: &apos;straight&apos;, &#xd;
        opacity: 0.7, &#xd;
        hoverPause: true, &#xd;
        height: y,&#xd;
        width: x,&#xd;
        spw: 5, &#xd;
        sph: 3&#xd;
      });&#xd;
    });&#xd;
  &lt;/script&gt;&#xd;
&lt;/head&gt;&#xd;
&lt;body&gt;&#xd;
&#xd;
    &#xd;
  &lt;div id=&quot;menuScreen&quot; class=&quot;toggleMe&quot;&gt;&lt;/div&gt;&#xd;
  &#xd;
  &lt;!-- start header --&gt;&#xd;
  &lt;div class=&quot;toolbar&quot;&gt;&#xd;
    &lt;h1 class=&quot;logo left&quot;&gt;&lt;a href=&quot;#home&quot; data-transition=&quot;slide&quot;&gt;Quest Financial&lt;/a&gt;&lt;/h1&gt;&#xd;
    &lt;a class=&quot;menu-toggle right toggleMe&quot; target=&quot;_blank&quot; rel=&quot;external&quot;&gt;Menu&lt;/a&gt;&#xd;
    &lt;div class=&quot;menu&quot;&gt;&#xd;
      &lt;div id=&quot;menuContent&quot;&gt;&#xd;
        &lt;ul class=&quot;default&quot;&gt;&#xd;
          &lt;li&gt;&lt;a href=&quot;about-us.html&quot; class=&quot;toggleMe&quot; data-transition=&quot;slide&quot;&gt;About Quest Financial&lt;/a&gt;&lt;/li&gt;&#xd;
          &lt;li&gt;&lt;a href=&quot;products.html&quot; class=&quot;toggleMe&quot; data-transition=&quot;none&quot;&gt;Investable Products&lt;/a&gt;&lt;/li&gt;&#xd;
          &lt;li&gt;&lt;a href=&quot;services.html&quot; class=&quot;toggleMe&quot; data-transition=&quot;none&quot;&gt;Financial Services&lt;/a&gt;&lt;/li&gt;&#xd;
          &lt;li&gt;&lt;a href=&quot;resources.html&quot; class=&quot;toggleMe&quot; data-transition=&quot;none&quot;&gt;Investor Resources&lt;/a&gt;&lt;/li&gt;&#xd;
          &lt;li&gt;&lt;a href=&quot;team.html&quot; class=&quot;toggleMe&quot; data-transition=&quot;none&quot;&gt;Our Team&lt;/a&gt;&lt;/li&gt;&#xd;
          &lt;li&gt;&lt;a href=&quot;http://m.comcast.net/m/&quot; rel=&quot;external&quot; target=&quot;_blank&quot; class=&quot;blue-bg&quot;&gt;&lt;span class=&quot;grey&quot;&gt;Locations and Maps&lt;/span&gt;&lt;/a&gt;&lt;/li&gt;&#xd;
        &lt;/ul&gt;&#xd;
        &lt;a class=&quot;menu-close toggleMe&quot; target=&quot;_blank&quot; rel=&quot;external&quot;&gt;Close&lt;/a&gt;&#xd;
      &lt;/div&gt;&#xd;
    &lt;/div&gt;&#xd;
  &lt;/div&gt;&#xd;
    &#xd;
  &lt;!-- Start of Home page --&gt;&#xd;
  &lt;div data-role=&quot;page&quot; data-url=&quot;home&quot; id=&quot;mobile_index&quot; class=&quot;ui-page ui-body-c ui-page-active&quot; style=&quot;min-height: 320px;&quot;&gt;&#xd;
    &lt;!-- start content --&gt;&#xd;
    &lt;div data-role=&quot;content&quot;&gt;&#xd;
&#xd;
      &lt;!-- start carousel --&gt;&#xd;
      &lt;div id=&quot;coin-slider&quot;&gt;&lt;/div&gt;&#xd;
      &lt;!-- end carousel --&gt;&#xd;
&#xd;
      &lt;!-- start landing page cta --&gt;&#xd;
      &lt;div class=&quot;container_12 landing-services&quot;&gt;&#xd;
        &lt;div class=&quot;grid_3&quot;&gt;&lt;a href=&quot;bundles.html&quot;&gt;Wealth&lt;br /&gt;Management&lt;/a&gt;&lt;/div&gt;&#xd;
        &lt;div class=&quot;grid_3&quot;&gt;&lt;a href=&quot;products.html&quot;&gt;Private&lt;br /&gt;Banking&lt;/a&gt;&lt;/div&gt;&#xd;
        &lt;div class=&quot;grid_3&quot;&gt;&lt;a href=&quot;bundles.html&quot;&gt;Wealth&lt;br /&gt;Management&lt;/a&gt;&lt;/div&gt;&#xd;
        &lt;div class=&quot;grid_3&quot;&gt;&lt;a href=&quot;products.html&quot;&gt;Private&lt;br /&gt;Banking&lt;/a&gt;&lt;/div&gt;&#xd;
      &lt;/div&gt;&#xd;
      &lt;!-- end landing page cta --&gt;&#xd;
&#xd;
      &lt;!-- start site map menu --&gt;&#xd;
      &lt;ul class=&quot;default&quot;&gt;&#xd;
        &lt;li&gt;&lt;a href=&quot;helpsupport.html&quot;&gt;Contact Us&lt;/a&gt;&lt;/li&gt;&#xd;
        &lt;li&gt;&lt;a href=&quot;apps.html&quot;&gt;Locations&lt;/a&gt;&lt;/li&gt;&#xd;
        &lt;li&gt;&lt;a href=&quot;movingtoanewhome.html&quot;&gt;Headlines&lt;/a&gt;&lt;/li&gt;&#xd;
        &lt;li&gt;&lt;a href=&quot;http://m.comcast.net/m/&quot; rel=&quot;external&quot; target=&quot;_blank&quot; class=&quot;blue-bg&quot;&gt;&lt;span class=&quot;grey&quot;&gt;Trending Now&lt;/span&gt; Twitter Feed&lt;/a&gt;&lt;/li&gt;&#xd;
      &lt;/ul&gt;&#xd;
      &lt;!-- end site map menu --&gt;&#xd;
    &lt;/div&gt;&#xd;
    &lt;!-- end content --&gt;&#xd;
      &#xd;
    &lt;!-- start footer --&gt;&#xd;
    &lt;div class=&quot;footer&quot;&gt;&#xd;
      &lt;a href=&quot;http://demo.dotcms.com?v=fullsite&quot; rel=&quot;external&quot;&gt;View Full Site&lt;/a&gt;&amp;nbsp;&amp;nbsp;&amp;nbsp;|&amp;nbsp;&amp;nbsp;&amp;nbsp;&lt;a href=&quot;#&quot; rel=&quot;external&quot; target=&quot;_blank&quot;&gt;Visitor Agreement&lt;/a&gt;&#xd;
      &lt;div class=&quot;copyright&quot;&gt;dotCMS &amp;copy;2012 All rights reserved.&lt;/div&gt;&#xd;
    &lt;/div&gt;&#xd;
    &lt;!-- end footer --&gt;&#xd;
    &#xd;
  &lt;/div&gt;&lt;!-- end Home page --&gt;&#xd;
    &#xd;
&lt;/body&gt;&#xd;
&lt;/html&gt;</body>
    <image></image>
    <drawed>false</drawed>
  </com.dotmarketing.portlets.templates.model.Template>
  <com.dotmarketing.portlets.templates.model.Template>
    <iDate class="sql-timestamp">2012-09-21 16:50:24.306</iDate>
    <type>template</type>
    <owner></owner>
    <inode>faefcae8-bcc1-4f76-a1f4-a85fb14a61db</inode>
    <identifier>3141ca88-71f9-4e1d-9721-849dce6362ed</identifier>
    <title>Intranet Homepage (2 Columns) </title>
    <friendlyName>Intranet 2 Column 66% x 33%</friendlyName>
    <modDate class="sql-timestamp">2012-09-21 16:50:24.36</modDate>
    <modUser>dotcms.org.1</modUser>
    <sortOrder>0</sortOrder>
    <showOnMenu>false</showOnMenu>
    <body>&lt;!DOCTYPE html&gt;&#xd;
&lt;html lang=&quot;en&quot;&gt;&#xd;
&#xd;
&lt;head&gt;&#xd;
  ## Container: Header&#xd;
  ## This is autogenerated code that cannot be changed&#xd;
  #parseContainer(&apos;afc45ad4-ee91-43a8-9562-3f9f7060e362&apos;)&#xd;
&lt;/head&gt;&#xd;
&#xd;
&lt;body&gt;&#xd;
   &#xd;
  &lt;!--==============================header=================================--&gt;&#xd;
  &lt;header class=&quot;header-bg&quot;&gt;&#xd;
    &lt;div class=&quot;container&quot;&gt;&#xd;
        ## Container: Top Nav&#xd;
        ## This is autogenerated code that cannot be changed&#xd;
        #parseContainer(&apos;685132f6-12a6-45d0-a4e4-99f14ebce429&apos;)&#xd;
    &lt;/div&gt;&#xd;
  &lt;/header&gt;&#xd;
 &#xd;
&#xd;
  &lt;!--==============================content================================--&gt;&#xd;
  &lt;div class=&quot;bg&quot;&gt;&#xd;
    &lt;section class=&quot;container&quot;&gt;&#xd;
      &lt;div class=&quot;row&quot; style=&quot;margin-bottom:20px;&quot;&gt;&#xd;
        &lt;div class=&quot;span4&quot;&gt;&#xd;
          &lt;hgroup&gt;&#xd;
            &lt;h2&gt;Advisor Intranet&lt;/h2&gt;&#xd;
            &lt;h3&gt;Welcome ${user.firstName}!&lt;/h3&gt;&#xd;
          &lt;/hgroup&gt;&#xd;
        &lt;/div&gt;&#xd;
        &lt;div class=&quot;span8&quot;&gt;&#xd;
          ## Container: Default 5 (Page Content)&#xd;
          ## This is autogenerated code that cannot be changed&#xd;
          #parseContainer(&apos;8f17696b-4e25-46b6-94b1-66c849a28bbe&apos;)&#xd;
        &lt;/div&gt;&#xd;
      &lt;/div&gt;&#xd;
      &#xd;
      &lt;div class=&quot;row&quot;&gt;&#xd;
        &lt;div class=&quot;span8&quot;&gt;&#xd;
          ## Container: Default 1 (Web Page Content)&#xd;
          ## This is autogenerated code that cannot be changed&#xd;
          #parseContainer(&apos;56bd55ea-b04b-480d-9e37-5d6f9217dcc3&apos;)&#xd;
        &lt;/div&gt;&#xd;
        &lt;aside class=&quot;span4&quot;&gt;&#xd;
          ## Container: Default 2 (Page Content)&#xd;
          ## This is autogenerated code that cannot be changed&#xd;
          #parseContainer(&apos;5eb11b21-6b13-4fb8-a823-1de20bba56c0&apos;)&#xd;
        &lt;/aside&gt;&#xd;
      &lt;/div&gt;  &#xd;
    &lt;/section&gt;&#xd;
  &lt;/div&gt;&#xd;
                          &#xd;
  ## Container: Footer&#xd;
  ## This is autogenerated code that cannot be changed&#xd;
  #parseContainer(&apos;18b44489-f942-40ed-90d9-f20dbdfe689e&apos;)&#xd;
&#xd;
  &lt;script type=&quot;text/javascript&quot;&gt;&#xd;
    dojo.require(&quot;dojo.html&quot;);&#xd;
    dojo.addOnLoad(function() {  &#xd;
      dojo.html.set(dojo.byId(&quot;dijit_form_Button_0_label&quot;), &quot;Submit&quot;);&#xd;
    })&#xd;
  &lt;/script&gt;&#xd;
&#xd;
&lt;/body&gt;&#xd;
&lt;/html&gt;</body>
    <image>8b1ef2f0-b583-4efd-94fd-84d100094e7a</image>
    <drawed>false</drawed>
  </com.dotmarketing.portlets.templates.model.Template>
  <com.dotmarketing.portlets.templates.model.Template>
    <iDate class="sql-timestamp">2012-09-13 10:41:46.351</iDate>
    <type>template</type>
    <owner></owner>
    <inode>4e4da8bb-c0ab-4f7e-b0d6-851b98d648de</inode>
    <identifier>fc07eac0-c1a5-4835-bd6b-981315b2e8a2</identifier>
    <title>Homepage</title>
    <friendlyName>Default homepage template</friendlyName>
    <modDate class="sql-timestamp">2012-09-13 10:41:46.536</modDate>
    <modUser>dotcms.org.1</modUser>
    <sortOrder>0</sortOrder>
    <showOnMenu>false</showOnMenu>
    <body>&#xd;
#if($UtilMethods.isSet($user) &amp;&amp; $cmsuser.isUserRole($user, &quot;Intranet&quot;))&#xd;
    #if(!($EDIT_MODE))&#xd;
        #if(!${request.getParameter(&quot;showHome&quot;)})&#xd;
            $response.sendRedirect(&quot;/intranet/&quot;)&#xd;
        #end&#xd;
    #end&#xd;
#end&#xd;
&#xd;
&lt;!DOCTYPE html&gt;&#xd;
&lt;html lang=&quot;en&quot;&gt;&#xd;
&#xd;
&lt;head&gt;&#xd;
  ## Container: Header&#xd;
  ## This is autogenerated code that cannot be changed&#xd;
  #parseContainer(&apos;afc45ad4-ee91-43a8-9562-3f9f7060e362&apos;)&#xd;
  &#xd;
  #if($session.getAttribute(&quot;noMobile&quot;) != &quot;nope&quot; &amp;&amp; $host.mobileRedirect == &quot;true&quot;)&#xd;
    &lt;script&gt;&#xd;
      if(screen.width &lt; 500 ||&#xd;
        navigator.userAgent.match(/Android/i) ||&#xd;
        navigator.userAgent.match(/webOS/i) ||&#xd;
        navigator.userAgent.match(/iPhone/i) ||&#xd;
        navigator.userAgent.match(/iPod/i) ){&#xd;
          window.location=&quot;$host.mobileUrl &quot;;&#xd;
      }&#xd;
    &lt;/script&gt;&#xd;
  #end&#xd;
&lt;/head&gt;&#xd;
&#xd;
&lt;body&gt;&#xd;
   &#xd;
  &lt;!--==============================header=================================--&gt;&#xd;
  &lt;header class=&quot;header-bg&quot;&gt;&#xd;
    &lt;div class=&quot;container&quot;&gt;&#xd;
      &#xd;
        ## Container: Top Nav&#xd;
        ## This is autogenerated code that cannot be changed&#xd;
        #parseContainer(&apos;685132f6-12a6-45d0-a4e4-99f14ebce429&apos;)&#xd;
        &#xd;
        ## Container: Banner (Homepoage)&#xd;
        ## This is autogenerated code that cannot be changed&#xd;
        #parseContainer(&apos;6a12bbda-0ae2-4121-a98b-ad8069eaff3a&apos;)&#xd;
      &#xd;
    &lt;/div&gt;&#xd;
  &lt;/header&gt;&#xd;
 &#xd;
&#xd;
  &lt;!--==============================content================================--&gt;&#xd;
  &lt;div class=&quot;bg&quot;&gt;&#xd;
    &lt;div class=&quot;container&quot;&gt;&#xd;
      &lt;div class=&quot;row border-bottom&quot;&gt;&#xd;
        ## Container: Promotions (Homepage)&#xd;
        ## This is autogenerated code that cannot be changed&#xd;
        #parseContainer(&apos;3f0255e8-b45d-46ea-8bb7-eb6597db4c1e&apos;)&#xd;
      &lt;/div&gt;&#xd;
        &#xd;
      &lt;div class=&quot;row border-bottom&quot;&gt;&#xd;
        &lt;div class=&quot;span8&quot;&gt;&#xd;
          ## Container: Default 1 (Web Page Content)&#xd;
          ## This is autogenerated code that cannot be changed&#xd;
          #parseContainer(&apos;56bd55ea-b04b-480d-9e37-5d6f9217dcc3&apos;)&#xd;
        &lt;/div&gt;&#xd;
        &lt;div class=&quot;span4&quot;&gt;&#xd;
          ## Container: Media&#xd;
          ## This is autogenerated code that cannot be changed&#xd;
          #parseContainer(&apos;ab7d4317-68da-45ea-addc-9a57c69b8a24&apos;)&#xd;
        &lt;/div&gt;&#xd;
      &lt;/div&gt;&#xd;
          &#xd;
      &lt;div class=&quot;row&quot;&gt;&#xd;
        &lt;section class=&quot;span4 inFocus&quot;&gt;&#xd;
          ## Container: Default 2 (Web Page Content)&#xd;
          ## This is autogenerated code that cannot be changed&#xd;
          #parseContainer(&apos;5eb11b21-6b13-4fb8-a823-1de20bba56c0&apos;)&#xd;
        &lt;/section&gt;&#xd;
          &#xd;
        &lt;section class=&quot;span4&quot;&gt;&#xd;
          ## Container: Default 3 (Web Page Content)&#xd;
          ## This is autogenerated code that cannot be changed&#xd;
          #parseContainer(&apos;f1ba7688-453c-4c0d-a214-e5ac802b8034&apos;)&#xd;
        &lt;/section&gt;&#xd;
        &#xd;
        &lt;section class=&quot;span4&quot;&gt;&#xd;
          ## Container: Default 4 (Web Page Content)&#xd;
          ## This is autogenerated code that cannot be changed&#xd;
          #parseContainer(&apos;a6e9652b-8183-4c09-b775-26196b09a300&apos;)&#xd;
        &lt;/section&gt;&#xd;
      &lt;/div&gt;&#xd;
    &lt;/div&gt;&#xd;
  &lt;/div&gt;&#xd;
               &#xd;
  ## Container: Footer&#xd;
  ## This is autogenerated code that cannot be changed&#xd;
  #parseContainer(&apos;18b44489-f942-40ed-90d9-f20dbdfe689e&apos;)&#xd;
&#xd;
&lt;/body&gt;&#xd;
&lt;/html&gt;</body>
    <image>a5cd32a3-f3ca-4710-9d7b-f4141482553e</image>
    <drawed>false</drawed>
  </com.dotmarketing.portlets.templates.model.Template>
  <com.dotmarketing.portlets.templates.model.Template>
    <iDate class="sql-timestamp">2012-06-12 16:56:50.953</iDate>
    <type>template</type>
    <owner></owner>
    <inode>86652f94-7a6f-4444-bd11-09a30e0037b4</inode>
    <identifier>7623ea3e-c0e6-46d8-8db6-9070f7bfc342</identifier>
    <title>Blank</title>
    <friendlyName>Blank template</friendlyName>
    <modDate class="sql-timestamp">2012-06-12 16:56:50.999</modDate>
    <modUser>dotcms.org.1</modUser>
    <sortOrder>0</sortOrder>
    <showOnMenu>false</showOnMenu>
    <body>## Container: Default 1 (Web Page Content)&#xd;
## This is autogenerated code that cannot be changed&#xd;
#parseContainer(&apos;56bd55ea-b04b-480d-9e37-5d6f9217dcc3&apos;)&#xd;
&#xd;
</body>
    <image>a3c4a542-468a-4995-99e7-a1204f52f295</image>
    <drawed>false</drawed>
  </com.dotmarketing.portlets.templates.model.Template>
  <com.dotmarketing.portlets.templates.model.Template>
    <iDate class="sql-timestamp">2012-09-07 09:23:51.582</iDate>
    <type>template</type>
    <owner></owner>
    <inode>d98de524-0155-4744-85f5-a387ab79460e</inode>
    <identifier>206ab018-77e2-47dd-ab3c-e8dc6feceab3</identifier>
    <title>3 Column (Narrow Right, Wide Left Bar)</title>
    <friendlyName>3 column template with nav 20% X 60% X 30%</friendlyName>
    <modDate class="sql-timestamp">2012-09-07 09:23:51.633</modDate>
    <modUser>dotcms.org.1</modUser>
    <sortOrder>0</sortOrder>
    <showOnMenu>false</showOnMenu>
    <body>#if ($UtilMethods.isSet($friendlyName))&#xd;
  #set($pageTitle = $friendlyName)&#xd;
  #set($crumbTitle = $friendlyName)&#xd;
#end&#xd;
&#xd;
## Container: Header&#xd;
## This is autogenerated code that cannot be changed&#xd;
#parseContainer(&apos;afc45ad4-ee91-43a8-9562-3f9f7060e362&apos;)&#xd;
&#xd;
  &#xd;
&lt;!--==============================header=================================--&gt;&#xd;
  &lt;header&gt;&#xd;
  &#xd;
    &lt;div class=&quot;header-bg&quot;&gt;&lt;/div&gt;&#xd;
  &#xd;
    ## Container: Top Nav&#xd;
    ## This is autogenerated code that cannot be changed&#xd;
    #parseContainer(&apos;685132f6-12a6-45d0-a4e4-99f14ebce429&apos;)&#xd;
&#xd;
  &lt;/header&gt;&#xd;
 &#xd;
&#xd;
&lt;!--==============================content================================--&gt;&#xd;
  &lt;section id=&quot;content&quot;&gt;&#xd;
  &#xd;
    &lt;div class=&quot;container_24&quot;&gt;&#xd;
      &lt;div class=&quot;grid_4 suffix_1&quot;&gt;&#xd;
      &#xd;
      &lt;!-- Side Nav Macro --&gt;&#xd;
        &lt;nav class=&quot;side-menu&quot;&gt;&#xd;
          #set($openAllLevels=false)&#xd;
          #navigation(2,2)&#xd;
        &lt;/nav&gt;&#xd;
        &#xd;
        ## Container: Default 3 (Web Page Content)&#xd;
        ## This is autogenerated code that cannot be changed&#xd;
        #parseContainer(&apos;f1ba7688-453c-4c0d-a214-e5ac802b8034&apos;)&#xd;
      &lt;/div&gt;&#xd;
    &#xd;
      &lt;article class=&quot;grid_14&quot;&gt;&#xd;
        ## Container: Default 1 (Web Page Content)&#xd;
        ## This is autogenerated code that cannot be changed&#xd;
        #parseContainer(&apos;56bd55ea-b04b-480d-9e37-5d6f9217dcc3&apos;)&#xd;
      &lt;/article&gt;&#xd;
      &#xd;
      &lt;aside class=&quot;grid_5&quot;&gt;&#xd;
        ## Container: Default 2 (Page Content)&#xd;
        ## This is autogenerated code that cannot be changed&#xd;
        #parseContainer(&apos;5eb11b21-6b13-4fb8-a823-1de20bba56c0&apos;)&#xd;
      &lt;/aside&gt;&#xd;
    &lt;/div&gt;&#xd;
  &#xd;
  &lt;/section&gt;&#xd;
                          &#xd;
## Container: Footer&#xd;
## This is autogenerated code that cannot be changed&#xd;
#parseContainer(&apos;18b44489-f942-40ed-90d9-f20dbdfe689e&apos;)&#xd;
&#xd;
&lt;script type=&quot;text/javascript&quot;&gt;&#xd;
  dojo.require(&quot;dojo.html&quot;);&#xd;
  dojo.addOnLoad(function() {  &#xd;
    dojo.html.set(dojo.byId(&quot;dijit_form_Button_0_label&quot;), &quot;Submit&quot;);&#xd;
  })&#xd;
&lt;/script&gt;</body>
    <image>8b1ef2f0-b583-4efd-94fd-84d100094e7a</image>
    <drawed>false</drawed>
  </com.dotmarketing.portlets.templates.model.Template>
  <com.dotmarketing.portlets.templates.model.Template>
    <iDate class="sql-timestamp">2012-10-05 10:09:58.872</iDate>
    <type>template</type>
    <owner></owner>
    <inode>c2494057-4bea-4a31-8358-669c90f8690d</inode>
    <identifier>460b0d3b-9b90-4b8a-a041-1f01b7edbbbc</identifier>
    <title>2 Column (Right Bar)</title>
    <friendlyName>2 column template no nav 66% x 33% columns</friendlyName>
    <modDate class="sql-timestamp">2012-10-05 10:09:59.023</modDate>
    <modUser>dotcms.org.1</modUser>
    <sortOrder>0</sortOrder>
    <showOnMenu>false</showOnMenu>
    <body>&lt;!DOCTYPE html&gt;&#xd;
&lt;html lang=&quot;en&quot;&gt;&#xd;
&#xd;
&lt;head&gt;&#xd;
  ## Container: Header&#xd;
  ## This is autogenerated code that cannot be changed&#xd;
  #parseContainer(&apos;afc45ad4-ee91-43a8-9562-3f9f7060e362&apos;)&#xd;
&lt;/head&gt;&#xd;
&#xd;
&lt;body&gt;&#xd;
   &#xd;
  &lt;!--==============================header=================================--&gt;&#xd;
  &lt;header class=&quot;header-bg&quot;&gt;&#xd;
    &lt;div class=&quot;container&quot;&gt;&#xd;
        ## Container: Top Nav&#xd;
        ## This is autogenerated code that cannot be changed&#xd;
        #parseContainer(&apos;685132f6-12a6-45d0-a4e4-99f14ebce429&apos;)&#xd;
    &lt;/div&gt;&#xd;
  &lt;/header&gt;&#xd;
 &#xd;
&#xd;
  &lt;!--==============================content================================--&gt;&#xd;
  &lt;div class=&quot;bg&quot;&gt;&#xd;
    &lt;div class=&quot;container&quot;&gt;&#xd;
      &lt;div class=&quot;row&quot;&gt;&#xd;
        &lt;div class=&quot;span8&quot;&gt;&#xd;
            ## Container: Default 1 (Page Content)&#xd;
            ## This is autogenerated code that cannot be changed&#xd;
            #parseContainer(&apos;56bd55ea-b04b-480d-9e37-5d6f9217dcc3&apos;)&#xd;
        &lt;/div&gt;&#xd;
      &#xd;
        &lt;article class=&quot;span4 hidden-phone&quot;&gt;&#xd;
          ## Container: Default 2 (Page Content)&#xd;
          ## This is autogenerated code that cannot be changed&#xd;
          #parseContainer(&apos;5eb11b21-6b13-4fb8-a823-1de20bba56c0&apos;)&#xd;
        &lt;/article&gt;&#xd;
      &lt;/div&gt;&#xd;
    &lt;/div&gt;&#xd;
  &lt;/div&gt;&#xd;
                      &#xd;
  ## Container: Footer&#xd;
  ## This is autogenerated code that cannot be changed&#xd;
  #parseContainer(&apos;18b44489-f942-40ed-90d9-f20dbdfe689e&apos;)&#xd;
&#xd;
&lt;/body&gt;&#xd;
&lt;/html&gt;</body>
    <image>f567a0f2-140b-4db3-9832-59045e1075c0</image>
    <drawed>false</drawed>
  </com.dotmarketing.portlets.templates.model.Template>
  <com.dotmarketing.portlets.templates.model.Template>
    <iDate class="sql-timestamp">2012-09-20 10:34:01.38</iDate>
    <type>template</type>
    <owner></owner>
    <inode>334f2d4d-7996-4b95-9748-a69bb75c356d</inode>
    <identifier>f7bc93f9-6527-4c42-a120-bb19124c6e4f</identifier>
    <title>2 Column (Left Bar, w/ Nav) </title>
    <friendlyName>2 column template no nav 33% x 66% grid columns</friendlyName>
    <modDate class="sql-timestamp">2012-09-20 10:34:01.584</modDate>
    <modUser>dotcms.org.1</modUser>
    <sortOrder>0</sortOrder>
    <showOnMenu>false</showOnMenu>
    <body>&lt;!DOCTYPE html&gt;&#xd;
&lt;html lang=&quot;en&quot;&gt;&#xd;
&#xd;
&lt;head&gt;&#xd;
  ## Container: Header&#xd;
  ## This is autogenerated code that cannot be changed&#xd;
  #parseContainer(&apos;afc45ad4-ee91-43a8-9562-3f9f7060e362&apos;)&#xd;
&lt;/head&gt;&#xd;
&#xd;
&lt;body&gt;&#xd;
   &#xd;
  &lt;!--==============================header=================================--&gt;&#xd;
  &lt;header class=&quot;header-bg&quot;&gt;&#xd;
    &lt;div class=&quot;container&quot;&gt;&#xd;
        ## Container: Top Nav&#xd;
        ## This is autogenerated code that cannot be changed&#xd;
        #parseContainer(&apos;685132f6-12a6-45d0-a4e4-99f14ebce429&apos;)&#xd;
    &lt;/div&gt;&#xd;
  &lt;/header&gt;&#xd;
 &#xd;
&#xd;
  &lt;!--==============================content================================--&gt;&#xd;
  &lt;div class=&quot;bg&quot;&gt;&#xd;
    &lt;div class=&quot;container&quot;&gt;&#xd;
      &lt;div class=&quot;row&quot;&gt;&#xd;
        &lt;div class=&quot;span3&quot;&gt;&#xd;
          &lt;nav class=&quot;side-menu hidden-phone&quot;&gt;&#xd;
            #set($openAllLevels=false)&#xd;
            #navigation(2,2)&#xd;
          &lt;/nav&gt;&#xd;
&#xd;
          ## Container: Default 2 (Page Content)&#xd;
          ## This is autogenerated code that cannot be changed&#xd;
          #parseContainer(&apos;5eb11b21-6b13-4fb8-a823-1de20bba56c0&apos;)&#xd;
        &lt;/div&gt;&#xd;
      &#xd;
        &lt;article class=&quot;span9&quot;&gt;&#xd;
          ## Container: Default 1 (Page Content)&#xd;
          ## This is autogenerated code that cannot be changed&#xd;
          #parseContainer(&apos;56bd55ea-b04b-480d-9e37-5d6f9217dcc3&apos;)&#xd;
        &lt;/article&gt;&#xd;
      &lt;/div&gt;&#xd;
    &lt;/div&gt;&#xd;
  &lt;/div&gt;&#xd;
                          &#xd;
  ## Container: Footer&#xd;
  ## This is autogenerated code that cannot be changed&#xd;
  #parseContainer(&apos;18b44489-f942-40ed-90d9-f20dbdfe689e&apos;)&#xd;
&#xd;
&lt;/body&gt;&#xd;
&lt;/html&gt;</body>
    <image>1a9f5e89-bd0c-4b7e-86f1-86e8b7c38ac1</image>
    <drawed>false</drawed>
  </com.dotmarketing.portlets.templates.model.Template>
  <com.dotmarketing.portlets.templates.model.Template>
    <iDate class="sql-timestamp">2012-09-26 10:23:11.375</iDate>
    <type>template</type>
    <owner></owner>
    <inode>f16d6cba-97cc-4205-9159-c5698f8e45a7</inode>
    <identifier>a0ead91b-fd4c-4182-abc8-a6d173a07ab4</identifier>
    <title>2 Column (Left Bar) </title>
    <friendlyName>2 column template no nav 33% x 66% grid columns </friendlyName>
    <modDate class="sql-timestamp">2012-09-26 10:23:11.55</modDate>
    <modUser>dotcms.org.1</modUser>
    <sortOrder>0</sortOrder>
    <showOnMenu>false</showOnMenu>
    <body>&lt;!DOCTYPE html&gt;&#xd;
&lt;html lang=&quot;en&quot;&gt;&#xd;
&#xd;
&lt;head&gt;&#xd;
  ## Container: Header&#xd;
  ## This is autogenerated code that cannot be changed&#xd;
  #parseContainer(&apos;afc45ad4-ee91-43a8-9562-3f9f7060e362&apos;)&#xd;
&lt;/head&gt;&#xd;
&#xd;
&lt;body&gt;&#xd;
   &#xd;
  &lt;!--==============================header=================================--&gt;&#xd;
  &lt;header class=&quot;header-bg&quot;&gt;&#xd;
    &lt;div class=&quot;container&quot;&gt;&#xd;
        ## Container: Top Nav&#xd;
        ## This is autogenerated code that cannot be changed&#xd;
        #parseContainer(&apos;685132f6-12a6-45d0-a4e4-99f14ebce429&apos;)&#xd;
    &lt;/div&gt;&#xd;
  &lt;/header&gt;&#xd;
 &#xd;
&#xd;
  &lt;!--==============================content================================--&gt;&#xd;
  &lt;div class=&quot;bg&quot;&gt;&#xd;
    &lt;div class=&quot;container&quot;&gt;&#xd;
      &lt;div class=&quot;row&quot;&gt;&#xd;
        &lt;div class=&quot;span3&quot;&gt;&#xd;
          ## Container: Default 2 (Page Content)&#xd;
          ## This is autogenerated code that cannot be changed&#xd;
          #parseContainer(&apos;5eb11b21-6b13-4fb8-a823-1de20bba56c0&apos;)&#xd;
        &lt;/div&gt;&#xd;
        &lt;div class=&quot;span9&quot;&gt;&#xd;
          ## Container: Default 1 (Page Content)&#xd;
          ## This is autogenerated code that cannot be changed&#xd;
          #parseContainer(&apos;56bd55ea-b04b-480d-9e37-5d6f9217dcc3&apos;)&#xd;
        &lt;/div&gt;&#xd;
      &lt;/div&gt;&#xd;
    &lt;/div&gt;&#xd;
  &lt;/div&gt;&#xd;
                          &#xd;
  ## Container: Footer&#xd;
  ## This is autogenerated code that cannot be changed&#xd;
  #parseContainer(&apos;18b44489-f942-40ed-90d9-f20dbdfe689e&apos;)&#xd;
&#xd;
&lt;/body&gt;&#xd;
&lt;/html&gt;</body>
    <image>45b2ec72-23e6-4aef-8c50-2891de37ee4d</image>
    <drawed>false</drawed>
  </com.dotmarketing.portlets.templates.model.Template>
  <com.dotmarketing.portlets.templates.model.Template>
    <iDate class="sql-timestamp">2012-09-07 09:16:34.699</iDate>
    <type>template</type>
    <owner></owner>
    <inode>e589243b-1372-4066-aa65-be8b881ac0b2</inode>
    <identifier>003d08f4-e0c9-4bc7-9949-b686301338ba</identifier>
    <title>1 Column (With Content Padding)</title>
    <friendlyName>1 column template with 20px of padding on content</friendlyName>
    <modDate class="sql-timestamp">2012-09-07 09:16:34.828</modDate>
    <modUser>dotcms.org.1</modUser>
    <sortOrder>0</sortOrder>
    <showOnMenu>false</showOnMenu>
    <body>&lt;!DOCTYPE html&gt;&#xd;
&lt;html lang=&quot;en&quot;&gt;&#xd;
&#xd;
&lt;head&gt;&#xd;
  ## Container: Header&#xd;
  ## This is autogenerated code that cannot be changed&#xd;
  #parseContainer(&apos;afc45ad4-ee91-43a8-9562-3f9f7060e362&apos;)&#xd;
&lt;/head&gt;&#xd;
&#xd;
&lt;body&gt;&#xd;
   &#xd;
  &lt;!--==============================header=================================--&gt;&#xd;
  &lt;header class=&quot;header-bg&quot;&gt;&#xd;
    &lt;div class=&quot;container&quot;&gt;&#xd;
        ## Container: Top Nav&#xd;
        ## This is autogenerated code that cannot be changed&#xd;
        #parseContainer(&apos;685132f6-12a6-45d0-a4e4-99f14ebce429&apos;)&#xd;
    &lt;/div&gt;&#xd;
  &lt;/header&gt;&#xd;
 &#xd;
&#xd;
  &lt;!--==============================content================================--&gt;&#xd;
  &lt;div class=&quot;bg&quot;&gt;&#xd;
    &lt;div class=&quot;container&quot;&gt;&#xd;
      &lt;div class=&quot;row&quot;&gt;&#xd;
        &lt;div class=&quot;span12&quot;&gt;&#xd;
          &lt;div class=&quot;wrapper&quot;&gt;&#xd;
            ## Container: Default 1 (Page Content)&#xd;
            ## This is autogenerated code that cannot be changed&#xd;
            #parseContainer(&apos;56bd55ea-b04b-480d-9e37-5d6f9217dcc3&apos;)&#xd;
          &lt;/div&gt;&#xd;
        &lt;/div&gt;&#xd;
      &lt;/div&gt;&#xd;
    &lt;/div&gt;&#xd;
  &lt;/div&gt;&#xd;
                          &#xd;
  ## Container: Footer&#xd;
  ## This is autogenerated code that cannot be changed&#xd;
  #parseContainer(&apos;18b44489-f942-40ed-90d9-f20dbdfe689e&apos;)&#xd;
&#xd;
&lt;/body&gt;&#xd;
&lt;/html&gt;</body>
    <image>d4d9ffe4-4e20-4a19-8865-f638a604dfab</image>
    <drawed>false</drawed>
  </com.dotmarketing.portlets.templates.model.Template>
  <com.dotmarketing.portlets.templates.model.Template>
    <iDate class="sql-timestamp">2012-09-26 10:23:45.515</iDate>
    <type>template</type>
    <owner></owner>
    <inode>7808045f-a815-413c-a5c4-c11d09adec01</inode>
    <identifier>4cb76166-6763-44ca-ab22-e9eb50885430</identifier>
    <title>1 Column (No Padding, Detail Page)</title>
    <friendlyName>1 column template no padding</friendlyName>
    <modDate class="sql-timestamp">2012-09-26 10:23:45.594</modDate>
    <modUser>dotcms.org.1</modUser>
    <sortOrder>0</sortOrder>
    <showOnMenu>false</showOnMenu>
    <body>&lt;!DOCTYPE html&gt;&#xd;
&lt;html lang=&quot;en&quot;&gt;&#xd;
&#xd;
&lt;head&gt;&#xd;
  ## Container: Header&#xd;
  ## This is autogenerated code that cannot be changed&#xd;
  #parseContainer(&apos;afc45ad4-ee91-43a8-9562-3f9f7060e362&apos;)&#xd;
&lt;/head&gt;&#xd;
&#xd;
&lt;body&gt;&#xd;
   &#xd;
  &lt;!--==============================header=================================--&gt;&#xd;
  &lt;header class=&quot;header-bg&quot;&gt;&#xd;
    &lt;div class=&quot;container&quot;&gt;&#xd;
        ## Container: Top Nav&#xd;
        ## This is autogenerated code that cannot be changed&#xd;
        #parseContainer(&apos;685132f6-12a6-45d0-a4e4-99f14ebce429&apos;)&#xd;
    &lt;/div&gt;&#xd;
  &lt;/header&gt;&#xd;
 &#xd;
&#xd;
  &lt;!--==============================content================================--&gt;&#xd;
  &lt;div class=&quot;bg&quot;&gt;&#xd;
    &lt;div class=&quot;container&quot; style=&quot;margin-bottom:25px;&quot;&gt;&#xd;
        ## Container: Default 1 (Page Content)&#xd;
        ## This is autogenerated code that cannot be changed&#xd;
        #parseContainer(&apos;56bd55ea-b04b-480d-9e37-5d6f9217dcc3&apos;)&#xd;
        &lt;div class=&quot;clear&quot;&gt;&lt;/div&gt;&#xd;
    &lt;/div&gt;&#xd;
  &lt;/div&gt;&#xd;
                          &#xd;
  ## Container: Footer&#xd;
  ## This is autogenerated code that cannot be changed&#xd;
  #parseContainer(&apos;18b44489-f942-40ed-90d9-f20dbdfe689e&apos;)&#xd;
&#xd;
&lt;/body&gt;&#xd;
&lt;/html&gt;&#xd;
</body>
    <image>d4d9ffe4-4e20-4a19-8865-f638a604dfab</image>
    <drawed>false</drawed>
  </com.dotmarketing.portlets.templates.model.Template>
</list>