<list>
  <com.dotmarketing.portlets.containers.model.ContainerVersionInfo>
    <identifier>0c845391-2c66-40a4-b9c3-6cadf5b08304</identifier>
    <workingInode>bd3c22f3-5b72-4fed-86c8-c508091ae4ee</workingInode>
    <lockedOn class="sql-timestamp">2013-05-06 18:52:28.505</lockedOn>
    <deleted>true</deleted>
    <versionTs class="sql-timestamp">2013-05-06 19:13:03.442</versionTs>
  </com.dotmarketing.portlets.containers.model.ContainerVersionInfo>
  <com.dotmarketing.portlets.containers.model.ContainerVersionInfo>
    <identifier>18b44489-f942-40ed-90d9-f20dbdfe689e</identifier>
    <workingInode>e8958209-e9b1-46ad-89a3-73d12246c960</workingInode>
    <lockedOn class="sql-timestamp">2013-05-06 18:53:33.392</lockedOn>
    <deleted>true</deleted>
    <versionTs class="sql-timestamp">2013-05-06 19:13:07.335</versionTs>
  </com.dotmarketing.portlets.containers.model.ContainerVersionInfo>
  <com.dotmarketing.portlets.containers.model.ContainerVersionInfo>
    <identifier>214d7269-242b-4cf5-a3d7-59052d81e540</identifier>
    <liveInode>9945d699-3294-4d43-96c4-09ffa8420835</liveInode>
    <workingInode>9945d699-3294-4d43-96c4-09ffa8420835</workingInode>
    <lockedOn class="sql-timestamp">2012-11-30 17:54:31.231</lockedOn>
    <deleted>false</deleted>
    <versionTs class="sql-timestamp">2012-11-30 17:54:31.233</versionTs>
  </com.dotmarketing.portlets.containers.model.ContainerVersionInfo>
  <com.dotmarketing.portlets.containers.model.ContainerVersionInfo>
    <identifier>3f0255e8-b45d-46ea-8bb7-eb6597db4c1e</identifier>
    <liveInode>46f892a3-0cdf-4293-a454-e90e991bf6d4</liveInode>
    <workingInode>46f892a3-0cdf-4293-a454-e90e991bf6d4</workingInode>
    <lockedOn class="sql-timestamp">2012-11-15 16:41:37.295</lockedOn>
    <deleted>false</deleted>
    <versionTs class="sql-timestamp">2012-11-15 16:41:37.296</versionTs>
  </com.dotmarketing.portlets.containers.model.ContainerVersionInfo>
  <com.dotmarketing.portlets.containers.model.ContainerVersionInfo>
    <identifier>55aca12f-0d1c-4733-aae3-28b96cf36895</identifier>
    <liveInode>acccf8de-ff53-425f-b687-57904b770a64</liveInode>
    <workingInode>acccf8de-ff53-425f-b687-57904b770a64</workingInode>
    <lockedOn class="sql-timestamp">2012-03-27 04:00:00.0</lockedOn>
    <deleted>false</deleted>
    <versionTs class="sql-timestamp">2012-05-04 17:38:27.842488</versionTs>
  </com.dotmarketing.portlets.containers.model.ContainerVersionInfo>
  <com.dotmarketing.portlets.containers.model.ContainerVersionInfo>
    <identifier>56bd55ea-b04b-480d-9e37-5d6f9217dcc3</identifier>
    <liveInode>97b67789-453c-487b-858c-82c9e09623bd</liveInode>
    <workingInode>97b67789-453c-487b-858c-82c9e09623bd</workingInode>
    <lockedOn class="sql-timestamp">2014-01-07 22:39:06.575</lockedOn>
    <deleted>false</deleted>
    <versionTs class="sql-timestamp">2014-01-07 22:39:06.577</versionTs>
  </com.dotmarketing.portlets.containers.model.ContainerVersionInfo>
  <com.dotmarketing.portlets.containers.model.ContainerVersionInfo>
    <identifier>5d40ab00-33c0-429f-9d97-9608236cf22f</identifier>
    <liveInode>ed3e62f8-6d49-4f00-84c5-4bf53ed48eea</liveInode>
    <workingInode>ed3e62f8-6d49-4f00-84c5-4bf53ed48eea</workingInode>
    <lockedOn class="sql-timestamp">2012-07-27 15:37:32.393</lockedOn>
    <deleted>false</deleted>
    <versionTs class="sql-timestamp">2012-07-27 15:37:32.402</versionTs>
  </com.dotmarketing.portlets.containers.model.ContainerVersionInfo>
  <com.dotmarketing.portlets.containers.model.ContainerVersionInfo>
    <identifier>5eb11b21-6b13-4fb8-a823-1de20bba56c0</identifier>
    <liveInode>a7445635-14a4-47fc-a9ae-5ff4c80acffe</liveInode>
    <workingInode>a7445635-14a4-47fc-a9ae-5ff4c80acffe</workingInode>
    <lockedOn class="sql-timestamp">2013-05-06 18:54:25.98</lockedOn>
    <deleted>false</deleted>
    <versionTs class="sql-timestamp">2013-05-06 18:54:25.981</versionTs>
  </com.dotmarketing.portlets.containers.model.ContainerVersionInfo>
  <com.dotmarketing.portlets.containers.model.ContainerVersionInfo>
    <identifier>685132f6-12a6-45d0-a4e4-99f14ebce429</identifier>
    <workingInode>4af66827-e465-4783-8345-7f01c04ae67c</workingInode>
    <lockedOn class="sql-timestamp">2013-05-06 18:56:56.346</lockedOn>
    <deleted>true</deleted>
    <versionTs class="sql-timestamp">2013-05-06 19:13:11.484</versionTs>
  </com.dotmarketing.portlets.containers.model.ContainerVersionInfo>
  <com.dotmarketing.portlets.containers.model.ContainerVersionInfo>
    <identifier>6a12bbda-0ae2-4121-a98b-ad8069eaff3a</identifier>
    <liveInode>9ba56bdf-8992-425b-9c48-cca823fc49cd</liveInode>
    <workingInode>9ba56bdf-8992-425b-9c48-cca823fc49cd</workingInode>
    <lockedOn class="sql-timestamp">2013-02-27 21:03:11.485</lockedOn>
    <deleted>false</deleted>
    <versionTs class="sql-timestamp">2013-02-27 21:03:11.487</versionTs>
  </com.dotmarketing.portlets.containers.model.ContainerVersionInfo>
  <com.dotmarketing.portlets.containers.model.ContainerVersionInfo>
    <identifier>8f17696b-4e25-46b6-94b1-66c849a28bbe</identifier>
    <liveInode>72256815-2fe1-4b02-87fc-f75c6c3eef4d</liveInode>
    <workingInode>72256815-2fe1-4b02-87fc-f75c6c3eef4d</workingInode>
    <lockedOn class="sql-timestamp">2013-05-06 18:54:09.378</lockedOn>
    <deleted>false</deleted>
    <versionTs class="sql-timestamp">2013-05-06 18:54:09.38</versionTs>
  </com.dotmarketing.portlets.containers.model.ContainerVersionInfo>
  <com.dotmarketing.portlets.containers.model.ContainerVersionInfo>
    <identifier>a6e9652b-8183-4c09-b775-26196b09a300</identifier>
    <liveInode>8cbcb97e-8e04-4691-8555-da82c3dc4a91</liveInode>
    <workingInode>8cbcb97e-8e04-4691-8555-da82c3dc4a91</workingInode>
    <lockedOn class="sql-timestamp">2013-05-06 18:54:14.879</lockedOn>
    <deleted>false</deleted>
    <versionTs class="sql-timestamp">2013-05-06 18:54:14.881</versionTs>
  </com.dotmarketing.portlets.containers.model.ContainerVersionInfo>
  <com.dotmarketing.portlets.containers.model.ContainerVersionInfo>
    <identifier>ab7d4317-68da-45ea-addc-9a57c69b8a24</identifier>
    <liveInode>56bed26b-f4a5-4bce-8fcb-fd88377cd1e6</liveInode>
    <workingInode>56bed26b-f4a5-4bce-8fcb-fd88377cd1e6</workingInode>
    <lockedOn class="sql-timestamp">2012-08-29 18:01:30.809</lockedOn>
    <deleted>false</deleted>
    <versionTs class="sql-timestamp">2012-08-29 18:01:30.81</versionTs>
  </com.dotmarketing.portlets.containers.model.ContainerVersionInfo>
  <com.dotmarketing.portlets.containers.model.ContainerVersionInfo>
    <identifier>afc45ad4-ee91-43a8-9562-3f9f7060e362</identifier>
    <workingInode>c7a83540-5ffe-4613-94c3-7299c28635c1</workingInode>
    <lockedOn class="sql-timestamp">2013-05-06 19:13:33.168</lockedOn>
    <deleted>true</deleted>
    <versionTs class="sql-timestamp">2013-05-06 19:13:33.168</versionTs>
  </com.dotmarketing.portlets.containers.model.ContainerVersionInfo>
  <com.dotmarketing.portlets.containers.model.ContainerVersionInfo>
    <identifier>b590d738-8bf9-42b0-a8dd-5787a4e20962</identifier>
    <liveInode>f035ce8e-9669-4850-936c-8519124a232b</liveInode>
    <workingInode>f035ce8e-9669-4850-936c-8519124a232b</workingInode>
    <lockedOn class="sql-timestamp">2012-11-14 16:52:17.513</lockedOn>
    <deleted>false</deleted>
    <versionTs class="sql-timestamp">2012-11-14 16:52:17.514</versionTs>
  </com.dotmarketing.portlets.containers.model.ContainerVersionInfo>
  <com.dotmarketing.portlets.containers.model.ContainerVersionInfo>
    <identifier>c7776bbb-d38a-43a1-af3b-6cfa36ba9747</identifier>
    <liveInode>45fecbf4-505e-4719-aaf4-0218435745d5</liveInode>
    <workingInode>45fecbf4-505e-4719-aaf4-0218435745d5</workingInode>
    <lockedOn class="sql-timestamp">2012-09-14 12:25:30.238</lockedOn>
    <deleted>false</deleted>
    <versionTs class="sql-timestamp">2012-09-14 12:25:30.239</versionTs>
  </com.dotmarketing.portlets.containers.model.ContainerVersionInfo>
  <com.dotmarketing.portlets.containers.model.ContainerVersionInfo>
    <identifier>f1ba7688-453c-4c0d-a214-e5ac802b8034</identifier>
    <liveInode>3efc001e-db68-408a-ac50-1284c1afe533</liveInode>
    <workingInode>3efc001e-db68-408a-ac50-1284c1afe533</workingInode>
    <lockedOn class="sql-timestamp">2013-05-06 18:54:21.353</lockedOn>
    <deleted>false</deleted>
    <versionTs class="sql-timestamp">2013-05-06 18:54:21.355</versionTs>
  </com.dotmarketing.portlets.containers.model.ContainerVersionInfo>
</list>