<list>
  <com.dotmarketing.portlets.dashboard.model.DashboardSummaryReferer>
    <id>2</id>
    <summary>
      <id>9</id>
      <summaryPeriod>
        <id>9</id>
        <fullDate class="sql-timestamp">2013-07-26 04:00:00.0</fullDate>
        <day>26</day>
        <dayName>Friday</dayName>
        <week>4</week>
        <month>7</month>
        <monthName>July</monthName>
        <year>2013</year>
      </summaryPeriod>
      <hostId>48190c8c-42c4-46af-8d1a-0cd5db894797</hostId>
      <visits>7</visits>
      <pageViews>20</pageViews>
      <uniqueVisits>5</uniqueVisits>
      <newVisits>4</newVisits>
      <avgTimeOnSite class="sql-timestamp">1970-01-01 05:02:49.0</avgTimeOnSite>
      <bounceRate>0</bounceRate>
      <directTraffic>4</directTraffic>
      <referringSites>3</referringSites>
      <searchEngines>0</searchEngines>
    </summary>
    <uri>http://starter.dotcms.com:8080/products/</uri>
    <hits>1</hits>
  </com.dotmarketing.portlets.dashboard.model.DashboardSummaryReferer>
  <com.dotmarketing.portlets.dashboard.model.DashboardSummaryReferer>
    <id>3</id>
    <summary reference="../../com.dotmarketing.portlets.dashboard.model.DashboardSummaryReferer/summary"/>
    <uri>http://starter.dotcms.com:8080/home/index.html?mainFrame=true&amp;livePage=0&amp;language=1&amp;host_id=48190c8c-42c4-46af-8d1a-0cd5db894797&amp;host_id=48190c8c-42c4-46af-8d1a-0cd5db894797</uri>
    <hits>1</hits>
  </com.dotmarketing.portlets.dashboard.model.DashboardSummaryReferer>
  <com.dotmarketing.portlets.dashboard.model.DashboardSummaryReferer>
    <id>4</id>
    <summary reference="../../com.dotmarketing.portlets.dashboard.model.DashboardSummaryReferer/summary"/>
    <uri>http://starter.dotcms.com:8080/html/portal/login.jsp?r=1374853637151</uri>
    <hits>1</hits>
  </com.dotmarketing.portlets.dashboard.model.DashboardSummaryReferer>
  <com.dotmarketing.portlets.dashboard.model.DashboardSummaryReferer>
    <id>5</id>
    <summary>
      <id>10</id>
      <summaryPeriod>
        <id>10</id>
        <fullDate class="sql-timestamp">2013-08-01 04:00:00.0</fullDate>
        <day>1</day>
        <dayName>Thusday</dayName>
        <week>1</week>
        <month>8</month>
        <monthName>August</monthName>
        <year>2013</year>
      </summaryPeriod>
      <hostId>48190c8c-42c4-46af-8d1a-0cd5db894797</hostId>
      <visits>1</visits>
      <pageViews>6</pageViews>
      <uniqueVisits>1</uniqueVisits>
      <newVisits>1</newVisits>
      <avgTimeOnSite class="sql-timestamp">1970-01-01 05:00:11.0</avgTimeOnSite>
      <bounceRate>0</bounceRate>
      <directTraffic>0</directTraffic>
      <referringSites>1</referringSites>
      <searchEngines>0</searchEngines>
    </summary>
    <uri>http://starter.dotcms.com:8080/products/</uri>
    <hits>1</hits>
  </com.dotmarketing.portlets.dashboard.model.DashboardSummaryReferer>
  <com.dotmarketing.portlets.dashboard.model.DashboardSummaryReferer>
    <id>6</id>
    <summary>
      <id>11</id>
      <summaryPeriod>
        <id>11</id>
        <fullDate class="sql-timestamp">2013-08-13 04:00:00.0</fullDate>
        <day>13</day>
        <dayName>Tuesday</dayName>
        <week>3</week>
        <month>8</month>
        <monthName>August</monthName>
        <year>2013</year>
      </summaryPeriod>
      <hostId>48190c8c-42c4-46af-8d1a-0cd5db894797</hostId>
      <visits>1</visits>
      <pageViews>4</pageViews>
      <uniqueVisits>1</uniqueVisits>
      <newVisits>1</newVisits>
      <avgTimeOnSite class="sql-timestamp">1970-01-01 05:00:51.0</avgTimeOnSite>
      <bounceRate>0</bounceRate>
      <directTraffic>0</directTraffic>
      <referringSites>1</referringSites>
      <searchEngines>0</searchEngines>
    </summary>
    <uri>http://starter.dotcms.com:8080/about-us/locations/</uri>
    <hits>1</hits>
  </com.dotmarketing.portlets.dashboard.model.DashboardSummaryReferer>
</list>