<list>
  <com.dotmarketing.tag.model.TagInode>
    <inode>03a78010-ee80-4c64-a287-1127685e2226</inode>
    <tagId>091bf775-a962-4bc1-b1ab-2b994f0ee590</tagId>
  </com.dotmarketing.tag.model.TagInode>
  <com.dotmarketing.tag.model.TagInode>
    <inode>03a78010-ee80-4c64-a287-1127685e2226</inode>
    <tagId>2bf48fd1-2272-420e-a04c-1ec6fbbc8743</tagId>
  </com.dotmarketing.tag.model.TagInode>
  <com.dotmarketing.tag.model.TagInode>
    <inode>03a78010-ee80-4c64-a287-1127685e2226</inode>
    <tagId>4d1e1449-b89f-4200-902c-6bb02ffd9112</tagId>
  </com.dotmarketing.tag.model.TagInode>
  <com.dotmarketing.tag.model.TagInode>
    <inode>066da6f4-5794-4381-af63-8c36b89a8058</inode>
    <tagId>9962fdd8-3991-4378-9405-2217525a8f83</tagId>
  </com.dotmarketing.tag.model.TagInode>
  <com.dotmarketing.tag.model.TagInode>
    <inode>066da6f4-5794-4381-af63-8c36b89a8058</inode>
    <tagId>c7e3ccea-c76c-428f-a229-e8c70f0d1216</tagId>
  </com.dotmarketing.tag.model.TagInode>
  <com.dotmarketing.tag.model.TagInode>
    <inode>066da6f4-5794-4381-af63-8c36b89a8058</inode>
    <tagId>ee7d5701-8fa2-4991-a453-9b5cb25dfda1</tagId>
  </com.dotmarketing.tag.model.TagInode>
  <com.dotmarketing.tag.model.TagInode>
    <inode>0879c971-95cd-4bfb-b04d-b8605c593e60</inode>
    <tagId>f13b0ce5-44c1-485e-af54-508dd9b623af</tagId>
  </com.dotmarketing.tag.model.TagInode>
  <com.dotmarketing.tag.model.TagInode>
    <inode>0d41b058-d8cc-4019-a954-489d127b7b89</inode>
    <tagId>369a9c1a-ce05-4126-9185-01fdf401494f</tagId>
  </com.dotmarketing.tag.model.TagInode>
  <com.dotmarketing.tag.model.TagInode>
    <inode>0d41b058-d8cc-4019-a954-489d127b7b89</inode>
    <tagId>3e1b5d1e-bede-466d-bfbc-dd4538393189</tagId>
  </com.dotmarketing.tag.model.TagInode>
  <com.dotmarketing.tag.model.TagInode>
    <inode>0d41b058-d8cc-4019-a954-489d127b7b89</inode>
    <tagId>9962fdd8-3991-4378-9405-2217525a8f83</tagId>
  </com.dotmarketing.tag.model.TagInode>
  <com.dotmarketing.tag.model.TagInode>
    <inode>0d41b058-d8cc-4019-a954-489d127b7b89</inode>
    <tagId>e55a1c8e-5dcd-4d8d-9728-e97f64f58280</tagId>
  </com.dotmarketing.tag.model.TagInode>
  <com.dotmarketing.tag.model.TagInode>
    <inode>0d796a37-a3e0-4a12-b8de-810e68b16d25</inode>
    <tagId>50428508-6cf1-4055-b9d1-7633005295ce</tagId>
  </com.dotmarketing.tag.model.TagInode>
  <com.dotmarketing.tag.model.TagInode>
    <inode>0df17969-21e7-47c9-990e-6031e7a9a203</inode>
    <tagId>135aec12-468c-406b-9071-4af58f2ff8fd</tagId>
  </com.dotmarketing.tag.model.TagInode>
  <com.dotmarketing.tag.model.TagInode>
    <inode>0df17969-21e7-47c9-990e-6031e7a9a203</inode>
    <tagId>4efc7e29-0614-4d3a-b624-f2cc32e64173</tagId>
  </com.dotmarketing.tag.model.TagInode>
  <com.dotmarketing.tag.model.TagInode>
    <inode>13347d22-17c4-4261-9fa8-95a12b8995ff</inode>
    <tagId>135aec12-468c-406b-9071-4af58f2ff8fd</tagId>
  </com.dotmarketing.tag.model.TagInode>
  <com.dotmarketing.tag.model.TagInode>
    <inode>13347d22-17c4-4261-9fa8-95a12b8995ff</inode>
    <tagId>3c8cf6b5-2dac-40e0-9fe1-6430f9c4d1fc</tagId>
  </com.dotmarketing.tag.model.TagInode>
  <com.dotmarketing.tag.model.TagInode>
    <inode>140b62ad-d0da-4415-b9b7-3b03a534a814</inode>
    <tagId>50428508-6cf1-4055-b9d1-7633005295ce</tagId>
  </com.dotmarketing.tag.model.TagInode>
  <com.dotmarketing.tag.model.TagInode>
    <inode>140b62ad-d0da-4415-b9b7-3b03a534a814</inode>
    <tagId>99632676-0802-45b6-a443-01551f985a33</tagId>
  </com.dotmarketing.tag.model.TagInode>
  <com.dotmarketing.tag.model.TagInode>
    <inode>1430f26e-cab9-41a0-beb5-4c51557660ac</inode>
    <tagId>60ca119c-ac0f-4626-999c-ba140b1bfef2</tagId>
  </com.dotmarketing.tag.model.TagInode>
  <com.dotmarketing.tag.model.TagInode>
    <inode>194088bc-9e7d-4e8b-aab4-7d0ad5e40d40</inode>
    <tagId>249304aa-89e5-4bb8-996b-55f1ad62a569</tagId>
  </com.dotmarketing.tag.model.TagInode>
  <com.dotmarketing.tag.model.TagInode>
    <inode>194088bc-9e7d-4e8b-aab4-7d0ad5e40d40</inode>
    <tagId>4a661909-800a-413a-b8d7-0d9133176cfd</tagId>
  </com.dotmarketing.tag.model.TagInode>
  <com.dotmarketing.tag.model.TagInode>
    <inode>194088bc-9e7d-4e8b-aab4-7d0ad5e40d40</inode>
    <tagId>9962fdd8-3991-4378-9405-2217525a8f83</tagId>
  </com.dotmarketing.tag.model.TagInode>
  <com.dotmarketing.tag.model.TagInode>
    <inode>194088bc-9e7d-4e8b-aab4-7d0ad5e40d40</inode>
    <tagId>d10d1a84-6158-4ae9-aaf6-a574123d3193</tagId>
  </com.dotmarketing.tag.model.TagInode>
  <com.dotmarketing.tag.model.TagInode>
    <inode>1a190d07-3834-4bed-aad7-27cfa942c7b1</inode>
    <tagId>0c6f3728-cc6d-482e-8895-7760bf4c71f7</tagId>
  </com.dotmarketing.tag.model.TagInode>
  <com.dotmarketing.tag.model.TagInode>
    <inode>1a190d07-3834-4bed-aad7-27cfa942c7b1</inode>
    <tagId>b5f78679-4837-4af1-9e7a-7dafe332c726</tagId>
  </com.dotmarketing.tag.model.TagInode>
  <com.dotmarketing.tag.model.TagInode>
    <inode>21d3c4d5-7977-490e-b055-ecb7f70c62c5</inode>
    <tagId>89034043-f5f3-4837-98e7-71385e8a6ab3</tagId>
  </com.dotmarketing.tag.model.TagInode>
  <com.dotmarketing.tag.model.TagInode>
    <inode>21d3c4d5-7977-490e-b055-ecb7f70c62c5</inode>
    <tagId>bdb48772-71f9-4d71-a42f-620c637ab51f</tagId>
  </com.dotmarketing.tag.model.TagInode>
  <com.dotmarketing.tag.model.TagInode>
    <inode>2371d21e-799c-4653-a8e4-fe4d0c1b8c22</inode>
    <tagId>89034043-f5f3-4837-98e7-71385e8a6ab3</tagId>
  </com.dotmarketing.tag.model.TagInode>
  <com.dotmarketing.tag.model.TagInode>
    <inode>2371d21e-799c-4653-a8e4-fe4d0c1b8c22</inode>
    <tagId>bdb48772-71f9-4d71-a42f-620c637ab51f</tagId>
  </com.dotmarketing.tag.model.TagInode>
  <com.dotmarketing.tag.model.TagInode>
    <inode>28480827-be01-4c42-81ff-8f446d6bb6c2</inode>
    <tagId>8c7e1a4b-94a4-45dd-92ec-95d8fc74c203</tagId>
  </com.dotmarketing.tag.model.TagInode>
  <com.dotmarketing.tag.model.TagInode>
    <inode>2b1ad637-b1a0-45b1-8281-61da569b3a35</inode>
    <tagId>89034043-f5f3-4837-98e7-71385e8a6ab3</tagId>
  </com.dotmarketing.tag.model.TagInode>
  <com.dotmarketing.tag.model.TagInode>
    <inode>2b1ad637-b1a0-45b1-8281-61da569b3a35</inode>
    <tagId>bdb48772-71f9-4d71-a42f-620c637ab51f</tagId>
  </com.dotmarketing.tag.model.TagInode>
  <com.dotmarketing.tag.model.TagInode>
    <inode>3070f16e-9c2c-4527-888c-dedf7d4cc709</inode>
    <tagId>60ca119c-ac0f-4626-999c-ba140b1bfef2</tagId>
  </com.dotmarketing.tag.model.TagInode>
  <com.dotmarketing.tag.model.TagInode>
    <inode>32a5663f-5c8a-4ee3-a07a-0bfca8ce973a</inode>
    <tagId>5370dfb0-7a90-4cba-aa76-ecc0da11c04c</tagId>
  </com.dotmarketing.tag.model.TagInode>
  <com.dotmarketing.tag.model.TagInode>
    <inode>33746712-0ab0-4b9a-970c-cdfb195bd526</inode>
    <tagId>b63497b4-d336-4898-8157-e51aba31e672</tagId>
  </com.dotmarketing.tag.model.TagInode>
  <com.dotmarketing.tag.model.TagInode>
    <inode>372e0116-b6a4-467f-85a6-e994e2e8f665</inode>
    <tagId>8c7e1a4b-94a4-45dd-92ec-95d8fc74c203</tagId>
  </com.dotmarketing.tag.model.TagInode>
  <com.dotmarketing.tag.model.TagInode>
    <inode>372e0116-b6a4-467f-85a6-e994e2e8f665</inode>
    <tagId>99632676-0802-45b6-a443-01551f985a33</tagId>
  </com.dotmarketing.tag.model.TagInode>
  <com.dotmarketing.tag.model.TagInode>
    <inode>38a65557-a4fb-49e7-87be-e8039fe95235</inode>
    <tagId>cd1c7314-038d-4d88-9000-65d5b53be375</tagId>
  </com.dotmarketing.tag.model.TagInode>
  <com.dotmarketing.tag.model.TagInode>
    <inode>4069ef39-4c3c-480a-b32d-364a0ea2e9f4</inode>
    <tagId>f13b0ce5-44c1-485e-af54-508dd9b623af</tagId>
  </com.dotmarketing.tag.model.TagInode>
  <com.dotmarketing.tag.model.TagInode>
    <inode>40d8b38e-5187-4750-b2b7-c0b02ffb9711</inode>
    <tagId>89034043-f5f3-4837-98e7-71385e8a6ab3</tagId>
  </com.dotmarketing.tag.model.TagInode>
  <com.dotmarketing.tag.model.TagInode>
    <inode>4705b640-a233-414e-ad1c-9885806740dd</inode>
    <tagId>89034043-f5f3-4837-98e7-71385e8a6ab3</tagId>
  </com.dotmarketing.tag.model.TagInode>
  <com.dotmarketing.tag.model.TagInode>
    <inode>48044160-a98e-46bd-847c-ccab9cd40eea</inode>
    <tagId>107ca82e-79b2-477b-81a7-690c980e21b7</tagId>
  </com.dotmarketing.tag.model.TagInode>
  <com.dotmarketing.tag.model.TagInode>
    <inode>48044160-a98e-46bd-847c-ccab9cd40eea</inode>
    <tagId>2bf48fd1-2272-420e-a04c-1ec6fbbc8743</tagId>
  </com.dotmarketing.tag.model.TagInode>
  <com.dotmarketing.tag.model.TagInode>
    <inode>48044160-a98e-46bd-847c-ccab9cd40eea</inode>
    <tagId>4d1e1449-b89f-4200-902c-6bb02ffd9112</tagId>
  </com.dotmarketing.tag.model.TagInode>
  <com.dotmarketing.tag.model.TagInode>
    <inode>491fa9ca-bc70-47ee-b3ba-eb7df29bea55</inode>
    <tagId>50428508-6cf1-4055-b9d1-7633005295ce</tagId>
  </com.dotmarketing.tag.model.TagInode>
  <com.dotmarketing.tag.model.TagInode>
    <inode>491fa9ca-bc70-47ee-b3ba-eb7df29bea55</inode>
    <tagId>99632676-0802-45b6-a443-01551f985a33</tagId>
  </com.dotmarketing.tag.model.TagInode>
  <com.dotmarketing.tag.model.TagInode>
    <inode>49bc516b-37ce-43c2-a05c-8827cfb86529</inode>
    <tagId>89034043-f5f3-4837-98e7-71385e8a6ab3</tagId>
  </com.dotmarketing.tag.model.TagInode>
  <com.dotmarketing.tag.model.TagInode>
    <inode>49bc516b-37ce-43c2-a05c-8827cfb86529</inode>
    <tagId>bdb48772-71f9-4d71-a42f-620c637ab51f</tagId>
  </com.dotmarketing.tag.model.TagInode>
  <com.dotmarketing.tag.model.TagInode>
    <inode>4a4f511d-f60e-4986-bb79-16b692827441</inode>
    <tagId>bdb48772-71f9-4d71-a42f-620c637ab51f</tagId>
  </com.dotmarketing.tag.model.TagInode>
  <com.dotmarketing.tag.model.TagInode>
    <inode>4a4f511d-f60e-4986-bb79-16b692827441</inode>
    <tagId>e27dedf7-0b86-4a86-aa8a-a1f84007ef80</tagId>
  </com.dotmarketing.tag.model.TagInode>
  <com.dotmarketing.tag.model.TagInode>
    <inode>4ee06055-1a3b-413b-b88a-112a786c4e38</inode>
    <tagId>00e13d26-ebcd-41c6-a84a-c156081f2f09</tagId>
  </com.dotmarketing.tag.model.TagInode>
  <com.dotmarketing.tag.model.TagInode>
    <inode>4ee06055-1a3b-413b-b88a-112a786c4e38</inode>
    <tagId>7a316697-d009-4086-b8ce-2b452e4cefab</tagId>
  </com.dotmarketing.tag.model.TagInode>
  <com.dotmarketing.tag.model.TagInode>
    <inode>511ab093-0f06-4779-8e3e-cc9e4d739b21</inode>
    <tagId>99632676-0802-45b6-a443-01551f985a33</tagId>
  </com.dotmarketing.tag.model.TagInode>
  <com.dotmarketing.tag.model.TagInode>
    <inode>511ab093-0f06-4779-8e3e-cc9e4d739b21</inode>
    <tagId>db4d4f2f-cca9-4daa-b8cd-9316e7a9f223</tagId>
  </com.dotmarketing.tag.model.TagInode>
  <com.dotmarketing.tag.model.TagInode>
    <inode>525e4eaa-a28e-440f-a087-4849ce23a45a</inode>
    <tagId>50428508-6cf1-4055-b9d1-7633005295ce</tagId>
  </com.dotmarketing.tag.model.TagInode>
  <com.dotmarketing.tag.model.TagInode>
    <inode>525e4eaa-a28e-440f-a087-4849ce23a45a</inode>
    <tagId>99632676-0802-45b6-a443-01551f985a33</tagId>
  </com.dotmarketing.tag.model.TagInode>
  <com.dotmarketing.tag.model.TagInode>
    <inode>562f240b-97eb-4669-8f3c-569c20b1153f</inode>
    <tagId>50428508-6cf1-4055-b9d1-7633005295ce</tagId>
  </com.dotmarketing.tag.model.TagInode>
  <com.dotmarketing.tag.model.TagInode>
    <inode>562f240b-97eb-4669-8f3c-569c20b1153f</inode>
    <tagId>99632676-0802-45b6-a443-01551f985a33</tagId>
  </com.dotmarketing.tag.model.TagInode>
  <com.dotmarketing.tag.model.TagInode>
    <inode>5945aafe-a815-4373-bad7-3da33f4d5ac9</inode>
    <tagId>f13b0ce5-44c1-485e-af54-508dd9b623af</tagId>
  </com.dotmarketing.tag.model.TagInode>
  <com.dotmarketing.tag.model.TagInode>
    <inode>5b6e11b8-d6a0-42c5-990a-bd284ee814bc</inode>
    <tagId>4efc7e29-0614-4d3a-b624-f2cc32e64173</tagId>
  </com.dotmarketing.tag.model.TagInode>
  <com.dotmarketing.tag.model.TagInode>
    <inode>5b6e11b8-d6a0-42c5-990a-bd284ee814bc</inode>
    <tagId>826ed538-4f24-46eb-90f7-537b292d142b</tagId>
  </com.dotmarketing.tag.model.TagInode>
  <com.dotmarketing.tag.model.TagInode>
    <inode>5d209e0b-054d-4c8e-b1b7-fb05295a58d2</inode>
    <tagId>531e56c9-aff6-4ac7-819a-ed771fe43c03</tagId>
  </com.dotmarketing.tag.model.TagInode>
  <com.dotmarketing.tag.model.TagInode>
    <inode>5df408be-a18e-4d16-baa2-3558019a5310</inode>
    <tagId>249304aa-89e5-4bb8-996b-55f1ad62a569</tagId>
  </com.dotmarketing.tag.model.TagInode>
  <com.dotmarketing.tag.model.TagInode>
    <inode>5df408be-a18e-4d16-baa2-3558019a5310</inode>
    <tagId>9962fdd8-3991-4378-9405-2217525a8f83</tagId>
  </com.dotmarketing.tag.model.TagInode>
  <com.dotmarketing.tag.model.TagInode>
    <inode>5df408be-a18e-4d16-baa2-3558019a5310</inode>
    <tagId>d7fcf077-57fd-40fb-841f-01e4bd322cf6</tagId>
  </com.dotmarketing.tag.model.TagInode>
  <com.dotmarketing.tag.model.TagInode>
    <inode>6080f466-56f4-4c0e-be8d-faac03c93285</inode>
    <tagId>934fdd8f-c8d1-4343-8218-822b97669dfe</tagId>
  </com.dotmarketing.tag.model.TagInode>
  <com.dotmarketing.tag.model.TagInode>
    <inode>61aa6495-a03c-46a3-b149-7b54dad34217</inode>
    <tagId>f13b0ce5-44c1-485e-af54-508dd9b623af</tagId>
  </com.dotmarketing.tag.model.TagInode>
  <com.dotmarketing.tag.model.TagInode>
    <inode>61e2c8ca-2817-49e4-89c2-6a4350a7bfe0</inode>
    <tagId>9962fdd8-3991-4378-9405-2217525a8f83</tagId>
  </com.dotmarketing.tag.model.TagInode>
  <com.dotmarketing.tag.model.TagInode>
    <inode>61e2c8ca-2817-49e4-89c2-6a4350a7bfe0</inode>
    <tagId>c7e3ccea-c76c-428f-a229-e8c70f0d1216</tagId>
  </com.dotmarketing.tag.model.TagInode>
  <com.dotmarketing.tag.model.TagInode>
    <inode>61e2c8ca-2817-49e4-89c2-6a4350a7bfe0</inode>
    <tagId>ee7d5701-8fa2-4991-a453-9b5cb25dfda1</tagId>
  </com.dotmarketing.tag.model.TagInode>
  <com.dotmarketing.tag.model.TagInode>
    <inode>656c0467-0fce-478a-8b90-3b51b2bfa5bb</inode>
    <tagId>f13b0ce5-44c1-485e-af54-508dd9b623af</tagId>
  </com.dotmarketing.tag.model.TagInode>
  <com.dotmarketing.tag.model.TagInode>
    <inode>6fb75a8a-33df-4ece-a848-e045067e697d</inode>
    <tagId>99632676-0802-45b6-a443-01551f985a33</tagId>
  </com.dotmarketing.tag.model.TagInode>
  <com.dotmarketing.tag.model.TagInode>
    <inode>6fb75a8a-33df-4ece-a848-e045067e697d</inode>
    <tagId>db4d4f2f-cca9-4daa-b8cd-9316e7a9f223</tagId>
  </com.dotmarketing.tag.model.TagInode>
  <com.dotmarketing.tag.model.TagInode>
    <inode>773e550b-e350-4390-9ce3-d738850bcba9</inode>
    <tagId>db4d4f2f-cca9-4daa-b8cd-9316e7a9f223</tagId>
  </com.dotmarketing.tag.model.TagInode>
  <com.dotmarketing.tag.model.TagInode>
    <inode>78433a9c-eb28-403a-8398-158f5492d9fb</inode>
    <tagId>99632676-0802-45b6-a443-01551f985a33</tagId>
  </com.dotmarketing.tag.model.TagInode>
  <com.dotmarketing.tag.model.TagInode>
    <inode>78433a9c-eb28-403a-8398-158f5492d9fb</inode>
    <tagId>db4d4f2f-cca9-4daa-b8cd-9316e7a9f223</tagId>
  </com.dotmarketing.tag.model.TagInode>
  <com.dotmarketing.tag.model.TagInode>
    <inode>791a8a85-9b87-4e91-8aee-c2677fd4023c</inode>
    <tagId>9962fdd8-3991-4378-9405-2217525a8f83</tagId>
  </com.dotmarketing.tag.model.TagInode>
  <com.dotmarketing.tag.model.TagInode>
    <inode>7b9f9695-b4e8-4968-b3b3-502b513f97cb</inode>
    <tagId>934fdd8f-c8d1-4343-8218-822b97669dfe</tagId>
  </com.dotmarketing.tag.model.TagInode>
  <com.dotmarketing.tag.model.TagInode>
    <inode>7de092d3-d051-4898-8623-48113b4ec1ca</inode>
    <tagId>8c7e1a4b-94a4-45dd-92ec-95d8fc74c203</tagId>
  </com.dotmarketing.tag.model.TagInode>
  <com.dotmarketing.tag.model.TagInode>
    <inode>7de092d3-d051-4898-8623-48113b4ec1ca</inode>
    <tagId>99632676-0802-45b6-a443-01551f985a33</tagId>
  </com.dotmarketing.tag.model.TagInode>
  <com.dotmarketing.tag.model.TagInode>
    <inode>7f640cb0-5795-4b96-b54f-e53dfdc52002</inode>
    <tagId>89034043-f5f3-4837-98e7-71385e8a6ab3</tagId>
  </com.dotmarketing.tag.model.TagInode>
  <com.dotmarketing.tag.model.TagInode>
    <inode>7fa13c28-c629-427b-993c-a1b92e182285</inode>
    <tagId>135aec12-468c-406b-9071-4af58f2ff8fd</tagId>
  </com.dotmarketing.tag.model.TagInode>
  <com.dotmarketing.tag.model.TagInode>
    <inode>7fa13c28-c629-427b-993c-a1b92e182285</inode>
    <tagId>d7fcf077-57fd-40fb-841f-01e4bd322cf6</tagId>
  </com.dotmarketing.tag.model.TagInode>
  <com.dotmarketing.tag.model.TagInode>
    <inode>822c9b03-17ad-431b-946b-1c5b6ff2cd8a</inode>
    <tagId>135aec12-468c-406b-9071-4af58f2ff8fd</tagId>
  </com.dotmarketing.tag.model.TagInode>
  <com.dotmarketing.tag.model.TagInode>
    <inode>822c9b03-17ad-431b-946b-1c5b6ff2cd8a</inode>
    <tagId>4efc7e29-0614-4d3a-b624-f2cc32e64173</tagId>
  </com.dotmarketing.tag.model.TagInode>
  <com.dotmarketing.tag.model.TagInode>
    <inode>8396c72b-f1ad-4513-9015-8061b1254f2e</inode>
    <tagId>50428508-6cf1-4055-b9d1-7633005295ce</tagId>
  </com.dotmarketing.tag.model.TagInode>
  <com.dotmarketing.tag.model.TagInode>
    <inode>83ed4f3b-47da-4cdb-a6ac-c8fc872f6a8b</inode>
    <tagId>50428508-6cf1-4055-b9d1-7633005295ce</tagId>
  </com.dotmarketing.tag.model.TagInode>
  <com.dotmarketing.tag.model.TagInode>
    <inode>841f5ce8-a737-413a-a2f0-284a71d3edb1</inode>
    <tagId>89034043-f5f3-4837-98e7-71385e8a6ab3</tagId>
  </com.dotmarketing.tag.model.TagInode>
  <com.dotmarketing.tag.model.TagInode>
    <inode>8ba63181-d815-4ba5-b32c-23860689948f</inode>
    <tagId>369a9c1a-ce05-4126-9185-01fdf401494f</tagId>
  </com.dotmarketing.tag.model.TagInode>
  <com.dotmarketing.tag.model.TagInode>
    <inode>8ba63181-d815-4ba5-b32c-23860689948f</inode>
    <tagId>3e1b5d1e-bede-466d-bfbc-dd4538393189</tagId>
  </com.dotmarketing.tag.model.TagInode>
  <com.dotmarketing.tag.model.TagInode>
    <inode>8ba63181-d815-4ba5-b32c-23860689948f</inode>
    <tagId>9962fdd8-3991-4378-9405-2217525a8f83</tagId>
  </com.dotmarketing.tag.model.TagInode>
  <com.dotmarketing.tag.model.TagInode>
    <inode>8ba63181-d815-4ba5-b32c-23860689948f</inode>
    <tagId>e55a1c8e-5dcd-4d8d-9728-e97f64f58280</tagId>
  </com.dotmarketing.tag.model.TagInode>
  <com.dotmarketing.tag.model.TagInode>
    <inode>8e715d1b-f749-4424-92f9-149381e383d7</inode>
    <tagId>b63497b4-d336-4898-8157-e51aba31e672</tagId>
  </com.dotmarketing.tag.model.TagInode>
  <com.dotmarketing.tag.model.TagInode>
    <inode>900fd3ed-fd9f-4b84-8ab6-5241956cf75b</inode>
    <tagId>135aec12-468c-406b-9071-4af58f2ff8fd</tagId>
  </com.dotmarketing.tag.model.TagInode>
  <com.dotmarketing.tag.model.TagInode>
    <inode>95bfa8cf-5078-4ee8-9d99-5b890b3f13e0</inode>
    <tagId>f13b0ce5-44c1-485e-af54-508dd9b623af</tagId>
  </com.dotmarketing.tag.model.TagInode>
  <com.dotmarketing.tag.model.TagInode>
    <inode>9df30e6a-c495-43e9-af89-1051ecd90ae4</inode>
    <tagId>369a9c1a-ce05-4126-9185-01fdf401494f</tagId>
  </com.dotmarketing.tag.model.TagInode>
  <com.dotmarketing.tag.model.TagInode>
    <inode>9df30e6a-c495-43e9-af89-1051ecd90ae4</inode>
    <tagId>3e1b5d1e-bede-466d-bfbc-dd4538393189</tagId>
  </com.dotmarketing.tag.model.TagInode>
  <com.dotmarketing.tag.model.TagInode>
    <inode>9df30e6a-c495-43e9-af89-1051ecd90ae4</inode>
    <tagId>e55a1c8e-5dcd-4d8d-9728-e97f64f58280</tagId>
  </com.dotmarketing.tag.model.TagInode>
  <com.dotmarketing.tag.model.TagInode>
    <inode>9edba789-c02f-471c-ad90-144b631fccb2</inode>
    <tagId>5370dfb0-7a90-4cba-aa76-ecc0da11c04c</tagId>
  </com.dotmarketing.tag.model.TagInode>
  <com.dotmarketing.tag.model.TagInode>
    <inode>a97b283a-27d3-47fd-8ede-3aa8fc239419</inode>
    <tagId>f13b0ce5-44c1-485e-af54-508dd9b623af</tagId>
  </com.dotmarketing.tag.model.TagInode>
  <com.dotmarketing.tag.model.TagInode>
    <inode>af4305bc-88bd-4c7b-a5e9-daec153286ea</inode>
    <tagId>369a9c1a-ce05-4126-9185-01fdf401494f</tagId>
  </com.dotmarketing.tag.model.TagInode>
  <com.dotmarketing.tag.model.TagInode>
    <inode>af4305bc-88bd-4c7b-a5e9-daec153286ea</inode>
    <tagId>3e1b5d1e-bede-466d-bfbc-dd4538393189</tagId>
  </com.dotmarketing.tag.model.TagInode>
  <com.dotmarketing.tag.model.TagInode>
    <inode>af4305bc-88bd-4c7b-a5e9-daec153286ea</inode>
    <tagId>9962fdd8-3991-4378-9405-2217525a8f83</tagId>
  </com.dotmarketing.tag.model.TagInode>
  <com.dotmarketing.tag.model.TagInode>
    <inode>af4305bc-88bd-4c7b-a5e9-daec153286ea</inode>
    <tagId>e55a1c8e-5dcd-4d8d-9728-e97f64f58280</tagId>
  </com.dotmarketing.tag.model.TagInode>
  <com.dotmarketing.tag.model.TagInode>
    <inode>af9dc323-bf48-415f-9efc-d5ec82d128ed</inode>
    <tagId>135aec12-468c-406b-9071-4af58f2ff8fd</tagId>
  </com.dotmarketing.tag.model.TagInode>
  <com.dotmarketing.tag.model.TagInode>
    <inode>b4f1befd-3b25-4302-a110-d0b1fc26656a</inode>
    <tagId>135aec12-468c-406b-9071-4af58f2ff8fd</tagId>
  </com.dotmarketing.tag.model.TagInode>
  <com.dotmarketing.tag.model.TagInode>
    <inode>b4f1befd-3b25-4302-a110-d0b1fc26656a</inode>
    <tagId>2846409f-1cc8-48ac-8e5d-7e9f0c5f03b9</tagId>
  </com.dotmarketing.tag.model.TagInode>
  <com.dotmarketing.tag.model.TagInode>
    <inode>b4f1befd-3b25-4302-a110-d0b1fc26656a</inode>
    <tagId>4efc7e29-0614-4d3a-b624-f2cc32e64173</tagId>
  </com.dotmarketing.tag.model.TagInode>
  <com.dotmarketing.tag.model.TagInode>
    <inode>b76d3882-81d8-49b8-bcdb-e2c4a43cf372</inode>
    <tagId>684acf38-a541-4de3-9b63-51b5ebe30b32</tagId>
  </com.dotmarketing.tag.model.TagInode>
  <com.dotmarketing.tag.model.TagInode>
    <inode>b76d3882-81d8-49b8-bcdb-e2c4a43cf372</inode>
    <tagId>f7bdc773-2ef3-4f3d-b1ad-4ff1218a970a</tagId>
  </com.dotmarketing.tag.model.TagInode>
  <com.dotmarketing.tag.model.TagInode>
    <inode>bc6fe185-3729-4418-b148-43a7eb2045ee</inode>
    <tagId>07cea875-17df-4e29-afaa-e5c4bf344a97</tagId>
  </com.dotmarketing.tag.model.TagInode>
  <com.dotmarketing.tag.model.TagInode>
    <inode>bc6fe185-3729-4418-b148-43a7eb2045ee</inode>
    <tagId>26352b8a-e080-4c83-bfb9-30ffcf106977</tagId>
  </com.dotmarketing.tag.model.TagInode>
  <com.dotmarketing.tag.model.TagInode>
    <inode>be41006a-0de0-4f99-8378-a45b132dcf06</inode>
    <tagId>135aec12-468c-406b-9071-4af58f2ff8fd</tagId>
  </com.dotmarketing.tag.model.TagInode>
  <com.dotmarketing.tag.model.TagInode>
    <inode>be41006a-0de0-4f99-8378-a45b132dcf06</inode>
    <tagId>2846409f-1cc8-48ac-8e5d-7e9f0c5f03b9</tagId>
  </com.dotmarketing.tag.model.TagInode>
  <com.dotmarketing.tag.model.TagInode>
    <inode>be41006a-0de0-4f99-8378-a45b132dcf06</inode>
    <tagId>2f55ddf9-199e-41b6-ba48-82580aeb3359</tagId>
  </com.dotmarketing.tag.model.TagInode>
  <com.dotmarketing.tag.model.TagInode>
    <inode>be4649c0-1ca3-4560-b184-4257e780eca9</inode>
    <tagId>934fdd8f-c8d1-4343-8218-822b97669dfe</tagId>
  </com.dotmarketing.tag.model.TagInode>
  <com.dotmarketing.tag.model.TagInode>
    <inode>c0e57654-c341-4221-bd18-e80492c9b667</inode>
    <tagId>4efc7e29-0614-4d3a-b624-f2cc32e64173</tagId>
  </com.dotmarketing.tag.model.TagInode>
  <com.dotmarketing.tag.model.TagInode>
    <inode>c0e57654-c341-4221-bd18-e80492c9b667</inode>
    <tagId>bcfdad03-38cc-4287-ba07-a549e7ec0c1f</tagId>
  </com.dotmarketing.tag.model.TagInode>
  <com.dotmarketing.tag.model.TagInode>
    <inode>c227695d-11db-485d-aa65-2439db27a664</inode>
    <tagId>9962fdd8-3991-4378-9405-2217525a8f83</tagId>
  </com.dotmarketing.tag.model.TagInode>
  <com.dotmarketing.tag.model.TagInode>
    <inode>c227695d-11db-485d-aa65-2439db27a664</inode>
    <tagId>c7e3ccea-c76c-428f-a229-e8c70f0d1216</tagId>
  </com.dotmarketing.tag.model.TagInode>
  <com.dotmarketing.tag.model.TagInode>
    <inode>c227695d-11db-485d-aa65-2439db27a664</inode>
    <tagId>ee7d5701-8fa2-4991-a453-9b5cb25dfda1</tagId>
  </com.dotmarketing.tag.model.TagInode>
  <com.dotmarketing.tag.model.TagInode>
    <inode>c466825b-130f-4a56-a3d5-d2d59da237b8</inode>
    <tagId>135aec12-468c-406b-9071-4af58f2ff8fd</tagId>
  </com.dotmarketing.tag.model.TagInode>
  <com.dotmarketing.tag.model.TagInode>
    <inode>c5e47e1f-e74d-45bc-95c4-32c7ba76c576</inode>
    <tagId>135aec12-468c-406b-9071-4af58f2ff8fd</tagId>
  </com.dotmarketing.tag.model.TagInode>
  <com.dotmarketing.tag.model.TagInode>
    <inode>c5e47e1f-e74d-45bc-95c4-32c7ba76c576</inode>
    <tagId>76c659b5-3826-4a5f-b07f-a3ca809ebd50</tagId>
  </com.dotmarketing.tag.model.TagInode>
  <com.dotmarketing.tag.model.TagInode>
    <inode>ca36d603-d622-47b6-93f2-d1d52be52fd4</inode>
    <tagId>934fdd8f-c8d1-4343-8218-822b97669dfe</tagId>
  </com.dotmarketing.tag.model.TagInode>
  <com.dotmarketing.tag.model.TagInode>
    <inode>ca36d603-d622-47b6-93f2-d1d52be52fd4</inode>
    <tagId>bdb48772-71f9-4d71-a42f-620c637ab51f</tagId>
  </com.dotmarketing.tag.model.TagInode>
  <com.dotmarketing.tag.model.TagInode>
    <inode>cc88d52e-7291-4f14-aac1-f83e6b7f5b1f</inode>
    <tagId>135aec12-468c-406b-9071-4af58f2ff8fd</tagId>
  </com.dotmarketing.tag.model.TagInode>
  <com.dotmarketing.tag.model.TagInode>
    <inode>cc88d52e-7291-4f14-aac1-f83e6b7f5b1f</inode>
    <tagId>2846409f-1cc8-48ac-8e5d-7e9f0c5f03b9</tagId>
  </com.dotmarketing.tag.model.TagInode>
  <com.dotmarketing.tag.model.TagInode>
    <inode>cf73afec-58ef-45f5-bb02-a3ae4a4dfea6</inode>
    <tagId>5370dfb0-7a90-4cba-aa76-ecc0da11c04c</tagId>
  </com.dotmarketing.tag.model.TagInode>
  <com.dotmarketing.tag.model.TagInode>
    <inode>d29a02bf-86a5-4fca-918b-c7b2275b5737</inode>
    <tagId>db4d4f2f-cca9-4daa-b8cd-9316e7a9f223</tagId>
  </com.dotmarketing.tag.model.TagInode>
  <com.dotmarketing.tag.model.TagInode>
    <inode>d5557cbb-c45f-4fbc-89b1-e444827ee0ca</inode>
    <tagId>135aec12-468c-406b-9071-4af58f2ff8fd</tagId>
  </com.dotmarketing.tag.model.TagInode>
  <com.dotmarketing.tag.model.TagInode>
    <inode>d5557cbb-c45f-4fbc-89b1-e444827ee0ca</inode>
    <tagId>30bf1c19-c763-458e-a5d4-35246f253213</tagId>
  </com.dotmarketing.tag.model.TagInode>
  <com.dotmarketing.tag.model.TagInode>
    <inode>d648b740-01a7-49bd-8a94-39db1432fd48</inode>
    <tagId>db4d4f2f-cca9-4daa-b8cd-9316e7a9f223</tagId>
  </com.dotmarketing.tag.model.TagInode>
  <com.dotmarketing.tag.model.TagInode>
    <inode>dba14aac-879b-4d23-8bbd-c9b8b10353bf</inode>
    <tagId>934fdd8f-c8d1-4343-8218-822b97669dfe</tagId>
  </com.dotmarketing.tag.model.TagInode>
  <com.dotmarketing.tag.model.TagInode>
    <inode>dba14aac-879b-4d23-8bbd-c9b8b10353bf</inode>
    <tagId>bdb48772-71f9-4d71-a42f-620c637ab51f</tagId>
  </com.dotmarketing.tag.model.TagInode>
  <com.dotmarketing.tag.model.TagInode>
    <inode>e917f9a2-73bd-49cb-b3a2-a779586e2daf</inode>
    <tagId>07cea875-17df-4e29-afaa-e5c4bf344a97</tagId>
  </com.dotmarketing.tag.model.TagInode>
  <com.dotmarketing.tag.model.TagInode>
    <inode>e917f9a2-73bd-49cb-b3a2-a779586e2daf</inode>
    <tagId>26352b8a-e080-4c83-bfb9-30ffcf106977</tagId>
  </com.dotmarketing.tag.model.TagInode>
  <com.dotmarketing.tag.model.TagInode>
    <inode>ea4edb26-ba9e-41e2-890f-ee9dd50337cc</inode>
    <tagId>369a9c1a-ce05-4126-9185-01fdf401494f</tagId>
  </com.dotmarketing.tag.model.TagInode>
  <com.dotmarketing.tag.model.TagInode>
    <inode>ea4edb26-ba9e-41e2-890f-ee9dd50337cc</inode>
    <tagId>3e1b5d1e-bede-466d-bfbc-dd4538393189</tagId>
  </com.dotmarketing.tag.model.TagInode>
  <com.dotmarketing.tag.model.TagInode>
    <inode>ea4edb26-ba9e-41e2-890f-ee9dd50337cc</inode>
    <tagId>9962fdd8-3991-4378-9405-2217525a8f83</tagId>
  </com.dotmarketing.tag.model.TagInode>
  <com.dotmarketing.tag.model.TagInode>
    <inode>ea4edb26-ba9e-41e2-890f-ee9dd50337cc</inode>
    <tagId>e55a1c8e-5dcd-4d8d-9728-e97f64f58280</tagId>
  </com.dotmarketing.tag.model.TagInode>
  <com.dotmarketing.tag.model.TagInode>
    <inode>ed063ed5-23ed-4d94-ad42-8c4096c38cbe</inode>
    <tagId>89034043-f5f3-4837-98e7-71385e8a6ab3</tagId>
  </com.dotmarketing.tag.model.TagInode>
  <com.dotmarketing.tag.model.TagInode>
    <inode>ee178172-6b0c-4382-86df-1e7aa3b8288e</inode>
    <tagId>135aec12-468c-406b-9071-4af58f2ff8fd</tagId>
  </com.dotmarketing.tag.model.TagInode>
  <com.dotmarketing.tag.model.TagInode>
    <inode>ee178172-6b0c-4382-86df-1e7aa3b8288e</inode>
    <tagId>2e7c545b-a9c1-444d-923f-097a2566f51a</tagId>
  </com.dotmarketing.tag.model.TagInode>
  <com.dotmarketing.tag.model.TagInode>
    <inode>ee178172-6b0c-4382-86df-1e7aa3b8288e</inode>
    <tagId>4efc7e29-0614-4d3a-b624-f2cc32e64173</tagId>
  </com.dotmarketing.tag.model.TagInode>
  <com.dotmarketing.tag.model.TagInode>
    <inode>f8a1c903-bb08-45ab-868f-ed997e9e6bed</inode>
    <tagId>e27dedf7-0b86-4a86-aa8a-a1f84007ef80</tagId>
  </com.dotmarketing.tag.model.TagInode>
  <com.dotmarketing.tag.model.TagInode>
    <inode>f91f8b36-6122-407d-a266-6780072e791a</inode>
    <tagId>f13b0ce5-44c1-485e-af54-508dd9b623af</tagId>
  </com.dotmarketing.tag.model.TagInode>
  <com.dotmarketing.tag.model.TagInode>
    <inode>fc8d0c8a-c05a-4d8c-b953-9575e9eb0aa4</inode>
    <tagId>2764078f-2ef8-49b2-8a72-24d735967edc</tagId>
  </com.dotmarketing.tag.model.TagInode>
  <com.dotmarketing.tag.model.TagInode>
    <inode>fc8d0c8a-c05a-4d8c-b953-9575e9eb0aa4</inode>
    <tagId>f7bdc773-2ef3-4f3d-b1ad-4ff1218a970a</tagId>
  </com.dotmarketing.tag.model.TagInode>
  <com.dotmarketing.tag.model.TagInode>
    <inode>fdbd8ff1-6b09-4e12-a65a-c74a21eb44e6</inode>
    <tagId>f13b0ce5-44c1-485e-af54-508dd9b623af</tagId>
  </com.dotmarketing.tag.model.TagInode>
  <com.dotmarketing.tag.model.TagInode>
    <inode>fefc7174-180c-4e17-8ee0-f00e4891ea6b</inode>
    <tagId>684acf38-a541-4de3-9b63-51b5ebe30b32</tagId>
  </com.dotmarketing.tag.model.TagInode>
  <com.dotmarketing.tag.model.TagInode>
    <inode>fefc7174-180c-4e17-8ee0-f00e4891ea6b</inode>
    <tagId>f7bdc773-2ef3-4f3d-b1ad-4ff1218a970a</tagId>
  </com.dotmarketing.tag.model.TagInode>
  <com.dotmarketing.tag.model.TagInode>
    <inode>ffa70de1-fa07-4027-83be-2b45af375c4b</inode>
    <tagId>934fdd8f-c8d1-4343-8218-822b97669dfe</tagId>
  </com.dotmarketing.tag.model.TagInode>
  <com.dotmarketing.tag.model.TagInode>
    <inode>ffa70de1-fa07-4027-83be-2b45af375c4b</inode>
    <tagId>bdb48772-71f9-4d71-a42f-620c637ab51f</tagId>
  </com.dotmarketing.tag.model.TagInode>
</list>