<list>
  <com.dotmarketing.portlets.containers.model.Container>
    <iDate class="sql-timestamp">2013-02-27 16:03:11.359</iDate>
    <type>containers</type>
    <owner></owner>
    <inode>9ba56bdf-8992-425b-9c48-cca823fc49cd</inode>
    <identifier>6a12bbda-0ae2-4121-a98b-ad8069eaff3a</identifier>
    <title>Banner (Homepage)</title>
    <friendlyName>Large banner homepage banner</friendlyName>
    <modDate class="sql-timestamp">2013-02-27 16:03:11.467</modDate>
    <modUser>dotcms.org.1</modUser>
    <sortOrder>0</sortOrder>
    <showOnMenu>false</showOnMenu>
    <code>&lt;li&gt;&#xd;
  &lt;img src=&quot;/contentAsset/resize-image/${ContentIdentifier}/image/w/954/h/348&quot; alt=&quot;$!{title}&quot; /&gt;&#xd;
  &lt;div class=&quot;flexSlider-title&quot;&gt;&#xd;
    &lt;h2&gt;$!{title}&lt;/h2&gt;&#xd;
    &lt;h3&gt;$!{caption}&lt;a href=&quot;$!{link}&quot;&gt;Learn More&lt;/a&gt;&lt;/h3&gt;&#xd;
  &lt;/div&gt;&#xd;
&lt;/li&gt;&#xd;
&#xd;
&#xd;
</code>
    <maxContentlets>4</maxContentlets>
    <useDiv>false</useDiv>
    <sortContentletsBy></sortContentletsBy>
    <preLoop>&lt;script src=&quot;/js/jquery.flexslider.min.js&quot;&gt;&lt;/script&gt;&#xd;
&lt;script&gt;&#xd;
  $(document).ready(function() {&#xd;
    if ($(&quot;.flexslider&quot;).length) {&#xd;
      $(window).load(function() {&#xd;
        $(&apos;.flexslider&apos;).flexslider({&#xd;
          animation: &quot;slide&quot;&#xd;
        });&#xd;
      });&#xd;
    }&#xd;
});&#xd;
&lt;/script&gt;&#xd;
&#xd;
#if($EDIT_MODE)&#xd;
   &lt;div id=&quot;banner-editmode&quot;&gt;&#xd;
#else   &#xd;
   &lt;div class=&quot;flex-container hidden-phone&quot;&gt;&#xd;
     &lt;div class=&quot;flexslider&quot;&gt;&#xd;
       &lt;ul class=&quot;slides&quot;&gt;&#xd;
#end</preLoop>
    <postLoop>#if($EDIT_MODE)&#xd;
      &lt;div class=&quot;clear&quot;&gt;&lt;/div&gt;&#xd;
   &lt;/div&gt;&#xd;
#else&#xd;
         &lt;/ul&gt;&#xd;
      &lt;/div&gt;&#xd;
      &lt;div class=&quot;shadow-edge&quot;&gt;&lt;/div&gt;&#xd;
   &lt;/div&gt;&#xd;
#end</postLoop>
    <staticify>false</staticify>
    <luceneQuery></luceneQuery>
    <notes></notes>
    <structureInode>4c441ada-944a-43af-a653-9bb4f3f0cb2b</structureInode>
    <forMetadata>false</forMetadata>
  </com.dotmarketing.portlets.containers.model.Container>
  <com.dotmarketing.portlets.containers.model.Container>
    <iDate class="sql-timestamp">2013-02-07 16:04:17.439</iDate>
    <type>containers</type>
    <owner></owner>
    <inode>79bbc4c7-85f1-4df9-9b7e-80dcacdb2608</inode>
    <identifier>18b44489-f942-40ed-90d9-f20dbdfe689e</identifier>
    <title>Footer</title>
    <friendlyName>Defult page footer</friendlyName>
    <modDate class="sql-timestamp">2013-02-07 16:04:17.573</modDate>
    <modUser>dotcms.org.1</modUser>
    <sortOrder>0</sortOrder>
    <showOnMenu>false</showOnMenu>
    <code>&lt;footer&gt;&#xd;
  &lt;div class=&quot;container&quot;&gt;&#xd;
    &lt;div class=&quot;row footerRow1 hidden-phone&quot;&gt;&#xd;
        &lt;div class=&quot;span2&quot;&gt;&#xd;
          &lt;h6&gt;Our Company&lt;/h6&gt;&#xd;
          &lt;ul&gt;&#xd;
            &lt;li&gt;&lt;a href=&quot;/about-us/&quot;&gt;About Us&lt;/a&gt;&lt;/li&gt;&#xd;
            &lt;li&gt;&lt;a href=&quot;/about-us/our-team/&quot;&gt;Our Team&lt;/a&gt;&lt;/li&gt;&#xd;
            &lt;li&gt;&lt;a href=&quot;/about-us/locations/&quot;&gt;Locations&lt;/a&gt;&lt;/li&gt;&#xd;
            &lt;li&gt;&lt;a href=&quot;/contact-us/&quot;&gt;Contact Us&lt;/a&gt;&lt;/li&gt;&#xd;
          &lt;/ul&gt;&#xd;
        &lt;/div&gt;&#xd;
      &#xd;
        &lt;div class=&quot;span2&quot;&gt;&#xd;
          &lt;h6&gt;News &amp; Events&lt;/h6&gt;&#xd;
          &lt;ul&gt;&#xd;
            &lt;li&gt;&lt;a href=&quot;/news-events/news/&quot;&gt;Recent News&lt;/a&gt;&lt;/li&gt;&#xd;
            &lt;li&gt;&lt;a href=&quot;/news-events/events/&quot;&gt;Upcoming Events&lt;/a&gt;&lt;/li&gt;&#xd;
            &lt;li&gt;&lt;a href=&quot;/blogs/index.html&quot;&gt;Insight Blog&lt;/a&gt;&lt;/li&gt;&#xd;
          &lt;/ul&gt;&#xd;
        &lt;/div&gt;&#xd;
      &#xd;
        &lt;div class=&quot;span2&quot;&gt;&#xd;
          &lt;h6&gt;For Clients&lt;/h6&gt;&#xd;
          &lt;ul&gt;&#xd;
            &lt;li&gt;&lt;a href=&quot;/dotCMS/login?referrer=/intranet/&quot;&gt;Intranet&lt;/a&gt;&lt;/li&gt;&#xd;
            &lt;li&gt;&lt;a href=&quot;/resources/&quot;&gt;Resources&lt;/a&gt;&lt;/li&gt;&#xd;
            &lt;li&gt;&lt;a href=&quot;/resources/videos.html&quot;&gt;Videos&lt;/a&gt;&lt;/li&gt;&#xd;
            &lt;li&gt;&lt;a href=&quot;http://m.demo.dotcms.com?iframe=true&quot; class=&quot;mobileSite&quot;&gt;Mobile Site&lt;/a&gt;&lt;/li&gt;&#xd;
          &lt;/ul&gt;&#xd;
        &lt;/div&gt;&#xd;
      &#xd;
        &lt;div class=&quot;span5 offset1&quot;&gt;&#xd;
          &lt;h6&gt;Newsletter Sign Up&lt;/h6&gt;&#xd;
          &lt;form id=&quot;newsletter-form&quot; method=&quot;post&quot; action=&quot;http://visitor.r20.constantcontact.com/manage/optin/ea?v=0014YAKv_Pymb9rFwL2BMSlaMcAXEwuIDzDQX9RGoGjK5rLzQoHHlEMPfpgvdUwnRjS&quot;&gt;&#xd;
            &lt;div&gt;&#xd;
              &lt;input type=&quot;hidden&quot; name=&quot;ref&quot; value=&quot;http://dotcms.com/&quot;/&gt;&#xd;
              &lt;input id=&quot;emailAddr&quot; name=&quot;emailAddr&quot; type=&quot;text&quot;&gt;&lt;a class=&quot;button&quot; onclick=&quot;document.getElementById(&apos;newsletter-form&apos;).submit()&quot;&gt;Subscribe&lt;/a&gt;&lt;/div&gt;&#xd;
              &lt;a href=&quot;#&quot; onclick=&quot;document.getElementById(&apos;newsletter-form&apos;).submit()&quot; class=&quot;unsubscribe&quot;&gt;Unsubscribe&lt;/a&gt;&#xd;
          &lt;/form&gt;&#xd;
        &lt;/div&gt;&#xd;
    &lt;/div&gt;&#xd;
    &#xd;
    &lt;div class=&quot;row footerRow2&quot;&gt;&#xd;
      &lt;div class=&quot;span6&quot;&gt;&#xd;
        &lt;a href=&quot;http://www.htmlcms.org&quot; target=&quot;_blank&quot;&gt;dotCMS Starter Site&lt;/a&gt; &amp;copy; $date.get(&apos;yyyy&apos;)  All rights reserved.&#xd;
      &lt;/div&gt;&#xd;
      &#xd;
      &lt;div class=&quot;span5 offset1&quot;&gt;&#xd;
    &#xd;
        &lt;!--====================AddThis Buttons======================--&gt;&#xd;
        &lt;div class=&quot;addThis social-button&quot;&gt;&#xd;
          &lt;a class=&quot;rss&quot; href=&quot;http://dotcms.com/community/rss-feeds.html&quot; target=&quot;_blank&quot;&gt;RSS Feed&lt;/a&gt;&#xd;
          &lt;a class=&quot;twitter&quot; href=&quot;http://twitter.com/#!/dotcms&quot; target=&quot;_blank&quot;&gt;Follow us on Twitter&lt;/a&gt;&#xd;
          &lt;a class=&quot;facebook&quot; href=&quot;http://www.facebook.com/dotCMS&quot; target=&quot;_blank&quot;&gt;Follow us on Facebook&lt;/a&gt;&#xd;
          &lt;a class=&quot;addthis_button_email&quot; href=&quot;http://www.addthis.com/bookmark.php&quot;&gt;Send to a Friend&lt;/a&gt;&#xd;
          &lt;a class=&quot;addthis_button&quot; href=&quot;http://www.addthis.com/bookmark.php&quot;&gt;Add This&lt;/a&gt;&#xd;
              &lt;script type=&quot;text/javascript&quot;&gt;&#xd;
                var addthis_config = {     &#xd;
                  data_track_clickback: true,&#xd;
                  services_expanded: &apos;bebo,misterwong,netvibes&apos;,&#xd;
                  ui_click: true,&#xd;
                  ui_offset_top: 0,&#xd;
                  ui_offset_left: 40&#xd;
                };&#xd;
              &lt;/script&gt;&#xd;
              &lt;script type=&quot;text/javascript&quot; src=&quot;http://s7.addthis.com/js/250/addthis_widget.js#pubid=$!{host.addThis}&quot;&gt;&lt;/script&gt;&#xd;
        &lt;/div&gt;&#xd;
      &lt;/div&gt;&#xd;
    &lt;/div&gt;&#xd;
  &lt;/div&gt;&#xd;
&lt;/footer&gt;&#xd;
&#xd;
&#xd;
&lt;!--====================User Info Tab Flyout======================--&gt;&#xd;
&lt;div id=&quot;userInfo&quot; class=&quot;visible-desktop&quot;&gt;&#xd;
  &lt;span class=&quot;trigger&quot;&gt;&lt;/span&gt;&#xd;
  &lt;span id=&quot;userInfoData&quot;&gt;&lt;/span&gt;&#xd;
&lt;/div&gt;&#xd;
&#xd;
&lt;!--=====================Google Analytics=========================--&gt;&#xd;
#if ($UtilMethods.isSet($host.googleAnalytics))&#xd;
  &lt;script type=&quot;text/javascript&quot;&gt;&#xd;
    var _gaq = _gaq || [];&#xd;
    _gaq.push([&apos;_setAccount&apos;, &apos;${host.googleAnalytics}&apos;]);&#xd;
    _gaq.push([&apos;_trackPageview&apos;]);&#xd;
  &#xd;
    (function() {&#xd;
      var ga = document.createElement(&apos;script&apos;); ga.type = &apos;text/javascript&apos;; ga.async = true;&#xd;
      ga.src = (&apos;https:&apos; == document.location.protocol ? &apos;https://ssl&apos; : &apos;http://www&apos;) + &apos;.google-analytics.com/ga.js&apos;;&#xd;
      var s = document.getElementsByTagName(&apos;script&apos;)[0]; s.parentNode.insertBefore(ga, s);&#xd;
    })();&#xd;
  &lt;/script&gt;&#xd;
#end&#xd;
        &#xd;
&lt;!-- Placed at the end of the document so the pages load faster --&gt;&#xd;
&lt;script src=&quot;/js/bootstrap.min.js&quot;&gt;&lt;/script&gt;&#xd;
&lt;script src=&quot;/js/bootstrap-collapse.js&quot;&gt;&lt;/script&gt;&#xd;
&lt;script src=&quot;/js/jquery.flexslider.min.js&quot;&gt;&lt;/script&gt;&#xd;
&lt;script src=&quot;/js/jquery.atooltip.js&quot;&gt;&lt;/script&gt;&#xd;
&lt;script src=&quot;/js/jquery.prettyPhoto.js&quot;&gt;&lt;/script&gt;&#xd;
&lt;script src=&quot;/js/jquery.easing.1.3.js&quot;&gt;&lt;/script&gt;&#xd;
&lt;script src=&quot;/js/jquery.tablesorter.min.js&quot;&gt;&lt;/script&gt;&#xd;
&lt;script src=&quot;/js/jflickrfeed.min.js&quot;&gt;&lt;/script&gt;&#xd;
&lt;script src=&quot;/js/chosen.jquery.js&quot;&gt;&lt;/script&gt;&#xd;
&lt;script src=&quot;/js/script.js?v=10012012&quot;&gt;&lt;/script&gt;&#xd;
</code>
    <maxContentlets>0</maxContentlets>
    <useDiv>false</useDiv>
    <sortContentletsBy></sortContentletsBy>
    <preLoop></preLoop>
    <postLoop></postLoop>
    <staticify>false</staticify>
    <luceneQuery></luceneQuery>
    <notes></notes>
    <structureInode>2a3e91e4-fbbf-4876-8c5b-2233c1739b05</structureInode>
    <forMetadata>false</forMetadata>
  </com.dotmarketing.portlets.containers.model.Container>
  <com.dotmarketing.portlets.containers.model.Container>
    <iDate class="sql-timestamp">2013-01-14 10:49:06.319</iDate>
    <type>containers</type>
    <owner></owner>
    <inode>c7a83540-5ffe-4613-94c3-7299c28635c1</inode>
    <identifier>afc45ad4-ee91-43a8-9562-3f9f7060e362</identifier>
    <title>Head Tag</title>
    <friendlyName>Default page &lt;head&gt;</friendlyName>
    <modDate class="sql-timestamp">2013-01-14 10:49:06.351</modDate>
    <modUser>dotcms.org.1</modUser>
    <sortOrder>0</sortOrder>
    <showOnMenu>false</showOnMenu>
    <code>#if($UtilMethods.isSet($user) &amp;&amp; $cmsuser.isUserRole($user, &quot;Intranet&quot;))&#xd;
    #if(!($EDIT_MODE))&#xd;
        #if(!${request.getParameter(&quot;showHome&quot;)})&#xd;
      #if($request.getRequestURI() == &quot;/&quot; || $request.getRequestURI() == &quot;/home/&quot; || $request.getRequestURI() == &quot;/home/index.html&quot;)&#xd;
              $response.sendRedirect(&quot;/intranet/?showHome=false&quot;)&#xd;
            #end&#xd;
        #end&#xd;
    #end&#xd;
#end&#xd;
&#xd;
#set($_myPageTitle =$!{HTMLPAGE_TITLE})&#xd;
#if($UtilMethods.isSet($!URLMapContent) &amp;&amp; $UtilMethods.isSet($!URLMapContent.title))&#xd;
  #set($_myPageTitle =$URLMapContent.title)&#xd;
#end&#xd;
&#xd;
&lt;title&gt;$_myPageTitle - Quest Financial&lt;/title&gt;&#xd;
&lt;meta charset=&quot;utf-8&quot;&gt;&#xd;
&lt;meta name=&quot;description&quot; content=&quot;$!{HTMLPAGE_DESCRIPTION}&quot;&gt;&#xd;
&#xd;
#if($URLMapContent &amp;&amp; $URLMapContent.tags)&#xd;
  #set($strKeywords=&quot;&quot;)&#xd;
  #foreach($keyword in $URLMapContent.tags)&#xd;
    #set($strKeywords=&quot;$strKeywords$keyword,&quot;)&#xd;
  #end&#xd;
  &lt;meta name=&quot;keywords&quot; content=&quot;$strKeywords&quot;&gt;  &#xd;
#else&#xd;
  &lt;meta name=&quot;keywords&quot; content=&quot;$!{HTMLPAGE_KEYWORDS}&quot;&gt;&#xd;
#end&#xd;
&lt;meta name=&quot;author&quot; content=&quot;$!{HTMLPAGE_META}&quot;&gt;&#xd;
&lt;meta name=&quot;viewport&quot; content=&quot;width=device-width, initial-scale=1.0&quot;&gt;&#xd;
&#xd;
&lt;link rel=&quot;shortcut icon&quot; href=&quot;http://www.htmlcms.org/global/favicon.ico&quot;&gt;&#xd;
&lt;link rel=&quot;stylesheet&quot; href=&quot;/application/themes/quest/css/style.css?v=103110012012&quot;&gt;&#xd;
&#xd;
#if($UtilMethods.isSet($!user) &amp;&amp; $cmsuser.isUserRole($user, &quot;Intranet&quot;))&#xd;
  #if(!($EDIT_MODE))&#xd;
    &lt;link rel=&quot;stylesheet&quot; href=&quot;/application/themes/quest/css/intranet.css&quot;&gt;&#xd;
  #end&#xd;
#end&#xd;
&#xd;
&lt;!--[if lt IE 7]&gt;&#xd;
  &lt;div style=&apos; clear: both; text-align:center; position: relative;&apos;&gt; &lt;a href=&quot;http://www.microsoft.com/windows/internet-explorer/default.aspx?ocid=ie6_countdown_bannercode&quot;&gt;&lt;img src=&quot;http://www.theie6countdown.com/images/upgrade.jpg&quot; border=&quot;0&quot; alt=&quot;&quot; /&gt;&lt;/a&gt;&lt;/div&gt;  &#xd;
&lt;![endif]--&gt;&#xd;
&#xd;
&lt;!--[if lt IE 9]&gt;&#xd;
  &lt;script src=&quot;http://html5shim.googlecode.com/svn/trunk/html5.js&quot;&gt;&lt;/script&gt;&#xd;
&lt;![endif]--&gt;&#xd;
</code>
    <maxContentlets>0</maxContentlets>
    <useDiv>false</useDiv>
    <sortContentletsBy></sortContentletsBy>
    <preLoop></preLoop>
    <postLoop></postLoop>
    <staticify>false</staticify>
    <luceneQuery></luceneQuery>
    <notes></notes>
    <structureInode>2a3e91e4-fbbf-4876-8c5b-2233c1739b05</structureInode>
    <forMetadata>false</forMetadata>
  </com.dotmarketing.portlets.containers.model.Container>
  <com.dotmarketing.portlets.containers.model.Container>
    <iDate class="sql-timestamp">2012-12-04 16:28:32.117</iDate>
    <type>containers</type>
    <owner></owner>
    <inode>55e37256-8f7c-417b-a4ac-585f1472ae4a</inode>
    <identifier>685132f6-12a6-45d0-a4e4-99f14ebce429</identifier>
    <title>Top Nav</title>
    <friendlyName>Primary navigation and site tools</friendlyName>
    <modDate class="sql-timestamp">2012-12-04 16:28:32.137</modDate>
    <modUser>dotcms.org.1</modUser>
    <sortOrder>0</sortOrder>
    <showOnMenu>false</showOnMenu>
    <code>&lt;header class=&quot;header-bg&quot;&gt;&#xd;
  &lt;div class=&quot;container&quot;&gt;&#xd;
    &#xd;
    &lt;div class=&quot;row&quot;&gt;&#xd;
      &lt;div class=&quot;span12&quot;&gt;&#xd;
        &lt;div class=&quot;links pull-right clearfix hidden-phone&quot;&gt;&#xd;
          #if(!$user)&#xd;
            &lt;a href=&quot;/application/createaccount/create_account.html&quot;&gt;Create an Account&lt;/a&gt;&#xd;
            &lt;a href=&quot;/dotCMS/login?referrer=/intranet/&quot;&gt;Login&lt;/a&gt;&#xd;
          #else&#xd;
            &lt;a href=&quot;/dotCMS/myAccount&quot;&gt;My Account&lt;/a&gt;&#xd;
            &lt;a href=&quot;/dotCMS/logout?referrer=/home/&quot;&gt;Logout&lt;/a&gt;&#xd;
          #end&#xd;
          &lt;div class=&quot;search-box&quot;&gt;&#xd;
            &lt;form id=&quot;searchForm&quot; name=&quot;searchForm&quot; action=&quot;/home/site-search.html&quot;&gt;&#xd;
              &lt;input id=&quot;search-input&quot; name=&quot;q&quot; type=&quot;text&quot; autocomplete=&quot;off&quot; onfocus=&quot;if (this.value==&apos;Site Search&apos;) { this.value=&apos;&apos; }&quot; onblur=&quot;if(this.value==&apos;&apos;)this.value=&apos;Site Search&apos;;&quot; value=&quot;Site Search&quot; name=&quot;query&quot;&gt;&#xd;
              &lt;input type=&quot;submit&quot; alt=&quot;Search&quot; value=&quot;Search&quot; name=&quot;search&quot;&gt;&#xd;
            &lt;/form&gt;&#xd;
          &lt;/div&gt;&#xd;
        &lt;/div&gt;&#xd;
      &lt;/div&gt;&#xd;
    &lt;/div&gt;&#xd;
&#xd;
&#xd;
    &lt;div class=&quot;navbar navbar-inverse&quot;&gt;&#xd;
      &#xd;
      &lt;div class=&quot;navbar-inner&quot;&gt;&#xd;
        &lt;!-- .btn-navbar is used as the toggle for collapsed navbar content --&gt;&#xd;
        &lt;a class=&quot;btn btn-navbar&quot; data-toggle=&quot;collapse&quot; data-target=&quot;.nav-collapse&quot;&gt;&#xd;
          &lt;span class=&quot;icon-bar&quot;&gt;&lt;/span&gt;&#xd;
          &lt;span class=&quot;icon-bar&quot;&gt;&lt;/span&gt;&#xd;
          &lt;span class=&quot;icon-bar&quot;&gt;&lt;/span&gt;&#xd;
        &lt;/a&gt;&#xd;
        &#xd;
        #if($UtilMethods.isSet($!user) &amp;&amp; $cmsuser.isUserRole($user, &quot;Intranet&quot;) &amp;&amp; !($EDIT_MODE))&#xd;
          &lt;a class=&quot;logo&quot; href=&quot;/&quot;&gt;&lt;img src=&quot;/application/themes/quest/images/template/intranet-logo.png&quot; alt=&quot;Quest Advisor | dotCMS Starter Site&quot;&gt;&lt;/a&gt;&#xd;
        #else&#xd;
          &lt;a class=&quot;logo&quot; href=&quot;/&quot;&gt;&lt;img src=&quot;/application/themes/quest/images/template/logo.png&quot; alt=&quot;Quest | dotCMS Starter Site&quot;&gt;&lt;/a&gt;&#xd;
        #end&#xd;
        &#xd;
        &lt;div class=&quot;nav-collapse collapse&quot;&gt;&#xd;
          #set($navigationSourceCode = &apos;/application/themes/quest/vtl/nav-bootstrap.vtl&apos;)&#xd;
          #set($openAllLevels=true)&#xd;
          #navigation(1,2)&#xd;
        &lt;/div&gt;&#xd;
      &lt;/div&gt;&#xd;
&#xd;
    &lt;/div&gt;&#xd;
      &#xd;
  &lt;/div&gt;&#xd;
&lt;/header&gt;</code>
    <maxContentlets>0</maxContentlets>
    <useDiv>false</useDiv>
    <sortContentletsBy></sortContentletsBy>
    <preLoop></preLoop>
    <postLoop></postLoop>
    <staticify>false</staticify>
    <luceneQuery></luceneQuery>
    <notes></notes>
    <structureInode>2a3e91e4-fbbf-4876-8c5b-2233c1739b05</structureInode>
    <forMetadata>false</forMetadata>
  </com.dotmarketing.portlets.containers.model.Container>
  <com.dotmarketing.portlets.containers.model.Container>
    <iDate class="sql-timestamp">2012-11-30 12:54:31.195</iDate>
    <type>containers</type>
    <owner></owner>
    <inode>9945d699-3294-4d43-96c4-09ffa8420835</inode>
    <identifier>214d7269-242b-4cf5-a3d7-59052d81e540</identifier>
    <title>Featured Video</title>
    <friendlyName>Featured Video</friendlyName>
    <modDate class="sql-timestamp">2012-11-30 12:54:31.213</modDate>
    <modUser>dotcms.org.1</modUser>
    <sortOrder>0</sortOrder>
    <showOnMenu>false</showOnMenu>
    <code>&lt;div class=&quot;feat-video clear-fix&quot;&gt;&#xd;
  &#xd;
  &lt;div style=&quot;width:30%;float:right;min-width:250px;&quot;&gt;&#xd;
    #if ($UtilMethods.isSet(${fileBinaryFileURI}))&#xd;
      #set ($filePath = $!{fileBinaryFileURI} + &apos;/&apos; + $!{fileBinaryFileTitle})&#xd;
    #else&#xd;
      #set ($filePath = $url)&#xd;
    #end&#xd;
    &#xd;
    #if ($UtilMethods.getFileExtension($filePath) != &apos;mp3&apos;)&#xd;
        #if ($UtilMethods.isImage($filePath))&#xd;
          &lt;a href=&quot;${filePath}&quot; class=&quot;hoverImage prettyPhoto&quot; title=&quot;$!{title}&quot;&gt;&#xd;
            &lt;img src=&quot;/contentAsset/resize-image/${ContentIdentifier}/file/w/325&quot; alt=&quot;$!{title}&quot; /&gt;&#xd;
          &lt;/a&gt;&#xd;
        #else&#xd;
          &lt;a href=&quot;${filePath}?width=640&amp;height=272&quot; class=&quot;hoverVideo prettyPhoto&quot; title=&quot;$!{title}&quot;&gt;&#xd;
            #if ($UtilMethods.isSet(${thumbnailBinaryFileURI}))&#xd;
            &lt;img src=&quot;/contentAsset/resize-image/${ContentIdentifier}/thumbnail/w/325&quot; alt=&quot;$!{title}&quot; /&gt;&#xd;
            #else&#xd;
              $!{title}&#xd;
            #end&#xd;
          &lt;/a&gt;&#xd;
        #end&#xd;
    #else&#xd;
        &lt;a href=&quot;#playerDiv&quot; class=&quot;hoverVideo prettyPhoto&quot; title=&quot;$!{title}&quot;&gt;&#xd;
          #if ($UtilMethods.isSet(${thumbnailBinaryFileURI}))&#xd;
          &lt;img src=&quot;/contentAsset/resize-image/${ContentIdentifier}/thumbnail/w/325&quot; alt=&quot;$!{title}&quot; /&gt;&#xd;
          #else&#xd;
            $!{title}&#xd;
          #end&#xd;
        &lt;/a&gt;&#xd;
&#xd;
      &#xd;
        &lt;div id=&quot;playerDiv&quot; style=&quot;display:none;&quot;&gt;&#xd;
          &lt;div style=&quot;width:425px;height:30px;margin:0 auto;padding:20px;&quot;&gt;&#xd;
            &lt;object class=&quot;playerpreview&quot; type=&quot;application/x-shockwave-flash&quot; data=&quot;/images/prettyPhoto/player_mp3.swf&quot; width=&quot;400&quot; height=&quot;40&quot;&gt;&#xd;
                    &lt;param name=&quot;movie&quot; value=&quot;/images/prettyPhoto/player_mp3.swf&quot; /&gt;&#xd;
                    &lt;param name=&quot;FlashVars&quot; value=&quot;mp3=${filePath}&amp;autoplay=1&amp;showstop=1&amp;showvolume=1&amp;bgcolor1=4287b5&amp;bgcolor2=0b698f&quot; /&gt;&#xd;
                &lt;/object&gt;&#xd;
          &lt;/div&gt;&#xd;
        &lt;/div&gt;&#xd;
    #end&#xd;
    &#xd;
    &#xd;
  &lt;/div&gt;&#xd;
  &#xd;
  &#xd;
  &lt;div style=&quot;width:65%;float:left;&quot;&gt;&#xd;
    &lt;h2&gt;Featured video&lt;/h2&gt;&#xd;
    #if ($UtilMethods.isSet($description))&#xd;
      &lt;p&gt;&lt;strong&gt;$!{title}:&lt;/strong&gt; $!{description}&lt;/p&gt;&#xd;
    #end&#xd;
  &lt;/div&gt;&#xd;
&#xd;
&#xd;
&lt;/div&gt;</code>
    <maxContentlets>1</maxContentlets>
    <useDiv>false</useDiv>
    <sortContentletsBy></sortContentletsBy>
    <preLoop>&#xd;
</preLoop>
    <postLoop>&#xd;
</postLoop>
    <staticify>false</staticify>
    <luceneQuery></luceneQuery>
    <notes></notes>
    <structureInode>2182e848-0240-4931-b63d-824962b66007</structureInode>
    <forMetadata>false</forMetadata>
  </com.dotmarketing.portlets.containers.model.Container>
  <com.dotmarketing.portlets.containers.model.Container>
    <iDate class="sql-timestamp">2012-11-15 11:41:37.219</iDate>
    <type>containers</type>
    <owner></owner>
    <inode>46f892a3-0cdf-4293-a454-e90e991bf6d4</inode>
    <identifier>3f0255e8-b45d-46ea-8bb7-eb6597db4c1e</identifier>
    <title>Promotions (Homepage)</title>
    <friendlyName>Displays promtions and ads</friendlyName>
    <modDate class="sql-timestamp">2012-11-15 11:41:37.25</modDate>
    <modUser>dotcms.org.1</modUser>
    <sortOrder>0</sortOrder>
    <showOnMenu>false</showOnMenu>
    <code> &lt;div class=&quot;span3&quot;&gt;&#xd;
  &lt;div class=&quot;promoBlock #if($velocityCount == 4) promoLast #end&quot;&gt;&#xd;
     &lt;a href=&quot;$!{link}&quot;&gt;&#xd;
       &lt;h2&gt;$title&lt;/h2&gt;&#xd;
       &lt;p&gt;$teaser&lt;/p&gt;&#xd;
     &lt;/a&gt;&#xd;
  &lt;/div&gt;     &#xd;
&lt;/div&gt;&#xd;
</code>
    <maxContentlets>4</maxContentlets>
    <useDiv>false</useDiv>
    <sortContentletsBy></sortContentletsBy>
    <preLoop>#if($EDIT_MODE)&#xd;
  &lt;div class=&quot;blocks&quot;&gt;&#xd;
#end&#xd;
</preLoop>
    <postLoop>#if($EDIT_MODE)&#xd;
   &lt;/div&gt;&#xd;
#end</postLoop>
    <staticify>false</staticify>
    <luceneQuery></luceneQuery>
    <notes></notes>
    <structureInode>091b5c2b-d3fa-4502-853c-06c167ad867d</structureInode>
    <forMetadata>false</forMetadata>
  </com.dotmarketing.portlets.containers.model.Container>
  <com.dotmarketing.portlets.containers.model.Container>
    <iDate class="sql-timestamp">2012-11-02 08:42:45.906</iDate>
    <type>containers</type>
    <owner></owner>
    <inode>f035ce8e-9669-4850-936c-8519124a232b</inode>
    <identifier>b590d738-8bf9-42b0-a8dd-5787a4e20962</identifier>
    <title>Sidebar Menu</title>
    <friendlyName>Side menu</friendlyName>
    <modDate class="sql-timestamp">2012-11-02 08:42:45.97</modDate>
    <modUser>dotcms.org.1</modUser>
    <sortOrder>0</sortOrder>
    <showOnMenu>false</showOnMenu>
    <code>&lt;nav class=&quot;side-menu hidden-phone&quot;&gt;&#xd;
   #set($openAllLevels=false)&#xd;
   #navigation(2,2)&#xd;
&lt;/nav&gt;</code>
    <maxContentlets>0</maxContentlets>
    <useDiv>false</useDiv>
    <sortContentletsBy></sortContentletsBy>
    <preLoop></preLoop>
    <postLoop></postLoop>
    <staticify>false</staticify>
    <luceneQuery></luceneQuery>
    <notes></notes>
    <structureInode>2a3e91e4-fbbf-4876-8c5b-2233c1739b05</structureInode>
    <forMetadata>false</forMetadata>
  </com.dotmarketing.portlets.containers.model.Container>
  <com.dotmarketing.portlets.containers.model.Container>
    <iDate class="sql-timestamp">2012-07-27 11:37:32.338</iDate>
    <type>containers</type>
    <owner></owner>
    <inode>ed3e62f8-6d49-4f00-84c5-4bf53ed48eea</inode>
    <identifier>5d40ab00-33c0-429f-9d97-9608236cf22f</identifier>
    <title>Mobile Footer</title>
    <friendlyName>Footer container for mobile site</friendlyName>
    <modDate class="sql-timestamp">2012-07-27 11:37:32.375</modDate>
    <modUser>dotcms.org.1</modUser>
    <sortOrder>0</sortOrder>
    <showOnMenu>false</showOnMenu>
    <code>&lt;!-- start footer --&gt;&#xd;
&lt;div class=&quot;footer&quot;&gt;&#xd;
  &lt;a href=&quot;http://demo.dotcms.com?backToFullSite=true&quot; rel=&quot;external&quot;&gt;View Full Site&lt;/a&gt;&amp;nbsp;&amp;nbsp;&amp;nbsp;|&amp;nbsp;&amp;nbsp;&amp;nbsp;&lt;a href=&quot;#&quot; rel=&quot;external&quot; target=&quot;_blank&quot;&gt;Visitor Agreement&lt;/a&gt;&#xd;
  &lt;div class=&quot;copyright&quot;&gt;dotCMS &amp;copy;2012 All rights reserved.&lt;/div&gt;&#xd;
&lt;/div&gt;&#xd;
&lt;!-- end footer --&gt;&#xd;
</code>
    <maxContentlets>0</maxContentlets>
    <useDiv>false</useDiv>
    <sortContentletsBy></sortContentletsBy>
    <preLoop></preLoop>
    <postLoop></postLoop>
    <staticify>false</staticify>
    <luceneQuery></luceneQuery>
    <notes></notes>
    <structureInode>2a3e91e4-fbbf-4876-8c5b-2233c1739b05</structureInode>
    <forMetadata>false</forMetadata>
  </com.dotmarketing.portlets.containers.model.Container>
  <com.dotmarketing.portlets.containers.model.Container>
    <iDate class="sql-timestamp">2012-07-27 11:05:41.094</iDate>
    <type>containers</type>
    <owner></owner>
    <inode>45fecbf4-505e-4719-aaf4-0218435745d5</inode>
    <identifier>c7776bbb-d38a-43a1-af3b-6cfa36ba9747</identifier>
    <title>Mobile Default</title>
    <friendlyName>Default container for mobile site</friendlyName>
    <modDate class="sql-timestamp">2012-07-27 11:05:41.13</modDate>
    <modUser>dotcms.org.1</modUser>
    <sortOrder>0</sortOrder>
    <showOnMenu>false</showOnMenu>
    <code>$!{body}</code>
    <maxContentlets>10</maxContentlets>
    <useDiv>false</useDiv>
    <sortContentletsBy></sortContentletsBy>
    <preLoop></preLoop>
    <postLoop></postLoop>
    <staticify>false</staticify>
    <luceneQuery></luceneQuery>
    <notes></notes>
    <structureInode>2a3e91e4-fbbf-4876-8c5b-2233c1739b05</structureInode>
    <forMetadata>false</forMetadata>
  </com.dotmarketing.portlets.containers.model.Container>
  <com.dotmarketing.portlets.containers.model.Container>
    <iDate class="sql-timestamp">2012-03-27 15:36:53.605</iDate>
    <type>containers</type>
    <owner></owner>
    <inode>acccf8de-ff53-425f-b687-57904b770a64</inode>
    <identifier>55aca12f-0d1c-4733-aae3-28b96cf36895</identifier>
    <title>Mobile - Promotions</title>
    <friendlyName>Homepage Promotions for Mobile Site</friendlyName>
    <modDate class="sql-timestamp">2012-03-28 17:33:22.284</modDate>
    <modUser>dotcms.org.1</modUser>
    <sortOrder>0</sortOrder>
    <showOnMenu>false</showOnMenu>
    <code>&lt;div class=&quot;grid_3&quot;&gt;&#xd;
  &lt;a class=&quot;promotions&quot; href=&quot;$!{link}&quot;&gt;$!{title}&lt;/a&gt;&#xd;
&lt;/div&gt;&#xd;
</code>
    <maxContentlets>4</maxContentlets>
    <useDiv>false</useDiv>
    <sortContentletsBy></sortContentletsBy>
    <preLoop>&lt;div class=&quot;container_12 landing-services&quot;&gt;</preLoop>
    <postLoop>&lt;/div&gt;</postLoop>
    <staticify>false</staticify>
    <luceneQuery></luceneQuery>
    <notes></notes>
    <structureInode>091b5c2b-d3fa-4502-853c-06c167ad867d</structureInode>
    <forMetadata>false</forMetadata>
  </com.dotmarketing.portlets.containers.model.Container>
  <com.dotmarketing.portlets.containers.model.Container>
    <iDate class="sql-timestamp">2012-03-12 11:05:23.324</iDate>
    <type>containers</type>
    <owner></owner>
    <inode>99f668a6-0dd7-4288-94cf-7ac9bf0f287d</inode>
    <identifier>56bd55ea-b04b-480d-9e37-5d6f9217dcc3</identifier>
    <title>Default 1 (Page Content)</title>
    <friendlyName>Displays Page Content</friendlyName>
    <modDate class="sql-timestamp">2012-03-30 15:55:58.874</modDate>
    <modUser>dotcms.org.1</modUser>
    <sortOrder>0</sortOrder>
    <showOnMenu>false</showOnMenu>
    <code>#dotedit($CONTENT_INODE, $body)&#xd;
</code>
    <maxContentlets>25</maxContentlets>
    <useDiv>false</useDiv>
    <sortContentletsBy></sortContentletsBy>
    <preLoop>&#xd;
</preLoop>
    <postLoop>&#xd;
</postLoop>
    <staticify>false</staticify>
    <luceneQuery></luceneQuery>
    <notes>This container display the body field of the content type Page Content.</notes>
    <structureInode>2a3e91e4-fbbf-4876-8c5b-2233c1739b05</structureInode>
    <forMetadata>false</forMetadata>
  </com.dotmarketing.portlets.containers.model.Container>
  <com.dotmarketing.portlets.containers.model.Container>
    <iDate class="sql-timestamp">2012-03-02 09:45:44.443</iDate>
    <type>containers</type>
    <owner></owner>
    <inode>56bed26b-f4a5-4bce-8fcb-fd88377cd1e6</inode>
    <identifier>ab7d4317-68da-45ea-addc-9a57c69b8a24</identifier>
    <title>Media</title>
    <friendlyName>Displays media content</friendlyName>
    <modDate class="sql-timestamp">2012-03-02 09:45:44.534</modDate>
    <modUser>dotcms.org.1</modUser>
    <sortOrder>0</sortOrder>
    <showOnMenu>false</showOnMenu>
    <code>#if ($UtilMethods.isSet(${fileBinaryFileURI}))&#xd;
  #set ($filePath = $!{fileBinaryFileURI} + &apos;/&apos; + $!{fileBinaryFileTitle})&#xd;
#else&#xd;
  #set ($filePath = $url)&#xd;
#end&#xd;
&#xd;
#if ($UtilMethods.getFileExtension($filePath) != &apos;mp3&apos;)&#xd;
  &#xd;
  #if ($UtilMethods.isImage($filePath))&#xd;
    &lt;a href=&quot;${filePath}&quot; class=&quot;hoverImage prettyPhoto&quot; title=&quot;$!{title}&quot;&gt;&#xd;
      &lt;img src=&quot;/contentAsset/resize-image/${ContentIdentifier}/file/w/325&quot; alt=&quot;$!{title}&quot; /&gt;&#xd;
    &lt;/a&gt;&#xd;
  #else&#xd;
    &lt;a href=&quot;${filePath}?width=640&amp;height=272&quot; class=&quot;hoverVideo prettyPhoto&quot; title=&quot;$!{title}&quot;&gt;&#xd;
      #if ($UtilMethods.isSet(${thumbnailBinaryFileURI}))&#xd;
        &lt;img src=&quot;/contentAsset/resize-image/${ContentIdentifier}/thumbnail/w/325&quot; alt=&quot;$!{title}&quot; /&gt;&#xd;
      #else&#xd;
        $!{title}&#xd;
      #end&#xd;
    &lt;/a&gt;&#xd;
  #end&#xd;
   &#xd;
#else&#xd;
&#xd;
  &lt;a href=&quot;#playerDiv&quot; class=&quot;hoverVideo prettyPhoto&quot; title=&quot;$!{title}&quot;&gt;&#xd;
    #if ($UtilMethods.isSet(${thumbnailBinaryFileURI}))&#xd;
      &lt;img src=&quot;/contentAsset/resize-image/${ContentIdentifier}/thumbnail/w/325&quot; alt=&quot;$!{title}&quot; /&gt;&#xd;
    #else&#xd;
      $!{title}&#xd;
    #end&#xd;
  &lt;/a&gt;&#xd;
&#xd;
  &#xd;
  &lt;div id=&quot;playerDiv&quot; style=&quot;display:none;&quot;&gt;&#xd;
    &lt;div style=&quot;width:425px;height:30px;margin:0 auto;padding:20px;&quot;&gt;&#xd;
      &lt;object class=&quot;playerpreview&quot; type=&quot;application/x-shockwave-flash&quot; data=&quot;/images/prettyPhoto/player_mp3.swf&quot; width=&quot;400&quot; height=&quot;40&quot;&gt;&#xd;
      &lt;param name=&quot;movie&quot; value=&quot;/images/prettyPhoto/player_mp3.swf&quot; /&gt;&#xd;
      &lt;param name=&quot;FlashVars&quot; value=&quot;mp3=${filePath}&amp;autoplay=1&amp;showstop=1&amp;showvolume=1&amp;bgcolor1=4287b5&amp;bgcolor2=0b698f&quot; /&gt;&#xd;
      &lt;/object&gt;&#xd;
    &lt;/div&gt;&#xd;
  &lt;/div&gt;&#xd;
#end</code>
    <maxContentlets>5</maxContentlets>
    <useDiv>false</useDiv>
    <sortContentletsBy></sortContentletsBy>
    <preLoop>&#xd;
</preLoop>
    <postLoop>&#xd;
</postLoop>
    <staticify>false</staticify>
    <luceneQuery></luceneQuery>
    <notes></notes>
    <structureInode>2182e848-0240-4931-b63d-824962b66007</structureInode>
    <forMetadata>false</forMetadata>
  </com.dotmarketing.portlets.containers.model.Container>
  <com.dotmarketing.portlets.containers.model.Container>
    <iDate class="sql-timestamp">2012-01-27 14:11:36.705</iDate>
    <type>containers</type>
    <owner></owner>
    <inode>c66e0e9c-2f28-460e-bb56-28b164137ef3</inode>
    <identifier>8f17696b-4e25-46b6-94b1-66c849a28bbe</identifier>
    <title>Default 5 (Page Content)</title>
    <friendlyName>Default 5</friendlyName>
    <modDate class="sql-timestamp">2012-01-27 14:12:09.156</modDate>
    <modUser>dotcms.org.1</modUser>
    <sortOrder>0</sortOrder>
    <showOnMenu>false</showOnMenu>
    <code>#dotedit($CONTENT_INODE, $body)</code>
    <maxContentlets>25</maxContentlets>
    <useDiv>false</useDiv>
    <sortContentletsBy></sortContentletsBy>
    <preLoop>&#xd;
</preLoop>
    <postLoop>&#xd;
</postLoop>
    <staticify>false</staticify>
    <luceneQuery></luceneQuery>
    <notes>This container display the body field of the content type Page Content.</notes>
    <structureInode>2a3e91e4-fbbf-4876-8c5b-2233c1739b05</structureInode>
    <forMetadata>false</forMetadata>
  </com.dotmarketing.portlets.containers.model.Container>
  <com.dotmarketing.portlets.containers.model.Container>
    <iDate class="sql-timestamp">2011-07-18 15:21:03.393</iDate>
    <type>containers</type>
    <owner></owner>
    <inode>90198d54-2b54-4bae-bf02-615c1203900b</inode>
    <identifier>f1ba7688-453c-4c0d-a214-e5ac802b8034</identifier>
    <title>Default 3 (Page Content)</title>
    <friendlyName>Displays Page Content</friendlyName>
    <modDate class="sql-timestamp">2012-03-20 12:35:48.657</modDate>
    <modUser>dotcms.org.1</modUser>
    <sortOrder>0</sortOrder>
    <showOnMenu>false</showOnMenu>
    <code>#dotedit($CONTENT_INODE, $body)</code>
    <maxContentlets>25</maxContentlets>
    <useDiv>false</useDiv>
    <sortContentletsBy></sortContentletsBy>
    <preLoop></preLoop>
    <postLoop></postLoop>
    <staticify>false</staticify>
    <luceneQuery></luceneQuery>
    <notes>This container display the body field of the content type Page Content.</notes>
    <structureInode>2a3e91e4-fbbf-4876-8c5b-2233c1739b05</structureInode>
    <forMetadata>false</forMetadata>
  </com.dotmarketing.portlets.containers.model.Container>
  <com.dotmarketing.portlets.containers.model.Container>
    <iDate class="sql-timestamp">2011-07-18 15:20:49.911</iDate>
    <type>containers</type>
    <owner></owner>
    <inode>ae67637a-e2dd-4bfe-8347-c2036ca35526</inode>
    <identifier>a6e9652b-8183-4c09-b775-26196b09a300</identifier>
    <title>Default 4 (Page Content)</title>
    <friendlyName>Displays Page Content</friendlyName>
    <modDate class="sql-timestamp">2012-03-01 17:00:29.971</modDate>
    <modUser>dotcms.org.1</modUser>
    <sortOrder>0</sortOrder>
    <showOnMenu>false</showOnMenu>
    <code>#dotedit($CONTENT_INODE, $body)</code>
    <maxContentlets>25</maxContentlets>
    <useDiv>false</useDiv>
    <sortContentletsBy></sortContentletsBy>
    <preLoop></preLoop>
    <postLoop></postLoop>
    <staticify>false</staticify>
    <luceneQuery></luceneQuery>
    <notes>This container display the body field of the content type Page Content.</notes>
    <structureInode>2a3e91e4-fbbf-4876-8c5b-2233c1739b05</structureInode>
    <forMetadata>false</forMetadata>
  </com.dotmarketing.portlets.containers.model.Container>
  <com.dotmarketing.portlets.containers.model.Container>
    <iDate class="sql-timestamp">2011-07-18 15:20:36.261</iDate>
    <type>containers</type>
    <owner></owner>
    <inode>e72b39e8-c30d-4bd6-a0f9-7d3480b38782</inode>
    <identifier>5eb11b21-6b13-4fb8-a823-1de20bba56c0</identifier>
    <title>Default 2 (Page Content)</title>
    <friendlyName>Displays Page Content</friendlyName>
    <modDate class="sql-timestamp">2012-03-20 12:35:48.69</modDate>
    <modUser>dotcms.org.1</modUser>
    <sortOrder>0</sortOrder>
    <showOnMenu>false</showOnMenu>
    <code>#dotedit($CONTENT_INODE, $body)</code>
    <maxContentlets>25</maxContentlets>
    <useDiv>false</useDiv>
    <sortContentletsBy></sortContentletsBy>
    <preLoop></preLoop>
    <postLoop></postLoop>
    <staticify>false</staticify>
    <luceneQuery></luceneQuery>
    <notes>This container display the body field of the content type Page Content.</notes>
    <structureInode>2a3e91e4-fbbf-4876-8c5b-2233c1739b05</structureInode>
    <forMetadata>false</forMetadata>
  </com.dotmarketing.portlets.containers.model.Container>
</list>