<list>
  <com.dotmarketing.business.UsersRoles>
    <id>04d8608d-f434-484e-82fc-051b4b9fd91b</id>
    <userId>dotcms.org.2787</userId>
    <roleId>e36988eb-f206-4fd3-a06c-6a746d30a772</roleId>
  </com.dotmarketing.business.UsersRoles>
  <com.dotmarketing.business.UsersRoles>
    <id>0dcb3012-3e39-46aa-8b71-a488fb077edc</id>
    <userId>dotcms.org.2793</userId>
    <roleId>e3bca93b-5179-439b-9fd4-565345c7dc8c</roleId>
  </com.dotmarketing.business.UsersRoles>
  <com.dotmarketing.business.UsersRoles>
    <id>0fc1a43f-2281-47db-9b89-452e454c6ec0</id>
    <userId>dotcms.org.2791</userId>
    <roleId>db0d2bca-5da5-4c18-b5d7-87f02ba58eb6</roleId>
  </com.dotmarketing.business.UsersRoles>
  <com.dotmarketing.business.UsersRoles>
    <id>2585ade7-288e-4a87-ab04-c637e523b0d6</id>
    <userId>dotcms.org.default</userId>
    <roleId>15aad986-6d7d-49e3-b643-344158a6e2a1</roleId>
  </com.dotmarketing.business.UsersRoles>
  <com.dotmarketing.business.UsersRoles>
    <id>2a64be98-0c06-4088-aaac-2258da41d3b5</id>
    <userId>dotcms.org.2798</userId>
    <roleId>e36988eb-f206-4fd3-a06c-6a746d30a772</roleId>
  </com.dotmarketing.business.UsersRoles>
  <com.dotmarketing.business.UsersRoles>
    <id>3139a51d-e7f6-4761-98a5-dd2cbeb710c2</id>
    <userId>dotcms.org.2802</userId>
    <roleId>6f9d5449-8f48-4179-a2ad-1983d6217fef</roleId>
  </com.dotmarketing.business.UsersRoles>
  <com.dotmarketing.business.UsersRoles>
    <id>38f87f65-b38b-434c-9037-11084d58553e</id>
    <userId>dotcms.org.2795</userId>
    <roleId>1cad5929-b42d-4049-b76e-3ce39e042574</roleId>
  </com.dotmarketing.business.UsersRoles>
  <com.dotmarketing.business.UsersRoles>
    <id>437d5dab-e26d-44c4-8543-4126d47d23c3</id>
    <userId>dotcms.org.2789</userId>
    <roleId>db0d2bca-5da5-4c18-b5d7-87f02ba58eb6</roleId>
  </com.dotmarketing.business.UsersRoles>
  <com.dotmarketing.business.UsersRoles>
    <id>442addbb-fbc9-4285-af32-ea7729556787</id>
    <userId>dotcms.org.1</userId>
    <roleId>e828467a-f128-4d3c-8873-d967631bf130</roleId>
  </com.dotmarketing.business.UsersRoles>
  <com.dotmarketing.business.UsersRoles>
    <id>46bb8abd-1fbc-4369-a728-13d6d1a2880c</id>
    <userId>dotcms.org.1</userId>
    <roleId>f10eab25-ab4b-444f-b1b5-15a1a5948024</roleId>
  </com.dotmarketing.business.UsersRoles>
  <com.dotmarketing.business.UsersRoles>
    <id>4c1b187a-7f83-44b3-8d29-c5a2a962c0d2</id>
    <userId>dotcms.org.2806</userId>
    <roleId>4ddc54dc-b02e-4a35-a9b9-0ae11a073256</roleId>
  </com.dotmarketing.business.UsersRoles>
  <com.dotmarketing.business.UsersRoles>
    <id>4d69c7a0-cbf5-4815-8902-7f1fe7a470fc</id>
    <userId>dotcms.org.2802</userId>
    <roleId>f10eab25-ab4b-444f-b1b5-15a1a5948024</roleId>
  </com.dotmarketing.business.UsersRoles>
  <com.dotmarketing.business.UsersRoles>
    <id>4f3c7ddb-ff10-463e-8192-c168ec0f9d24</id>
    <userId>dotcms.org.2791</userId>
    <roleId>add6b779-0da8-47e2-89da-e002a3a16837</roleId>
  </com.dotmarketing.business.UsersRoles>
  <com.dotmarketing.business.UsersRoles>
    <id>4f7488b5-7601-4c7b-a5ac-8cc6d7011162</id>
    <userId>dotcms.org.1</userId>
    <roleId>dbd027dc-9587-422f-a8be-c7c1ddd08691</roleId>
  </com.dotmarketing.business.UsersRoles>
  <com.dotmarketing.business.UsersRoles>
    <id>533c94b5-a7ba-40ec-b5f3-68a1fc429236</id>
    <userId>dotcms.org.2795</userId>
    <roleId>02ae46fa-cb67-4ed8-82d5-f1f9a5e1d744</roleId>
  </com.dotmarketing.business.UsersRoles>
  <com.dotmarketing.business.UsersRoles>
    <id>5671ccca-b0a1-4958-818c-4d5f86c0e229</id>
    <userId>dotcms.org.2789</userId>
    <roleId>89676cc9-fb8f-44aa-adea-938b6f7656b5</roleId>
  </com.dotmarketing.business.UsersRoles>
  <com.dotmarketing.business.UsersRoles>
    <id>59ca9239-09ea-4d9b-8c1f-bd7804a774b4</id>
    <userId>dotcms.org.1</userId>
    <roleId>a2d88e69-d575-45ec-9b52-0dc3a51468ed</roleId>
  </com.dotmarketing.business.UsersRoles>
  <com.dotmarketing.business.UsersRoles>
    <id>63d6997e-369b-46eb-89b0-a25ab779d088</id>
    <userId>dotcms.org.2806</userId>
    <roleId>0d1efa06-a392-44ad-8ace-28c1906043df</roleId>
  </com.dotmarketing.business.UsersRoles>
  <com.dotmarketing.business.UsersRoles>
    <id>729e0fd2-d166-4247-9756-08ddb415a6fe</id>
    <userId>dotcms.org.2798</userId>
    <roleId>0da1b909-2d38-4c79-9ba1-7458c3d126f9</roleId>
  </com.dotmarketing.business.UsersRoles>
  <com.dotmarketing.business.UsersRoles>
    <id>903d5702-09bb-43f3-b874-a39ecafd37ba</id>
    <userId>system</userId>
    <roleId>892ab105-f212-407f-8fb4-58ec59310a5e</roleId>
  </com.dotmarketing.business.UsersRoles>
  <com.dotmarketing.business.UsersRoles>
    <id>9d7b8298-11d6-4b31-b208-e3b9f498770e</id>
    <userId>dotcms.org.1</userId>
    <roleId>6f9d5449-8f48-4179-a2ad-1983d6217fef</roleId>
  </com.dotmarketing.business.UsersRoles>
  <com.dotmarketing.business.UsersRoles>
    <id>9e6ad8a8-5d22-4432-859c-49f232e1fdac</id>
    <userId>dotcms.org.1</userId>
    <roleId>ff4d1504-a077-4874-b89b-9844d10d5b6d</roleId>
  </com.dotmarketing.business.UsersRoles>
  <com.dotmarketing.business.UsersRoles>
    <id>a55798ca-90b8-4fea-a6c1-c2730f2b1994</id>
    <userId>dotcms.org.2806</userId>
    <roleId>654b0931-1027-41f7-ad4d-173115ed8ec1</roleId>
  </com.dotmarketing.business.UsersRoles>
  <com.dotmarketing.business.UsersRoles>
    <id>aad6eac2-be18-48f4-98d0-fd75a4972a3b</id>
    <userId>dotcms.org.1</userId>
    <roleId>e7d4e34e-5127-45fc-8123-d48b62d510e3</roleId>
  </com.dotmarketing.business.UsersRoles>
  <com.dotmarketing.business.UsersRoles>
    <id>be6bd4ef-82cb-41a5-938f-147f6cd6f847</id>
    <userId>dotcms.org.2806</userId>
    <roleId>db0d2bca-5da5-4c18-b5d7-87f02ba58eb6</roleId>
  </com.dotmarketing.business.UsersRoles>
  <com.dotmarketing.business.UsersRoles>
    <id>d3598295-cf25-4dd9-9e79-d930395f6fef</id>
    <userId>dotcms.org.1</userId>
    <roleId>892ab105-f212-407f-8fb4-58ec59310a5e</roleId>
  </com.dotmarketing.business.UsersRoles>
  <com.dotmarketing.business.UsersRoles>
    <id>d4e12b83-917f-40f1-b85d-d44362d52bad</id>
    <userId>dotcms.org.2802</userId>
    <roleId>892ab105-f212-407f-8fb4-58ec59310a5e</roleId>
  </com.dotmarketing.business.UsersRoles>
  <com.dotmarketing.business.UsersRoles>
    <id>d65a20b0-222d-48b3-95cd-c0297fd4170b</id>
    <userId>anonymous</userId>
    <roleId>edecd377-2321-4803-aa8b-89797dd0d61f</roleId>
  </com.dotmarketing.business.UsersRoles>
  <com.dotmarketing.business.UsersRoles>
    <id>dd0169c1-fe5c-491b-acef-6d608bf8b77f</id>
    <userId>dotcms.org.2802</userId>
    <roleId>a2d88e69-d575-45ec-9b52-0dc3a51468ed</roleId>
  </com.dotmarketing.business.UsersRoles>
  <com.dotmarketing.business.UsersRoles>
    <id>e6c3db47-3155-4f6c-bb3f-e6982be62539</id>
    <userId>dotcms.org.2787</userId>
    <roleId>2549f855-269d-45b9-9d92-0551d81a6155</roleId>
  </com.dotmarketing.business.UsersRoles>
  <com.dotmarketing.business.UsersRoles>
    <id>e8902d45-68ff-40cf-969f-5cc8dc44a3da</id>
    <userId>dotcms.org.2802</userId>
    <roleId>fc7229a0-df95-41f6-b045-6b230667f823</roleId>
  </com.dotmarketing.business.UsersRoles>
  <com.dotmarketing.business.UsersRoles>
    <id>f8a7e362-68ed-4c63-9471-702c173f878d</id>
    <userId>dotcms.org.2793</userId>
    <roleId>02ae46fa-cb67-4ed8-82d5-f1f9a5e1d744</roleId>
  </com.dotmarketing.business.UsersRoles>
</list>