<list>
  <com.dotmarketing.beans.Identifier>
    <id>cb2b4c69-5af4-4e27-a5ae-77532aa9a616</id>
    <assetName>mobile-photo-gallery.vtl</assetName>
    <assetType>contentlet</assetType>
    <parentPath>/vtl/widgets/mobile/</parentPath>
    <hostId>23836f6d-6a92-446f-b147-29e4724eedd8</hostId>
  </com.dotmarketing.beans.Identifier>
  <com.dotmarketing.beans.Identifier>
    <id>da6a02ae-e2b3-4558-ab83-81601fa2a0f6</id>
    <assetName>mobile-document-listing.vtl</assetName>
    <assetType>contentlet</assetType>
    <parentPath>/vtl/widgets/mobile/</parentPath>
    <hostId>23836f6d-6a92-446f-b147-29e4724eedd8</hostId>
  </com.dotmarketing.beans.Identifier>
  <com.dotmarketing.beans.Identifier>
    <id>d286db11-36ab-442c-b935-4ce673a61f6b</id>
    <assetName>mobile-news-listing.vtl</assetName>
    <assetType>contentlet</assetType>
    <parentPath>/vtl/widgets/mobile/</parentPath>
    <hostId>23836f6d-6a92-446f-b147-29e4724eedd8</hostId>
  </com.dotmarketing.beans.Identifier>
  <com.dotmarketing.beans.Identifier>
    <id>12b2f318-1f92-4ff0-abf8-853dcf71f689</id>
    <assetName>mobile-location-detail.vtl</assetName>
    <assetType>contentlet</assetType>
    <parentPath>/vtl/widgets/mobile/</parentPath>
    <hostId>23836f6d-6a92-446f-b147-29e4724eedd8</hostId>
  </com.dotmarketing.beans.Identifier>
  <com.dotmarketing.beans.Identifier>
    <id>37f52d04-8fd2-41d0-a3dc-01a330aedc41</id>
    <assetName>mobile-product-listing.vtl</assetName>
    <assetType>contentlet</assetType>
    <parentPath>/vtl/widgets/mobile/</parentPath>
    <hostId>23836f6d-6a92-446f-b147-29e4724eedd8</hostId>
  </com.dotmarketing.beans.Identifier>
  <com.dotmarketing.beans.Identifier>
    <id>ee86e718-bc61-4e44-888b-843a9f89e15c</id>
    <assetName>mobile-services-detail.vtl</assetName>
    <assetType>contentlet</assetType>
    <parentPath>/vtl/widgets/mobile/</parentPath>
    <hostId>23836f6d-6a92-446f-b147-29e4724eedd8</hostId>
  </com.dotmarketing.beans.Identifier>
  <com.dotmarketing.beans.Identifier>
    <id>69108f76-3a4d-4352-b418-ef2f92fbc323</id>
    <assetName>mobile-employee-listing.vtl</assetName>
    <assetType>contentlet</assetType>
    <parentPath>/vtl/widgets/mobile/</parentPath>
    <hostId>23836f6d-6a92-446f-b147-29e4724eedd8</hostId>
  </com.dotmarketing.beans.Identifier>
  <com.dotmarketing.beans.Identifier>
    <id>8a0e56af-6240-48c1-86a9-ef2e78187d21</id>
    <assetName>mobile-product-detail.vtl</assetName>
    <assetType>contentlet</assetType>
    <parentPath>/vtl/widgets/mobile/</parentPath>
    <hostId>23836f6d-6a92-446f-b147-29e4724eedd8</hostId>
  </com.dotmarketing.beans.Identifier>
  <com.dotmarketing.beans.Identifier>
    <id>aa1f85b0-5f31-48ba-8f04-eb097ea63454</id>
    <assetName>mobile-services-listing.vtl</assetName>
    <assetType>contentlet</assetType>
    <parentPath>/vtl/widgets/mobile/</parentPath>
    <hostId>23836f6d-6a92-446f-b147-29e4724eedd8</hostId>
  </com.dotmarketing.beans.Identifier>
</list>