<list>
  <map>
    <entry>
      <string>choiceid</string>
      <string>a</string>
    </entry>
    <entry>
      <string>userid</string>
      <string>dotcms.org.1</string>
    </entry>
    <entry>
      <string>oddoreven</string>
      <string>0</string>
    </entry>
    <entry>
      <string>rownumber</string>
      <string>0</string>
    </entry>
    <entry>
      <string>votedate</string>
      <string>1969-12-31 19:00:00</string>
    </entry>
    <entry>
      <string>questionid</string>
      <string>13</string>
    </entry>
  </map>
</list>