<list>
  <map>
    <entry>
      <string>modifieddate</string>
      <string>2010-04-23 10:26:16.83</string>
    </entry>
    <entry>
      <string>expirationdate</string>
      <string>1969-12-31 19:00:00</string>
    </entry>
    <entry>
      <string>userid</string>
      <string>liferay.com.1</string>
    </entry>
    <entry>
      <string>createdate</string>
      <string>2010-04-23 10:26:16.83</string>
    </entry>
    <entry>
      <string>questionid</string>
      <string>1</string>
    </entry>
    <entry>
      <string>companyid</string>
      <string>liferay.com</string>
    </entry>
    <entry>
      <string>username</string>
      <string>John Wayne</string>
    </entry>
    <entry>
      <string>title</string>
      <string>What is your favorite ice cream flavor?</string>
    </entry>
    <entry>
      <string>lastvotedate</string>
      <string>1969-12-31 19:00:00</string>
    </entry>
    <entry>
      <string>portletid</string>
      <string>25</string>
    </entry>
    <entry>
      <string>description</string>
      <string>What is your favorite ice cream flavor?</string>
    </entry>
    <entry>
      <string>oddoreven</string>
      <string>0</string>
    </entry>
    <entry>
      <string>rownumber</string>
      <string>0</string>
    </entry>
    <entry>
      <string>groupid</string>
      <string>-1</string>
    </entry>
  </map>
  <map>
    <entry>
      <string>modifieddate</string>
      <string>2012-06-14 08:49:27.114</string>
    </entry>
    <entry>
      <string>expirationdate</string>
      <string>1969-12-31 19:00:00</string>
    </entry>
    <entry>
      <string>userid</string>
      <string>dotcms.org.1</string>
    </entry>
    <entry>
      <string>createdate</string>
      <string>2011-10-02 00:25:27.971</string>
    </entry>
    <entry>
      <string>questionid</string>
      <string>13</string>
    </entry>
    <entry>
      <string>companyid</string>
      <string>dotcms.org</string>
    </entry>
    <entry>
      <string>username</string>
      <string>Admin User</string>
    </entry>
    <entry>
      <string>title</string>
      <string>what do you like?</string>
    </entry>
    <entry>
      <string>lastvotedate</string>
      <string>2011-10-02 00:38:02.382</string>
    </entry>
    <entry>
      <string>portletid</string>
      <string>25</string>
    </entry>
    <entry>
      <string>description</string>
      <string>what do you like</string>
    </entry>
    <entry>
      <string>oddoreven</string>
      <string>1</string>
    </entry>
    <entry>
      <string>rownumber</string>
      <string>1</string>
    </entry>
    <entry>
      <string>groupid</string>
      <string>-1</string>
    </entry>
  </map>
</list>