{"schemes":[{"id":"85c1515c-c4f3-463c-bac2-860b8fcacc34","creationDate":1341951223188,"name":"Default Scheme","description":"This is the default workflow scheme that will be applied to all content","archived":false,"mandatory":false,"defaultScheme":true,"entryActionId":null},{"id":"77a9bf3f-a402-4c56-9b1f-1050b9d345dc","creationDate":1341951223188,"name":"Document Management","description":"Default workflow for documents","archived":false,"mandatory":true,"defaultScheme":false,"entryActionId":"7309ed0d-cbf9-4b02-aa3c-8b599fd2a718"},{"id":"60d40a6b-a677-45d6-8f5b-e16431b1eb1c","creationDate":1341951223188,"name":"News Lifecycle","description":"","archived":true,"mandatory":true,"defaultScheme":false,"entryActionId":null}],"steps":[{"id":"f7dc56cd-aa81-4ca8-8174-1bb30756df82","creationDate":1341951223189,"name":"Initial State","schemeId":"85c1515c-c4f3-463c-bac2-860b8fcacc34","myOrder":0,"resolved":true,"enableEscalation":false,"escalationAction":null,"escalationTime":0},{"id":"43e16aac-5799-46d0-945c-83753af39426","creationDate":1341951223190,"name":"Content Entry","schemeId":"85c1515c-c4f3-463c-bac2-860b8fcacc34","myOrder":1,"resolved":false,"enableEscalation":false,"escalationAction":null,"escalationTime":0},{"id":"b1246a0f-6d15-47aa-81bb-67919a6946e0","creationDate":1341951223205,"name":"Closed","schemeId":"85c1515c-c4f3-463c-bac2-860b8fcacc34","myOrder":2,"resolved":true,"enableEscalation":false,"escalationAction":null,"escalationTime":0},{"id":"c965f6a5-0a4f-4b87-899d-053f84012e5e","creationDate":1341951223218,"name":"Editing","schemeId":"77a9bf3f-a402-4c56-9b1f-1050b9d345dc","myOrder":0,"resolved":false,"enableEscalation":false,"escalationAction":null,"escalationTime":0},{"id":"9f308715-8ba4-4f99-9280-8e9d29cfdafb","creationDate":1341951223218,"name":"Review","schemeId":"77a9bf3f-a402-4c56-9b1f-1050b9d345dc","myOrder":1,"resolved":false,"enableEscalation":false,"escalationAction":null,"escalationTime":0},{"id":"1f67a807-5094-4229-9dd7-7b0a4fb57a1e","creationDate":1341951223218,"name":"Legal Approval","schemeId":"77a9bf3f-a402-4c56-9b1f-1050b9d345dc","myOrder":2,"resolved":false,"enableEscalation":false,"escalationAction":null,"escalationTime":0},{"id":"5066a6c6-fbb3-4d4b-8b94-3f74d368e126","creationDate":1341951223219,"name":"Published","schemeId":"77a9bf3f-a402-4c56-9b1f-1050b9d345dc","myOrder":3,"resolved":true,"enableEscalation":false,"escalationAction":null,"escalationTime":0},{"id":"67d43b42-4fea-48b6-a6fd-6bea2d12322e","creationDate":1341951223219,"name":"Archived","schemeId":"77a9bf3f-a402-4c56-9b1f-1050b9d345dc","myOrder":4,"resolved":true,"enableEscalation":false,"escalationAction":null,"escalationTime":0}],"actions":[{"id":"44d4d4cd-c812-49db-adb1-1030be73e69a","name":"Assign Workflow","stepId":"f7dc56cd-aa81-4ca8-8174-1bb30756df82","condition":null,"nextStep":"43e16aac-5799-46d0-945c-83753af39426","nextAssign":"db0d2bca-5da5-4c18-b5d7-87f02ba58eb6","icon":"workflowIcon","roleHierarchyForAssign":true,"order":0,"assignable":true,"commentable":true,"owner":null},{"id":"f0f370ae-51c6-4be0-b48d-37ee098ca45b","name":"Reassign Workflow","stepId":"43e16aac-5799-46d0-945c-83753af39426","condition":null,"nextStep":"43e16aac-5799-46d0-945c-83753af39426","nextAssign":"db0d2bca-5da5-4c18-b5d7-87f02ba58eb6","icon":"cancelIcon","roleHierarchyForAssign":true,"order":0,"assignable":true,"commentable":true,"owner":null},{"id":"c8a03c24-277a-49a5-b5e0-7f99490a004d","name":"Resolve Workflow","stepId":"43e16aac-5799-46d0-945c-83753af39426","condition":null,"nextStep":"b1246a0f-6d15-47aa-81bb-67919a6946e0","nextAssign":"654b0931-1027-41f7-ad4d-173115ed8ec1","icon":"closeIcon","roleHierarchyForAssign":false,"order":1,"assignable":false,"commentable":false,"owner":null},{"id":"ced34d22-b1ed-4a6e-a89b-e5f93192cc3f","name":"Reopen","stepId":"b1246a0f-6d15-47aa-81bb-67919a6946e0","condition":null,"nextStep":"43e16aac-5799-46d0-945c-83753af39426","nextAssign":"db0d2bca-5da5-4c18-b5d7-87f02ba58eb6","icon":"workflowIcon","roleHierarchyForAssign":true,"order":0,"assignable":true,"commentable":true,"owner":null},{"id":"7309ed0d-cbf9-4b02-aa3c-8b599fd2a718","name":"Save as Draft","stepId":"c965f6a5-0a4f-4b87-899d-053f84012e5e","condition":"","nextStep":"c965f6a5-0a4f-4b87-899d-053f84012e5e","nextAssign":"654b0931-1027-41f7-ad4d-173115ed8ec1","icon":"saveIcon","roleHierarchyForAssign":false,"order":0,"assignable":false,"commentable":false,"owner":null},{"id":"808a2c19-84f1-4f49-a91d-c610714c370d","name":"Send for Review","stepId":"c965f6a5-0a4f-4b87-899d-053f84012e5e","condition":null,"nextStep":"9f308715-8ba4-4f99-9280-8e9d29cfdafb","nextAssign":"e36988eb-f206-4fd3-a06c-6a746d30a772","icon":"saveAssignIcon","roleHierarchyForAssign":false,"order":1,"assignable":false,"commentable":true,"owner":null},{"id":"7d6aba45-a53d-4b81-a598-e2fd4207efb4","name":"Send to Legal","stepId":"c965f6a5-0a4f-4b87-899d-053f84012e5e","condition":null,"nextStep":"1f67a807-5094-4229-9dd7-7b0a4fb57a1e","nextAssign":"02ae46fa-cb67-4ed8-82d5-f1f9a5e1d744","icon":"resolveIcon","roleHierarchyForAssign":false,"order":2,"assignable":false,"commentable":true,"owner":null},{"id":"659751a5-a5e3-40ed-a799-e3aa7a83dfd8","name":"Publish","stepId":"c965f6a5-0a4f-4b87-899d-053f84012e5e","condition":null,"nextStep":"5066a6c6-fbb3-4d4b-8b94-3f74d368e126","nextAssign":"db0d2bca-5da5-4c18-b5d7-87f02ba58eb6","icon":"publishIcon","roleHierarchyForAssign":false,"order":3,"assignable":false,"commentable":false,"owner":null},{"id":"5ce9a411-725b-43ef-8403-ae90909a5579","name":"Save as Draft","stepId":"9f308715-8ba4-4f99-9280-8e9d29cfdafb","condition":"","nextStep":"9f308715-8ba4-4f99-9280-8e9d29cfdafb","nextAssign":"e7d4e34e-5127-45fc-8123-d48b62d510e3","icon":"saveIcon","roleHierarchyForAssign":false,"order":0,"assignable":false,"commentable":false,"owner":null},{"id":"edff488f-b973-4ae1-bcae-82d27af64b05","name":"Return for Edits","stepId":"9f308715-8ba4-4f99-9280-8e9d29cfdafb","condition":null,"nextStep":"c965f6a5-0a4f-4b87-899d-053f84012e5e","nextAssign":"db0d2bca-5da5-4c18-b5d7-87f02ba58eb6","icon":"workflowIcon","roleHierarchyForAssign":false,"order":1,"assignable":true,"commentable":true,"owner":null},{"id":"ba74c14e-8019-482d-85cb-e6f9d39bdfdd","name":"Send to Legal","stepId":"9f308715-8ba4-4f99-9280-8e9d29cfdafb","condition":null,"nextStep":"1f67a807-5094-4229-9dd7-7b0a4fb57a1e","nextAssign":"02ae46fa-cb67-4ed8-82d5-f1f9a5e1d744","icon":"resolveIcon","roleHierarchyForAssign":false,"order":2,"assignable":false,"commentable":true,"owner":null},{"id":"41ab99b4-2779-46a8-a717-b099b57e3299","name":"Publish","stepId":"9f308715-8ba4-4f99-9280-8e9d29cfdafb","condition":null,"nextStep":"5066a6c6-fbb3-4d4b-8b94-3f74d368e126","nextAssign":"654b0931-1027-41f7-ad4d-173115ed8ec1","icon":"publishIcon","roleHierarchyForAssign":false,"order":3,"assignable":false,"commentable":false,"owner":null},{"id":"2a795970-6660-4ae5-b9fc-1442607b9efa","name":"Save as Draft","stepId":"1f67a807-5094-4229-9dd7-7b0a4fb57a1e","condition":"","nextStep":"1f67a807-5094-4229-9dd7-7b0a4fb57a1e","nextAssign":"654b0931-1027-41f7-ad4d-173115ed8ec1","icon":"saveIcon","roleHierarchyForAssign":false,"order":0,"assignable":false,"commentable":false,"owner":null},{"id":"64fa7b51-bfc4-4686-8775-70a8cd44aee7","name":"Return for Edits","stepId":"1f67a807-5094-4229-9dd7-7b0a4fb57a1e","condition":null,"nextStep":"9f308715-8ba4-4f99-9280-8e9d29cfdafb","nextAssign":"e36988eb-f206-4fd3-a06c-6a746d30a772","icon":"workflowIcon","roleHierarchyForAssign":true,"order":1,"assignable":true,"commentable":false,"owner":null},{"id":"c9ff3ca8-1d46-4397-8c62-e6d2134ec23d","name":"Publish","stepId":"1f67a807-5094-4229-9dd7-7b0a4fb57a1e","condition":"","nextStep":"5066a6c6-fbb3-4d4b-8b94-3f74d368e126","nextAssign":"654b0931-1027-41f7-ad4d-173115ed8ec1","icon":"publishIcon","roleHierarchyForAssign":false,"order":2,"assignable":false,"commentable":false,"owner":null},{"id":"365d9758-8312-414d-8c1e-b7b0b3df7964","name":"Return for Edits","stepId":"5066a6c6-fbb3-4d4b-8b94-3f74d368e126","condition":null,"nextStep":"c965f6a5-0a4f-4b87-899d-053f84012e5e","nextAssign":"db0d2bca-5da5-4c18-b5d7-87f02ba58eb6","icon":"workflowIcon","roleHierarchyForAssign":true,"order":0,"assignable":true,"commentable":false,"owner":null},{"id":"a15fc339-dbad-4f60-b0ec-3cef2ac080cd","name":"Republish","stepId":"5066a6c6-fbb3-4d4b-8b94-3f74d368e126","condition":"","nextStep":"5066a6c6-fbb3-4d4b-8b94-3f74d368e126","nextAssign":"654b0931-1027-41f7-ad4d-173115ed8ec1","icon":"publishIcon","roleHierarchyForAssign":false,"order":1,"assignable":false,"commentable":false,"owner":null},{"id":"62078964-3ed4-4729-91d3-75e841736905","name":"Archive","stepId":"5066a6c6-fbb3-4d4b-8b94-3f74d368e126","condition":null,"nextStep":"67d43b42-4fea-48b6-a6fd-6bea2d12322e","nextAssign":"654b0931-1027-41f7-ad4d-173115ed8ec1","icon":"archiveIcon","roleHierarchyForAssign":false,"order":2,"assignable":false,"commentable":false,"owner":null},{"id":"4e1efa41-789e-4f63-8e7f-30f5697e53e3","name":"Tweet This!","stepId":"5066a6c6-fbb3-4d4b-8b94-3f74d368e126","condition":"#dotParse(\"//shared/vtl/custom-workflow/twitter.vtl\")","nextStep":"5066a6c6-fbb3-4d4b-8b94-3f74d368e126","nextAssign":"654b0931-1027-41f7-ad4d-173115ed8ec1","icon":"twitterIcon","roleHierarchyForAssign":false,"order":3,"assignable":false,"commentable":false,"owner":null},{"id":"d6cfc127-31e8-47aa-bd5e-77434d06c24f","name":"Reset Workflow","stepId":"67d43b42-4fea-48b6-a6fd-6bea2d12322e","condition":null,"nextStep":"c965f6a5-0a4f-4b87-899d-053f84012e5e","nextAssign":"db0d2bca-5da5-4c18-b5d7-87f02ba58eb6","icon":"resetIcon","roleHierarchyForAssign":false,"order":0,"assignable":false,"commentable":false,"owner":null},{"id":"f2bb86bc-f5e8-470c-8771-0eea77ac46a7","name":"Full Delete","stepId":"67d43b42-4fea-48b6-a6fd-6bea2d12322e","condition":"","nextStep":"67d43b42-4fea-48b6-a6fd-6bea2d12322e","nextAssign":"654b0931-1027-41f7-ad4d-173115ed8ec1","icon":"deleteIcon","roleHierarchyForAssign":false,"order":1,"assignable":false,"commentable":false,"owner":null}],"actionClasses":[{"id":"bb698b02-6abb-484a-ae75-98fe1e11a61c","actionId":"44d4d4cd-c812-49db-adb1-1030be73e69a","name":"Unlock content","order":0,"clazz":"com.dotmarketing.portlets.workflows.actionlet.CheckinContentActionlet","actionlet":{"name":"Unlock content","parameters":null,"nextStep":null,"howTo":"This actionlet will checkin and unlock the content.","localizedName":"Unlock Content","localizedHowto":"com.dotmarketing.portlets.workflows.actionlet.CheckinContentActionlet.howTo"}},{"id":"22d9bc00-1942-4516-8082-3c34c42ec32b","actionId":"44d4d4cd-c812-49db-adb1-1030be73e69a","name":"Notify Assignee","order":1,"clazz":"com.dotmarketing.portlets.workflows.actionlet.NotifyAssigneeActionlet","actionlet":{"name":"Notify Assignee","parameters":[{"displayName":"Email Subject","key":"emailSubject","defaultValue":"","required":false},{"displayName":"Email Message","key":"emailBody","defaultValue":null,"required":false},{"displayName":"Is Html?","key":"isHtml","defaultValue":"true","required":false}],"nextStep":null,"howTo":"This actionlet will send an email to the assignee (or assignees if the next assign is a role).  It uses a default email subject and message, but can be overridden.  Both the subject and message are parsed Velocity, and have access to a $workflow object that gives them $workflow.task, $workflow.nextAssign, $workflow.action, $workflow.step, etc.. ","localizedName":"Notify Assignee","localizedHowto":"com.dotmarketing.portlets.workflows.actionlet.NotifyAssigneeActionlet.howTo"}},{"id":"ece02250-b479-4161-83e0-b59959f958eb","actionId":"f0f370ae-51c6-4be0-b48d-37ee098ca45b","name":"Unlock content","order":0,"clazz":"com.dotmarketing.portlets.workflows.actionlet.CheckinContentActionlet","actionlet":{"name":"Unlock content","parameters":null,"nextStep":null,"howTo":"This actionlet will checkin and unlock the content.","localizedName":"Unlock Content","localizedHowto":"com.dotmarketing.portlets.workflows.actionlet.CheckinContentActionlet.howTo"}},{"id":"f68779ee-a27a-4cae-823e-9aa8b90b4289","actionId":"f0f370ae-51c6-4be0-b48d-37ee098ca45b","name":"Notify Assignee","order":1,"clazz":"com.dotmarketing.portlets.workflows.actionlet.NotifyAssigneeActionlet","actionlet":{"name":"Notify Assignee","parameters":[{"displayName":"Email Subject","key":"emailSubject","defaultValue":"","required":false},{"displayName":"Email Message","key":"emailBody","defaultValue":null,"required":false},{"displayName":"Is Html?","key":"isHtml","defaultValue":"true","required":false}],"nextStep":null,"howTo":"This actionlet will send an email to the assignee (or assignees if the next assign is a role).  It uses a default email subject and message, but can be overridden.  Both the subject and message are parsed Velocity, and have access to a $workflow object that gives them $workflow.task, $workflow.nextAssign, $workflow.action, $workflow.step, etc.. ","localizedName":"Notify Assignee","localizedHowto":"com.dotmarketing.portlets.workflows.actionlet.NotifyAssigneeActionlet.howTo"}},{"id":"6a852ad3-e6d9-497c-83e1-3c42ae880fe6","actionId":"c8a03c24-277a-49a5-b5e0-7f99490a004d","name":"Unlock content","order":0,"clazz":"com.dotmarketing.portlets.workflows.actionlet.CheckinContentActionlet","actionlet":{"name":"Unlock content","parameters":null,"nextStep":null,"howTo":"This actionlet will checkin and unlock the content.","localizedName":"Unlock Content","localizedHowto":"com.dotmarketing.portlets.workflows.actionlet.CheckinContentActionlet.howTo"}},{"id":"0ce1ce6f-6641-4526-8e39-cc7fba237341","actionId":"ced34d22-b1ed-4a6e-a89b-e5f93192cc3f","name":"Unlock content","order":0,"clazz":"com.dotmarketing.portlets.workflows.actionlet.CheckinContentActionlet","actionlet":{"name":"Unlock content","parameters":null,"nextStep":null,"howTo":"This actionlet will checkin and unlock the content.","localizedName":"Unlock Content","localizedHowto":"com.dotmarketing.portlets.workflows.actionlet.CheckinContentActionlet.howTo"}},{"id":"85be8b77-0ca2-4fe2-ba6e-d284eaf7379e","actionId":"ced34d22-b1ed-4a6e-a89b-e5f93192cc3f","name":"Notify Assignee","order":1,"clazz":"com.dotmarketing.portlets.workflows.actionlet.NotifyAssigneeActionlet","actionlet":{"name":"Notify Assignee","parameters":[{"displayName":"Email Subject","key":"emailSubject","defaultValue":"","required":false},{"displayName":"Email Message","key":"emailBody","defaultValue":null,"required":false},{"displayName":"Is Html?","key":"isHtml","defaultValue":"true","required":false}],"nextStep":null,"howTo":"This actionlet will send an email to the assignee (or assignees if the next assign is a role).  It uses a default email subject and message, but can be overridden.  Both the subject and message are parsed Velocity, and have access to a $workflow object that gives them $workflow.task, $workflow.nextAssign, $workflow.action, $workflow.step, etc.. ","localizedName":"Notify Assignee","localizedHowto":"com.dotmarketing.portlets.workflows.actionlet.NotifyAssigneeActionlet.howTo"}},{"id":"22443b12-b301-48a4-99e2-279f54f886c0","actionId":"808a2c19-84f1-4f49-a91d-c610714c370d","name":"Notify Assignee","order":0,"clazz":"com.dotmarketing.portlets.workflows.actionlet.NotifyAssigneeActionlet","actionlet":{"name":"Notify Assignee","parameters":[{"displayName":"Email Subject","key":"emailSubject","defaultValue":"","required":false},{"displayName":"Email Message","key":"emailBody","defaultValue":null,"required":false},{"displayName":"Is Html?","key":"isHtml","defaultValue":"true","required":false}],"nextStep":null,"howTo":"This actionlet will send an email to the assignee (or assignees if the next assign is a role).  It uses a default email subject and message, but can be overridden.  Both the subject and message are parsed Velocity, and have access to a $workflow object that gives them $workflow.task, $workflow.nextAssign, $workflow.action, $workflow.step, etc.. ","localizedName":"Notify Assignee","localizedHowto":"com.dotmarketing.portlets.workflows.actionlet.NotifyAssigneeActionlet.howTo"}},{"id":"8f415a1c-87ea-424f-a267-87189fada8b7","actionId":"808a2c19-84f1-4f49-a91d-c610714c370d","name":"Unlock content","order":1,"clazz":"com.dotmarketing.portlets.workflows.actionlet.CheckinContentActionlet","actionlet":{"name":"Unlock content","parameters":null,"nextStep":null,"howTo":"This actionlet will checkin and unlock the content.","localizedName":"Unlock Content","localizedHowto":"com.dotmarketing.portlets.workflows.actionlet.CheckinContentActionlet.howTo"}},{"id":"e5688d8e-39af-4f64-b2ca-f26c40f8ee0e","actionId":"7d6aba45-a53d-4b81-a598-e2fd4207efb4","name":"Notify Assignee","order":0,"clazz":"com.dotmarketing.portlets.workflows.actionlet.NotifyAssigneeActionlet","actionlet":{"name":"Notify Assignee","parameters":[{"displayName":"Email Subject","key":"emailSubject","defaultValue":"","required":false},{"displayName":"Email Message","key":"emailBody","defaultValue":null,"required":false},{"displayName":"Is Html?","key":"isHtml","defaultValue":"true","required":false}],"nextStep":null,"howTo":"This actionlet will send an email to the assignee (or assignees if the next assign is a role).  It uses a default email subject and message, but can be overridden.  Both the subject and message are parsed Velocity, and have access to a $workflow object that gives them $workflow.task, $workflow.nextAssign, $workflow.action, $workflow.step, etc.. ","localizedName":"Notify Assignee","localizedHowto":"com.dotmarketing.portlets.workflows.actionlet.NotifyAssigneeActionlet.howTo"}},{"id":"8d1c9191-a331-4014-874a-cd3d1c751213","actionId":"7d6aba45-a53d-4b81-a598-e2fd4207efb4","name":"Unlock content","order":1,"clazz":"com.dotmarketing.portlets.workflows.actionlet.CheckinContentActionlet","actionlet":{"name":"Unlock content","parameters":null,"nextStep":null,"howTo":"This actionlet will checkin and unlock the content.","localizedName":"Unlock Content","localizedHowto":"com.dotmarketing.portlets.workflows.actionlet.CheckinContentActionlet.howTo"}},{"id":"1684e600-ba09-479a-b454-1fdd62fad376","actionId":"659751a5-a5e3-40ed-a799-e3aa7a83dfd8","name":"Publish content","order":0,"clazz":"com.dotmarketing.portlets.workflows.actionlet.PublishContentActionlet","actionlet":{"name":"Publish content","parameters":null,"nextStep":null,"howTo":"This actionlet will publish the content.","localizedName":"Publish Content","localizedHowto":"com.dotmarketing.portlets.workflows.actionlet.PublishContentActionlet.howTo"}},{"id":"577ba5fc-af99-4151-ba16-6a730abf55d0","actionId":"659751a5-a5e3-40ed-a799-e3aa7a83dfd8","name":"Unlock content","order":1,"clazz":"com.dotmarketing.portlets.workflows.actionlet.CheckinContentActionlet","actionlet":{"name":"Unlock content","parameters":null,"nextStep":null,"howTo":"This actionlet will checkin and unlock the content.","localizedName":"Unlock Content","localizedHowto":"com.dotmarketing.portlets.workflows.actionlet.CheckinContentActionlet.howTo"}},{"id":"46e6a36b-e1f9-4af0-aa05-d2331bc2a39f","actionId":"edff488f-b973-4ae1-bcae-82d27af64b05","name":"Notify Assignee","order":0,"clazz":"com.dotmarketing.portlets.workflows.actionlet.NotifyAssigneeActionlet","actionlet":{"name":"Notify Assignee","parameters":[{"displayName":"Email Subject","key":"emailSubject","defaultValue":"","required":false},{"displayName":"Email Message","key":"emailBody","defaultValue":null,"required":false},{"displayName":"Is Html?","key":"isHtml","defaultValue":"true","required":false}],"nextStep":null,"howTo":"This actionlet will send an email to the assignee (or assignees if the next assign is a role).  It uses a default email subject and message, but can be overridden.  Both the subject and message are parsed Velocity, and have access to a $workflow object that gives them $workflow.task, $workflow.nextAssign, $workflow.action, $workflow.step, etc.. ","localizedName":"Notify Assignee","localizedHowto":"com.dotmarketing.portlets.workflows.actionlet.NotifyAssigneeActionlet.howTo"}},{"id":"d0b03b80-c86b-4dce-bc3c-f200da13c48d","actionId":"edff488f-b973-4ae1-bcae-82d27af64b05","name":"Unlock content","order":1,"clazz":"com.dotmarketing.portlets.workflows.actionlet.CheckinContentActionlet","actionlet":{"name":"Unlock content","parameters":null,"nextStep":null,"howTo":"This actionlet will checkin and unlock the content.","localizedName":"Unlock Content","localizedHowto":"com.dotmarketing.portlets.workflows.actionlet.CheckinContentActionlet.howTo"}},{"id":"a540cc58-a799-4d9b-b37d-9bbe26899e6c","actionId":"ba74c14e-8019-482d-85cb-e6f9d39bdfdd","name":"Notify Assignee","order":0,"clazz":"com.dotmarketing.portlets.workflows.actionlet.NotifyAssigneeActionlet","actionlet":{"name":"Notify Assignee","parameters":[{"displayName":"Email Subject","key":"emailSubject","defaultValue":"","required":false},{"displayName":"Email Message","key":"emailBody","defaultValue":null,"required":false},{"displayName":"Is Html?","key":"isHtml","defaultValue":"true","required":false}],"nextStep":null,"howTo":"This actionlet will send an email to the assignee (or assignees if the next assign is a role).  It uses a default email subject and message, but can be overridden.  Both the subject and message are parsed Velocity, and have access to a $workflow object that gives them $workflow.task, $workflow.nextAssign, $workflow.action, $workflow.step, etc.. ","localizedName":"Notify Assignee","localizedHowto":"com.dotmarketing.portlets.workflows.actionlet.NotifyAssigneeActionlet.howTo"}},{"id":"8154cbec-ebb7-424d-804e-27721752d9fa","actionId":"ba74c14e-8019-482d-85cb-e6f9d39bdfdd","name":"Unlock content","order":1,"clazz":"com.dotmarketing.portlets.workflows.actionlet.CheckinContentActionlet","actionlet":{"name":"Unlock content","parameters":null,"nextStep":null,"howTo":"This actionlet will checkin and unlock the content.","localizedName":"Unlock Content","localizedHowto":"com.dotmarketing.portlets.workflows.actionlet.CheckinContentActionlet.howTo"}},{"id":"52e6f8e5-ac05-4a33-af6f-37915ab9f34f","actionId":"41ab99b4-2779-46a8-a717-b099b57e3299","name":"Publish content","order":0,"clazz":"com.dotmarketing.portlets.workflows.actionlet.PublishContentActionlet","actionlet":{"name":"Publish content","parameters":null,"nextStep":null,"howTo":"This actionlet will publish the content.","localizedName":"Publish Content","localizedHowto":"com.dotmarketing.portlets.workflows.actionlet.PublishContentActionlet.howTo"}},{"id":"3bbe1ffa-f1f1-4d8e-ae4c-8383b565f4fb","actionId":"41ab99b4-2779-46a8-a717-b099b57e3299","name":"Unlock content","order":1,"clazz":"com.dotmarketing.portlets.workflows.actionlet.CheckinContentActionlet","actionlet":{"name":"Unlock content","parameters":null,"nextStep":null,"howTo":"This actionlet will checkin and unlock the content.","localizedName":"Unlock Content","localizedHowto":"com.dotmarketing.portlets.workflows.actionlet.CheckinContentActionlet.howTo"}},{"id":"b864104e-ac0a-4c04-ad93-30530fa7319e","actionId":"64fa7b51-bfc4-4686-8775-70a8cd44aee7","name":"Notify Assignee","order":0,"clazz":"com.dotmarketing.portlets.workflows.actionlet.NotifyAssigneeActionlet","actionlet":{"name":"Notify Assignee","parameters":[{"displayName":"Email Subject","key":"emailSubject","defaultValue":"","required":false},{"displayName":"Email Message","key":"emailBody","defaultValue":null,"required":false},{"displayName":"Is Html?","key":"isHtml","defaultValue":"true","required":false}],"nextStep":null,"howTo":"This actionlet will send an email to the assignee (or assignees if the next assign is a role).  It uses a default email subject and message, but can be overridden.  Both the subject and message are parsed Velocity, and have access to a $workflow object that gives them $workflow.task, $workflow.nextAssign, $workflow.action, $workflow.step, etc.. ","localizedName":"Notify Assignee","localizedHowto":"com.dotmarketing.portlets.workflows.actionlet.NotifyAssigneeActionlet.howTo"}},{"id":"c0f94436-1554-43f6-88a5-98b1b6c5aef6","actionId":"64fa7b51-bfc4-4686-8775-70a8cd44aee7","name":"Unlock content","order":1,"clazz":"com.dotmarketing.portlets.workflows.actionlet.CheckinContentActionlet","actionlet":{"name":"Unlock content","parameters":null,"nextStep":null,"howTo":"This actionlet will checkin and unlock the content.","localizedName":"Unlock Content","localizedHowto":"com.dotmarketing.portlets.workflows.actionlet.CheckinContentActionlet.howTo"}},{"id":"1182ec09-77fd-49c9-b03b-2fc03f7eaf17","actionId":"c9ff3ca8-1d46-4397-8c62-e6d2134ec23d","name":"Publish content","order":0,"clazz":"com.dotmarketing.portlets.workflows.actionlet.PublishContentActionlet","actionlet":{"name":"Publish content","parameters":null,"nextStep":null,"howTo":"This actionlet will publish the content.","localizedName":"Publish Content","localizedHowto":"com.dotmarketing.portlets.workflows.actionlet.PublishContentActionlet.howTo"}},{"id":"72453945-72d9-4f02-9448-90695fba7946","actionId":"c9ff3ca8-1d46-4397-8c62-e6d2134ec23d","name":"Unlock content","order":1,"clazz":"com.dotmarketing.portlets.workflows.actionlet.CheckinContentActionlet","actionlet":{"name":"Unlock content","parameters":null,"nextStep":null,"howTo":"This actionlet will checkin and unlock the content.","localizedName":"Unlock Content","localizedHowto":"com.dotmarketing.portlets.workflows.actionlet.CheckinContentActionlet.howTo"}},{"id":"0aaefa4d-0c57-4472-b962-fe4ac7933df1","actionId":"365d9758-8312-414d-8c1e-b7b0b3df7964","name":"Notify Assignee","order":0,"clazz":"com.dotmarketing.portlets.workflows.actionlet.NotifyAssigneeActionlet","actionlet":{"name":"Notify Assignee","parameters":[{"displayName":"Email Subject","key":"emailSubject","defaultValue":"","required":false},{"displayName":"Email Message","key":"emailBody","defaultValue":null,"required":false},{"displayName":"Is Html?","key":"isHtml","defaultValue":"true","required":false}],"nextStep":null,"howTo":"This actionlet will send an email to the assignee (or assignees if the next assign is a role).  It uses a default email subject and message, but can be overridden.  Both the subject and message are parsed Velocity, and have access to a $workflow object that gives them $workflow.task, $workflow.nextAssign, $workflow.action, $workflow.step, etc.. ","localizedName":"Notify Assignee","localizedHowto":"com.dotmarketing.portlets.workflows.actionlet.NotifyAssigneeActionlet.howTo"}},{"id":"a2e60925-3645-4ad6-a396-a767e6cc17f1","actionId":"365d9758-8312-414d-8c1e-b7b0b3df7964","name":"Unlock content","order":1,"clazz":"com.dotmarketing.portlets.workflows.actionlet.CheckinContentActionlet","actionlet":{"name":"Unlock content","parameters":null,"nextStep":null,"howTo":"This actionlet will checkin and unlock the content.","localizedName":"Unlock Content","localizedHowto":"com.dotmarketing.portlets.workflows.actionlet.CheckinContentActionlet.howTo"}},{"id":"1c435562-c969-4c87-b28a-a415bdc20ab3","actionId":"a15fc339-dbad-4f60-b0ec-3cef2ac080cd","name":"Publish content","order":0,"clazz":"com.dotmarketing.portlets.workflows.actionlet.PublishContentActionlet","actionlet":{"name":"Publish content","parameters":null,"nextStep":null,"howTo":"This actionlet will publish the content.","localizedName":"Publish Content","localizedHowto":"com.dotmarketing.portlets.workflows.actionlet.PublishContentActionlet.howTo"}},{"id":"484a8a22-41bd-4478-81fb-7f8eae795a48","actionId":"a15fc339-dbad-4f60-b0ec-3cef2ac080cd","name":"Unlock content","order":1,"clazz":"com.dotmarketing.portlets.workflows.actionlet.CheckinContentActionlet","actionlet":{"name":"Unlock content","parameters":null,"nextStep":null,"howTo":"This actionlet will checkin and unlock the content.","localizedName":"Unlock Content","localizedHowto":"com.dotmarketing.portlets.workflows.actionlet.CheckinContentActionlet.howTo"}},{"id":"cabaeef1-0093-4e9d-842f-7dea3ed5e656","actionId":"62078964-3ed4-4729-91d3-75e841736905","name":"Unlock content","order":0,"clazz":"com.dotmarketing.portlets.workflows.actionlet.CheckinContentActionlet","actionlet":{"name":"Unlock content","parameters":null,"nextStep":null,"howTo":"This actionlet will checkin and unlock the content.","localizedName":"Unlock Content","localizedHowto":"com.dotmarketing.portlets.workflows.actionlet.CheckinContentActionlet.howTo"}},{"id":"d80c2376-a75d-4a33-98fc-5eaf9303610d","actionId":"62078964-3ed4-4729-91d3-75e841736905","name":"Unpublish content","order":1,"clazz":"com.dotmarketing.portlets.workflows.actionlet.UnpublishContentActionlet","actionlet":{"name":"Unpublish content","parameters":null,"nextStep":null,"howTo":"This actionlet will unpublish the content.","localizedName":"Unpublish Content","localizedHowto":"com.dotmarketing.portlets.workflows.actionlet.UnpublishContentActionlet.howTo"}},{"id":"633ce200-04dc-4f12-8229-36d0a57c4478","actionId":"62078964-3ed4-4729-91d3-75e841736905","name":"Archive content","order":2,"clazz":"com.dotmarketing.portlets.workflows.actionlet.ArchiveContentActionlet","actionlet":{"name":"Archive content","parameters":null,"howTo":"This actionlet will archive the content.","localizedName":"Archive Content","localizedHowto":"com.dotmarketing.portlets.workflows.actionlet.ArchiveContentActionlet.howTo"}},{"id":"c7baac26-2b2d-438d-9f9f-71b6a6de12c1","actionId":"4e1efa41-789e-4f63-8e7f-30f5697e53e3","name":"Twitter Status Update","order":0,"clazz":"com.dotmarketing.portlets.workflows.actionlet.TwitterActionlet","actionlet":{"name":"Twitter Status Update","parameters":[{"displayName":"Consumer Key","key":"consumerKey","defaultValue":null,"required":true},{"displayName":"Consumer Secret","key":"consumerSecret","defaultValue":null,"required":true},{"displayName":"Access Token","key":"accessToken","defaultValue":null,"required":true},{"displayName":"Access Token Secret","key":"accessTokenSecret","defaultValue":null,"required":true},{"displayName":"Field to Post","key":"fieldVar","defaultValue":null,"required":false}],"nextStep":null,"howTo":"This actionlet posts the value of a field or the workflow comments to twitter.  If the \"Field to Post\" is set to the velocity variable of field on the contentlet, the system will post the value in that field to twitter, otherwise, it will post the comments entered into the workflow comment box to twitter.  To get an access token for twittering, see: <a href='https://dev.twitter.com/apps' target='_blank'>https://dev.twitter.com/apps</a> and create a new dotCMS application","localizedName":"Twitter Status Update","localizedHowto":"com.dotmarketing.portlets.workflows.actionlet.TwitterActionlet.howTo"}},{"id":"32270d2a-a3cd-4b83-92b6-940938d01b65","actionId":"d6cfc127-31e8-47aa-bd5e-77434d06c24f","name":"Notify Assignee","order":0,"clazz":"com.dotmarketing.portlets.workflows.actionlet.NotifyAssigneeActionlet","actionlet":{"name":"Notify Assignee","parameters":[{"displayName":"Email Subject","key":"emailSubject","defaultValue":"","required":false},{"displayName":"Email Message","key":"emailBody","defaultValue":null,"required":false},{"displayName":"Is Html?","key":"isHtml","defaultValue":"true","required":false}],"nextStep":null,"howTo":"This actionlet will send an email to the assignee (or assignees if the next assign is a role).  It uses a default email subject and message, but can be overridden.  Both the subject and message are parsed Velocity, and have access to a $workflow object that gives them $workflow.task, $workflow.nextAssign, $workflow.action, $workflow.step, etc.. ","localizedName":"Notify Assignee","localizedHowto":"com.dotmarketing.portlets.workflows.actionlet.NotifyAssigneeActionlet.howTo"}},{"id":"2293907d-0f04-46db-8df4-1c03238b369b","actionId":"d6cfc127-31e8-47aa-bd5e-77434d06c24f","name":"Unlock content","order":1,"clazz":"com.dotmarketing.portlets.workflows.actionlet.CheckinContentActionlet","actionlet":{"name":"Unlock content","parameters":null,"nextStep":null,"howTo":"This actionlet will checkin and unlock the content.","localizedName":"Unlock Content","localizedHowto":"com.dotmarketing.portlets.workflows.actionlet.CheckinContentActionlet.howTo"}},{"id":"9bf764a7-f124-42db-bde7-02a2faa1306e","actionId":"d6cfc127-31e8-47aa-bd5e-77434d06c24f","name":"Unarchive content","order":2,"clazz":"com.dotmarketing.portlets.workflows.actionlet.UnarchiveContentActionlet","actionlet":{"name":"Unarchive content","parameters":null,"nextStep":null,"howTo":"This actionlet will un archive the content and return it to a working state","localizedName":"Unarchive Content","localizedHowto":"com.dotmarketing.portlets.workflows.actionlet.UnarchiveContentActionlet.howTo"}},{"id":"44c1fbc3-ccaf-45c2-9fc2-1649587e5174","actionId":"f2bb86bc-f5e8-470c-8771-0eea77ac46a7","name":"Unlock content","order":0,"clazz":"com.dotmarketing.portlets.workflows.actionlet.CheckinContentActionlet","actionlet":{"name":"Unlock content","parameters":null,"nextStep":null,"howTo":"This actionlet will checkin and unlock the content.","localizedName":"Unlock Content","localizedHowto":"com.dotmarketing.portlets.workflows.actionlet.CheckinContentActionlet.howTo"}},{"id":"752a57af-7e53-42a7-b4a9-e20114e7a623","actionId":"f2bb86bc-f5e8-470c-8771-0eea77ac46a7","name":"Delete content","order":1,"clazz":"com.dotmarketing.portlets.workflows.actionlet.DeleteContentActionlet","actionlet":{"name":"Delete content","parameters":null,"howTo":"This action will delete the content. Warning: this can't be undone!","localizedName":"Delete content","localizedHowto":"com.dotmarketing.portlets.workflows.actionlet.DeleteContentActionlet.howTo"}},{"id":"61554966-97d8-43ca-9da8-410f2573e108","actionId":"f2bb86bc-f5e8-470c-8771-0eea77ac46a7","name":"Reset Workflow","order":2,"clazz":"com.dotmarketing.portlets.workflows.actionlet.ResetTaskActionlet","actionlet":{"name":"Reset Workflow","parameters":null,"howTo":"This actionlet will complety delete all workflow task information, including history for the content item and reset the content items workflow state.  It will also STOP all further subaction processing","localizedName":"Reset Workflow","localizedHowto":"com.dotmarketing.portlets.workflows.actionlet.ResetTaskActionlet.howTo"}}],"actionClassParams":[{"id":"6c2046ed-24cd-460b-a6c3-db2e8847fc3a","actionClassId":"c7baac26-2b2d-438d-9f9f-71b6a6de12c1","key":"fieldVar","value":null},{"id":"35f169b2-553f-4a6f-bc22-a5d5779d4a1e","actionClassId":"c7baac26-2b2d-438d-9f9f-71b6a6de12c1","key":"accessTokenSecret","value":"yG4oTEBJh5m9YNndCTxWLw45oYSHLJthsUpZWmsUG4"},{"id":"80ffdb0d-caae-4c3b-a61f-86adedcb54e1","actionClassId":"c7baac26-2b2d-438d-9f9f-71b6a6de12c1","key":"accessToken","value":"490498779-rkGNzVpJQzgCowhn2EXWQeNoQKr2RCCD07F13vRf"},{"id":"96750765-bfc6-48ab-bdbf-35ea667d0c47","actionClassId":"c7baac26-2b2d-438d-9f9f-71b6a6de12c1","key":"consumerSecret","value":"8uJncPHjs2q3UsBnqbQxqm6EK8bZlnEOKNXADnqZJY"},{"id":"5cf7dfc4-de88-44db-8d2f-56ad3583f7f4","actionClassId":"c7baac26-2b2d-438d-9f9f-71b6a6de12c1","key":"consumerKey","value":"t1Azk3HMu0l2w6bQkfVHsA"}],"workflowStructures":[{"id":"9a6c3be0-5a33-4d01-a944-4d5aaa8a0690","structure_id":"d8262b9f-84ea-46f9-88c4-0c8959271d67","oddoreven":"0","scheme_id":"77a9bf3f-a402-4c56-9b1f-1050b9d345dc","rownumber":"0"}]}