[ {
  "id" : "09d4933d-e7b2-48da-b826-778fe0f1bfcf",
  "creationDate" : "2021-06-14T21:32:16.947+00:00",
  "modDate" : "2021-06-14T21:32:16.948+00:00",
  "dueDate" : null,
  "createdBy" : "2adccac3-a56b-4078-be40-94e343f20712",
  "assignedTo" : "2adccac3-a56b-4078-be40-94e343f20712",
  "belongsTo" : null,
  "title" : "company_logo.png",
  "description" : null,
  "status" : "dc3c9cd0-8467-404b-bf95-cb7df3fbc293",
  "webasset" : "a083e942-5fb0-47ef-9619-6f8f40593474",
  "languageId" : 1,
  "new" : false,
  "inode" : "09d4933d-e7b2-48da-b826-778fe0f1bfcf"
} ]