[ {
  "id" : "2df9f117-b140-44bf-93d7-5b10a36fb7f9",
  "name" : "Getting Started",
  "description" : "whatshot",
  "tabOrder" : -320000,
  "portletIds" : [ ]
}, {
  "id" : "30ae4683-2452-4715-afde-46b50a1271a5",
  "name" : "CMS Admin",
  "description" : "Permissions & Maintenance",
  "tabOrder" : 0,
  "portletIds" : [ ]
}, {
  "id" : "56fedb43-dbbf-4ce2-8b77-41fb73bad015",
  "name" : "Schema",
  "description" : "event_note",
  "tabOrder" : 5,
  "portletIds" : [ ]
}, {
  "id" : "5e23353d-76a1-4783-b94f-218adbfeba83",
  "name" : "Publishing",
  "description" : "cloud_upload",
  "tabOrder" : 5,
  "portletIds" : [ ]
}, {
  "id" : "71b8a1ca-37b6-4b6e-a43b-c7482f28db6c",
  "name" : "Content",
  "description" : "format_align_left",
  "tabOrder" : 3,
  "portletIds" : [ ]
}, {
  "id" : "89594b95-1354-4a63-8867-c922880107df",
  "name" : "Marketing",
  "description" : "filter_center_focus",
  "tabOrder" : 4,
  "portletIds" : [ ]
}, {
  "id" : "8beec8db-dc13-4d90-9046-33eadb63c60d",
  "name" : "Digital Assets",
  "description" : "web_asset",
  "tabOrder" : 4,
  "portletIds" : [ ]
}, {
  "id" : "931f0b26-92c1-420b-8fbf-e48089040921",
  "name" : "Site Editor",
  "description" : "dns",
  "tabOrder" : 1,
  "portletIds" : [ ]
}, {
  "id" : "a8e430e3-8010-40cf-ade1-5978e61241a8",
  "name" : "System",
  "description" : "settings",
  "tabOrder" : 100,
  "portletIds" : [ ]
}, {
  "id" : "aa91172e-0fa6-482e-9a8b-1c202c7fca0e",
  "name" : "Developers",
  "description" : "settings_ethernet",
  "tabOrder" : 6,
  "portletIds" : [ ]
}, {
  "id" : "b7ab5d3c-5ee0-4195-a17e-8f5579d718dd",
  "name" : "Site Manager",
  "description" : "dns",
  "tabOrder" : 2,
  "portletIds" : [ ]
} ]