[ {
  "identifier" : "SYSTEM_FOLDER",
  "name" : "system folder",
  "sortOrder" : 0,
  "showOnMenu" : false,
  "hostId" : "SYSTEM_HOST",
  "type" : "folder",
  "title" : "System folder",
  "filesMasks" : "",
  "defaultFileType" : "33888b6f-7a8e-4069-b1b6-5c1aa9d0a48d",
  "modDate" : "2017-03-07T13:25:58.000+00:00",
  "owner" : "system",
  "inode" : "SYSTEM_FOLDER",
  "path" : "/",
  "host" : {
    "lowIndexPriority" : false,
    "variantId" : "DEFAULT",
    "default" : false,
    "name" : "System Host",
    "aliases" : "",
    "hostname" : "System Host",
    "inode" : "dbdec5e2-c02b-4cfb-83a9-4a4c4f3b2eb0",
    "parent" : true,
    "tagStorage" : "SYSTEM_HOST",
    "systemHost" : true,
    "hostThumbnail" : null,
    "structureInode" : "855a2d72-f2f3-4169-8b04-ac5157c4380c",
    "owner" : "system",
    "permissionId" : "SYSTEM_HOST",
    "permissionType" : "com.dotmarketing.portlets.contentlet.model.Contentlet",
    "type" : "contentlet",
    "identifier" : "SYSTEM_HOST",
    "modDate" : "2023-05-25T21:56:50.282+00:00",
    "host" : "SYSTEM_HOST",
    "new" : false,
    "title" : "System Host",
    "locked" : false,
    "languageId" : 1,
    "live" : true,
    "archived" : false,
    "folder" : "SYSTEM_FOLDER",
    "sortOrder" : 0,
    "modUser" : "system",
    "fileAsset" : false,
    "form" : false,
    "contentTypeId" : "855a2d72-f2f3-4169-8b04-ac5157c4380c",
    "languageVariable" : false,
    "indexPolicyDependencies" : "DEFER",
    "htmlpage" : false,
    "vanityUrl" : false,
    "working" : true,
    "keyValue" : false,
    "categoryId" : "dbdec5e2-c02b-4cfb-83a9-4a4c4f3b2eb0",
    "versionId" : "SYSTEM_HOST",
    "titleImage" : null,
    "dotAsset" : false,
    "persona" : false
  },
  "parent" : true,
  "map" : {
    "owner" : "system",
    "identifier" : "SYSTEM_FOLDER",
    "filesMasks" : "",
    "modDate" : "2017-03-07T13:25:58.000+00:00",
    "hostId" : "SYSTEM_HOST",
    "type" : "folder",
    "title" : "System folder",
    "showOnMenu" : false,
    "inode" : "SYSTEM_FOLDER",
    "path" : "/",
    "defaultFileType" : "33888b6f-7a8e-4069-b1b6-5c1aa9d0a48d",
    "sortOrder" : 0,
    "name" : "system folder",
    "iDate" : "2009-10-08T16:27:18.000+00:00"
  },
  "idate" : "2009-10-08T16:27:18.000+00:00",
  "systemFolder" : true,
  "permissionType" : "com.dotmarketing.portlets.folders.model.Folder"
} ]